month,district,padd,capacity_kbcd,utilization_pct,ref_util,dev,us_dev,idio_dev,outage,severity
1985-01-01,2A,P2,2252.0,77.2,,,,,,0.0
1985-02-01,2A,P2,2265.0,74.0,,,,,,0.0
1985-03-01,2A,P2,2282.0,71.1,,,,,,0.0
1985-04-01,2A,P2,2282.0,75.0,,,,,,0.0
1985-05-01,2A,P2,2282.0,75.8,,,,,,0.0
1985-06-01,2A,P2,2282.0,79.6,,,,,,0.0
1985-07-01,2A,P2,2282.0,82.6,,,,,,0.0
1985-08-01,2A,P2,2282.0,83.7,,,,,,0.0
1985-09-01,2A,P2,2282.0,81.9,,,,,,0.0
1985-10-01,2A,P2,2282.0,77.2,,,,,,0.0
1985-11-01,2A,P2,2279.0,80.2,,,,,,0.0
1985-12-01,2A,P2,2282.0,78.1,,,,,,0.0
1986-01-01,2A,P2,2192.0,82.9,77.65,5.25,3.3794184225918826,1.8705815774081174,0.0,0.0
1986-02-01,2A,P2,2217.0,75.4,78.85,-3.4499999999999886,-0.5297312694749365,-2.920268730525052,0.0,0.0
1986-03-01,2A,P2,2217.0,77.2,78.85,-1.6499999999999915,-2.532202086595561,0.8822020865955693,0.0,0.0
1986-04-01,2A,P2,2217.0,80.6,78.85,1.75,3.0102177084676924,-1.2602177084676924,0.0,0.0
1986-05-01,2A,P2,2217.0,86.2,79.9,6.299999999999997,7.057715632446346,-0.7577156324463488,0.0,0.0
1986-06-01,2A,P2,2198.0,86.6,80.4,6.199999999999989,6.515430974419743,-0.31543097441975476,0.0,0.0
1986-07-01,2A,P2,2198.0,87.4,81.25,6.150000000000006,3.5399241831872246,2.610075816812781,0.0,0.0
1986-08-01,2A,P2,2153.0,91.1,81.25,9.849999999999994,6.077403834738362,3.772596165261632,0.0,0.0
1986-09-01,2A,P2,2153.0,87.1,81.25,5.849999999999994,4.1589583429821175,1.6910416570178768,0.0,0.0
1986-10-01,2A,P2,2153.0,86.3,81.75,4.549999999999997,1.4049025435373892,3.145097456462608,0.0,0.0
1986-11-01,2A,P2,2153.0,88.8,84.55000000000001,4.249999999999986,1.79466009831512,2.455339901684866,0.0,0.0
1986-12-01,2A,P2,2153.0,89.3,86.25,3.049999999999997,0.4101450931230204,2.6398549068769768,0.0,0.0
1987-01-01,2A,P2,2235.0,84.2,86.44999999999999,-2.249999999999986,-2.064585173255125,-0.18541482674486076,0.0,0.0
1987-02-01,2A,P2,2235.0,84.0,86.44999999999999,-2.4499999999999886,-3.913662311452697,1.4636623114527083,0.0,0.0
1987-03-01,2A,P2,2235.0,81.0,86.44999999999999,-5.449999999999989,-5.172055282045164,-0.2779447179548242,0.0,0.0
1987-04-01,2A,P2,2235.0,87.3,86.44999999999999,0.8500000000000085,-2.6330799574459434,3.483079957445952,0.0,0.0
1987-05-01,2A,P2,2235.0,85.7,86.85,-1.1499999999999915,-1.2674924967919878,0.11749249679199636,0.0,0.0
1987-06-01,2A,P2,2235.0,87.4,86.85,0.5500000000000114,2.1091823788544275,-1.5591823788544161,0.0,0.0
1987-07-01,2A,P2,2235.0,90.5,87.19999999999999,3.3000000000000114,3.4699698314957175,-0.1699698314957061,0.0,0.0
1987-08-01,2A,P2,2235.0,91.1,87.19999999999999,3.9000000000000057,3.4847209843049995,0.41527901569500614,0.0,0.0
1987-09-01,2A,P2,2235.0,89.1,87.19999999999999,1.9000000000000057,2.225835224158331,-0.32583522415832533,0.0,0.0
1987-10-01,2A,P2,2235.0,86.1,87.35,-1.25,-0.5397043148731768,-0.7102956851268232,0.0,0.0
1987-11-01,2A,P2,2235.0,87.5,87.35,0.15000000000000568,-0.9557356888449817,1.1057356888449874,0.0,0.0
1987-12-01,2A,P2,2235.0,85.7,87.35,-1.6499999999999915,1.2892766318278603,-2.939276631827852,0.0,0.0
1988-01-01,2A,P2,2235.0,83.6,86.69999999999999,-3.0999999999999943,0.15671516336347224,-3.2567151633634666,0.0,0.0
1988-02-01,2A,P2,2233.0,85.3,86.69999999999999,-1.3999999999999915,-1.8875332356537342,0.48753323565374274,0.0,0.0
1988-03-01,2A,P2,2229.0,88.1,86.69999999999999,1.4000000000000057,0.5893341572292883,0.8106658427707174,0.0,0.0
1988-04-01,2A,P2,2229.0,87.1,87.35,-0.25,0.9483000846020104,-1.1983000846020104,0.0,0.0
1988-05-01,2A,P2,2249.0,86.5,87.25,-0.75,2.103784141442702,-2.853784141442702,0.0,0.0
1988-06-01,2A,P2,2249.0,88.0,87.25,0.75,2.093638832375845,-1.343638832375845,0.0,0.0
1988-07-01,2A,P2,2253.0,88.6,87.3,1.2999999999999972,2.5434321048283692,-1.243432104828372,0.0,0.0
1988-08-01,2A,P2,2253.0,91.8,87.3,4.5,3.4706222289040767,1.0293777710959233,0.0,0.0
1988-09-01,2A,P2,2253.0,85.8,87.3,-1.5,-0.31863037031827446,-1.1813696296817255,0.0,0.0
1988-10-01,2A,P2,2253.0,83.5,86.8,-3.299999999999997,-0.35992451597084596,-2.940075484029151,0.0,0.0
1988-11-01,2A,P2,2253.0,86.7,86.8,-0.09999999999999432,0.16059517060720907,-0.2605951706072034,0.0,0.0
1988-12-01,2A,P2,2253.0,88.9,86.6,2.3000000000000114,1.2065172554753048,1.0934827445247066,0.0,0.0
1989-01-01,2A,P2,2195.0,90.4,86.9,3.5,2.269736984831198,1.230263015168802,0.0,0.0
1989-02-01,2A,P2,2195.0,89.0,87.55,1.4500000000000028,-1.7612451867868089,3.2112451867868117,0.0,0.0
1989-03-01,2A,P2,2193.0,86.6,88.05,-1.4500000000000028,-0.7554049041973059,-0.694595095802697,0.0,0.0
1989-04-01,2A,P2,2193.0,85.4,87.55,-2.1499999999999915,-0.9020813561787691,-1.2479186438212224,0.0,0.0
1989-05-01,2A,P2,2193.0,83.8,87.35,-3.549999999999997,1.9151160375523801,-5.465116037552377,0.0,0.0
1989-06-01,2A,P2,2193.0,92.0,87.35,4.650000000000006,5.085430950566874,-0.4354309505668681,0.0,0.0
1989-07-01,2A,P2,2193.0,92.7,87.65,5.049999999999997,4.378163434643298,0.6718365653566991,0.0,0.0
1989-08-01,2A,P2,2193.0,94.4,87.80000000000001,6.599999999999994,4.757523564335017,1.8424764356649774,0.0,0.0
1989-09-01,2A,P2,2193.0,91.7,87.80000000000001,3.8999999999999915,3.881265936515888,0.018734063484103558,0.0,0.0
1989-10-01,2A,P2,2193.0,77.2,88.95,-11.75,0.3897879640323083,-12.139787964032308,1.0,0.13209668353007306
1989-11-01,2A,P2,2193.0,83.1,88.95,-5.8500000000000085,-0.03257487330654385,-5.817425126693465,0.0,0.0
1989-12-01,2A,P2,2195.0,90.4,88.95,1.4500000000000028,-2.1720284790656734,3.6220284790656763,0.0,0.0
1990-01-01,2A,P2,2194.0,89.0,89.7,-0.7000000000000028,1.581614951387479,-2.281614951387482,0.0,0.0
1990-02-01,2A,P2,2194.0,91.0,89.0,2.0,1.6187697258800853,0.3812302741199147,0.0,0.0
1990-03-01,2A,P2,2194.0,88.3,89.7,-1.4000000000000057,-3.1699083007276982,1.7699083007276926,0.0,0.0
1990-04-01,2A,P2,2194.0,90.4,89.7,0.7000000000000028,-2.0899185689859365,2.7899185689859394,0.0,0.0
1990-05-01,2A,P2,2194.0,91.9,90.4,1.5,0.004042411632724452,1.4959575883672755,0.0,0.0
1990-06-01,2A,P2,2194.0,96.2,90.7,5.5,1.6272695346844301,3.87273046531557,0.0,0.0
1990-07-01,2A,P2,2194.0,97.8,90.7,7.099999999999994,4.972662091583999,2.1273379084159956,0.0,0.0
1990-08-01,2A,P2,2281.0,94.9,90.7,4.200000000000003,3.2019299169562743,0.9980700830437286,0.0,0.0
1990-09-01,2A,P2,2281.0,95.0,90.7,4.299999999999997,3.6303504011071652,0.6696495988928319,0.0,0.0
1990-10-01,2A,P2,2254.0,88.2,90.7,-2.5,-3.965306122660323,1.4653061226603228,0.0,0.0
1990-11-01,2A,P2,2254.0,85.8,90.7,-4.900000000000006,-3.255431864665809,-1.6445681353341968,0.0,0.0
1990-12-01,2A,P2,2254.0,86.3,90.7,-4.400000000000006,-4.639762070911615,0.23976207091160973,0.0,0.0
1991-01-01,2A,P2,2222.0,88.7,90.7,-2.0,-4.929044213542824,2.9290442135428236,0.0,0.0
1991-02-01,2A,P2,2222.0,89.3,90.7,-1.4000000000000057,-1.670854802289611,0.27085480228960535,0.0,0.0
1991-03-01,2A,P2,2222.0,91.4,89.85,1.5500000000000114,-1.4981016708613737,3.048101670861385,0.0,0.0
1991-04-01,2A,P2,2222.0,92.9,90.9,2.0,-0.09798619526898733,2.0979861952689873,0.0,0.0
1991-05-01,2A,P2,2222.0,96.0,91.65,4.349999999999994,3.015339191201548,1.3346608087984464,0.0,0.0
1991-06-01,2A,P2,2237.0,96.0,92.15,3.8499999999999943,5.324292424798159,-1.4742924247981648,0.0,0.0
1991-07-01,2A,P2,2237.0,98.6,92.15,6.449999999999989,4.323740470846204,2.126259529153785,0.0,0.0
1991-08-01,2A,P2,2237.0,93.6,92.15,1.4499999999999886,4.5434308869711515,-3.093430886971163,0.0,0.0
1991-09-01,2A,P2,2237.0,98.3,92.15,6.1499999999999915,3.7865978186086835,2.363402181391308,0.0,0.0
1991-10-01,2A,P2,2237.0,90.0,92.15,-2.1500000000000057,-1.0379432453344037,-1.112056754665602,0.0,0.0
1991-11-01,2A,P2,2237.0,85.4,92.15,-6.75,-0.813569755956479,-5.936430244043521,0.0,0.0
1991-12-01,2A,P2,2236.0,93.5,92.15,1.3499999999999943,2.07150678476323,-0.7215067847632355,0.0,0.0
1992-01-01,2A,P2,2278.0,91.2,93.2,-2.0,-2.153875126985895,0.1538751269858949,0.0,0.0
1992-02-01,2A,P2,2278.0,92.2,93.2,-1.0,-4.27925124782071,3.27925124782071,0.0,0.0
1992-03-01,2A,P2,2278.0,89.1,93.2,-4.1000000000000085,-0.5145356386749427,-3.585464361325066,0.0,0.0
1992-04-01,2A,P2,2278.0,84.5,93.2,-8.700000000000003,-0.37576609886409074,-8.324233901135912,0.0,0.0
1992-05-01,2A,P2,2278.0,97.3,92.85,4.450000000000003,3.377657885260575,1.0723421147394276,0.0,0.0
1992-06-01,2A,P2,2278.0,96.8,92.85,3.950000000000003,6.395017998760622,-2.445017998760619,0.0,0.0
1992-07-01,2A,P2,2278.0,98.4,92.85,5.550000000000011,5.860552572240266,-0.3105525722402547,0.0,0.0
1992-08-01,2A,P2,2278.0,98.0,92.85,5.150000000000006,3.056884578210486,2.09311542178952,0.0,0.0
1992-09-01,2A,P2,2278.0,95.3,92.85,2.450000000000003,4.69142788791298,-2.2414278879129768,0.0,0.0
1992-10-01,2A,P2,2292.0,90.6,92.85,-2.25,3.306484611184459,-5.556484611184459,0.0,0.0
1992-11-01,2A,P2,2292.0,94.2,92.85,1.3500000000000085,2.324635598731234,-0.9746355987312256,0.0,0.0
1992-12-01,2A,P2,2292.0,90.7,93.85,-3.1499999999999915,-1.661169596942031,-1.4888304030579604,0.0,0.0
1993-01-01,2A,P2,2316.0,91.6,93.2,-1.6000000000000085,-2.4201088664155748,0.8201088664155662,0.0,0.0
1993-02-01,2A,P2,2316.0,89.0,93.2,-4.200000000000003,-2.6271779867038134,-1.5728220132961894,0.0,0.0
1993-03-01,2A,P2,2320.0,90.2,92.9,-2.700000000000003,0.07597628938157186,-2.7759762893815747,0.0,0.0
1993-04-01,2A,P2,2320.0,92.4,92.9,-0.5,1.988341524542264,-2.488341524542264,0.0,0.0
1993-05-01,2A,P2,2320.0,93.7,93.30000000000001,0.3999999999999915,3.456248221341866,-3.0562482213418747,0.0,0.0
1993-06-01,2A,P2,2320.0,99.7,93.05000000000001,6.6499999999999915,5.336087915725983,1.3139120842740084,0.0,0.0
1993-07-01,2A,P2,2325.0,98.7,93.05000000000001,5.6499999999999915,5.387771200507956,0.2622287994920356,0.0,0.0
1993-08-01,2A,P2,2326.0,95.5,93.05000000000001,2.4499999999999886,3.001034727403649,-0.5510347274036604,0.0,0.0
1993-09-01,2A,P2,2327.0,98.1,93.05000000000001,5.049999999999983,2.32488638671191,2.725113613288073,0.0,0.0
1993-10-01,2A,P2,2324.0,94.6,93.05000000000001,1.549999999999983,1.1250374272366486,0.4249625727633344,0.0,0.0
1993-11-01,2A,P2,2324.0,96.6,93.95,2.6499999999999915,0.3829993806863712,2.2670006193136203,0.0,0.0
1993-12-01,2A,P2,2274.0,95.1,94.15,0.9499999999999886,-0.7266277160969423,1.676627716096931,0.0,0.0
1994-01-01,2A,P2,2267.0,91.5,94.85,-3.3499999999999943,-2.084868289382996,-1.2651317106169984,0.0,0.0
1994-02-01,2A,P2,2267.0,93.9,94.85,-0.9499999999999886,-3.1551670390244055,2.205167039024417,0.0,0.0
1994-03-01,2A,P2,2267.0,92.1,94.85,-2.75,-4.334127715050755,1.5841277150507551,0.0,0.0
1994-04-01,2A,P2,2267.0,101.1,94.85,6.25,0.512353824148903,5.737646175851097,0.0,0.0
1994-05-01,2A,P2,2267.0,102.4,95.3,7.1000000000000085,3.242904960896226,3.8570950391037826,0.0,0.0
1994-06-01,2A,P2,2267.0,102.8,96.05,6.75,3.5961068338765045,3.1538931661234955,0.0,0.0
1994-07-01,2A,P2,2267.0,99.8,96.05,3.75,3.3148506156177717,0.4351493843822283,0.0,0.0
1994-08-01,2A,P2,2267.0,99.0,96.05,2.950000000000003,4.230169349963404,-1.2801693499634013,0.0,0.0
1994-09-01,2A,P2,2273.0,99.5,97.35,2.1500000000000057,2.246250296830695,-0.09625029683068931,0.0,0.0
1994-10-01,2A,P2,2273.0,91.7,97.8,-6.099999999999994,-2.3911517399596676,-3.7088482600403267,0.0,0.0
1994-11-01,2A,P2,2273.0,94.6,97.8,-3.200000000000003,0.4760509032583684,-3.6760509032583712,0.0,0.0
1994-12-01,2A,P2,2273.0,96.5,97.05,-0.5499999999999972,0.11830492387221625,-0.6683049238722134,0.0,0.0
1995-01-01,2A,P2,2356.0,93.1,97.75,-4.650000000000006,-3.0366052355474267,-1.613394764452579,0.0,0.0
1995-02-01,2A,P2,2356.0,87.8,97.75,-9.950000000000003,-3.6401625225276604,-6.3098374774723425,0.0,0.0
1995-03-01,2A,P2,2356.0,84.1,97.75,-13.650000000000006,-5.966108615572182,-7.683891384427824,0.0,0.0
1995-04-01,2A,P2,2356.0,90.6,97.75,-7.150000000000006,-2.143383403474516,-5.00661659652549,0.0,0.0
1995-05-01,2A,P2,2356.0,94.7,95.55,-0.8499999999999943,1.337832812647278,-2.1878328126472724,0.0,0.0
1995-06-01,2A,P2,2356.0,96.7,94.65,2.049999999999997,2.986864399804432,-0.9368643998044348,0.0,0.0
1995-07-01,2A,P2,2348.0,94.5,94.65,-0.15000000000000568,1.4068195312713954,-1.556819531271401,0.0,0.0
1995-08-01,2A,P2,2365.0,94.0,94.55,-0.5499999999999972,1.3668641553639418,-1.916864155363939,0.0,0.0
1995-09-01,2A,P2,2362.0,98.6,94.25,4.349999999999994,2.910940476229996,1.4390595237699983,0.0,0.0
1995-10-01,2A,P2,2282.0,95.0,94.25,0.75,-2.14870368864176,2.89870368864176,0.0,0.0
1995-11-01,2A,P2,2287.0,93.9,94.55,-0.6499999999999915,-0.5103164611690261,-0.1396835388309654,0.0,0.0
1995-12-01,2A,P2,2287.0,95.2,94.25,0.9500000000000028,0.9444343468755392,0.005565653124463665,0.0,0.0
1996-01-01,2A,P2,2285.0,95.1,94.25,0.8499999999999943,-2.1068500425796515,2.956850042579646,0.0,0.0
1996-02-01,2A,P2,2285.0,90.9,94.6,-3.6999999999999886,-2.538001441794165,-1.1619985582058234,0.0,0.0
1996-03-01,2A,P2,2285.0,94.9,94.6,0.30000000000001137,-0.919995983909871,1.2199959839098824,0.0,0.0
1996-04-01,2A,P2,2285.0,97.0,94.80000000000001,2.1999999999999886,2.3007520242550044,-0.10075202425501573,0.0,0.0
1996-05-01,2A,P2,2285.0,99.6,94.95,4.6499999999999915,2.1062332145862115,2.54376678541378,0.0,0.0
1996-06-01,2A,P2,2285.0,101.0,95.05,5.950000000000003,2.738233913643228,3.211766086356775,0.0,0.0
1996-07-01,2A,P2,2285.0,99.9,95.05,4.8500000000000085,1.270060345612464,3.5799396543875446,0.0,0.0
1996-08-01,2A,P2,2285.0,101.4,95.15,6.25,1.2979568587820438,4.952043141217956,0.0,0.0
1996-09-01,2A,P2,2285.0,99.3,96.1,3.200000000000003,1.7753173567198246,1.4246826432801782,0.0,0.0
1996-10-01,2A,P2,2285.0,99.5,96.1,3.4000000000000057,0.5071915375848306,2.892808462415175,0.0,0.0
1996-11-01,2A,P2,2285.0,99.0,98.15,0.8499999999999943,-0.5715760114305652,1.4215760114305596,0.0,0.0
1996-12-01,2A,P2,2285.0,97.6,99.15,-1.5500000000000114,-0.4851802054017327,-1.0648197945982787,0.0,0.0
1997-01-01,2A,P2,2339.0,95.3,99.15,-3.8500000000000085,-5.683388405386182,1.8333884053861738,0.0,0.0
1997-02-01,2A,P2,2339.0,95.6,99.15,-3.5500000000000114,-6.789044631117491,3.23904463111748,0.0,0.0
1997-03-01,2A,P2,2339.0,87.0,99.15,-12.150000000000006,-4.24393150998111,-7.906068490018896,0.0,0.0
1997-04-01,2A,P2,2339.0,91.2,99.15,-7.950000000000003,-2.158671024711296,-5.791328975288707,0.0,0.0
1997-05-01,2A,P2,2339.0,102.3,99.15,3.1499999999999915,3.0551252185479143,0.09487478145207717,0.0,0.0
1997-06-01,2A,P2,2339.0,104.1,99.15,4.949999999999989,3.3535833514723095,1.5964166485276792,0.0,0.0
1997-07-01,2A,P2,2339.0,100.9,99.15,1.75,2.6698974027528237,-0.9198974027528237,0.0,0.0
1997-08-01,2A,P2,2339.0,104.4,99.15,5.25,4.4425399972080015,0.8074600027919985,0.0,0.0
1997-09-01,2A,P2,2339.0,105.0,99.15,5.849999999999994,5.0840108390008965,0.7659891609990979,0.0,0.0
1997-10-01,2A,P2,2339.0,100.9,99.25,1.6500000000000057,2.464776125502624,-0.8147761255026182,0.0,0.0
1997-11-01,2A,P2,2339.0,97.1,99.95,-2.8500000000000085,0.12385636952483026,-2.973856369524839,0.0,0.0
1997-12-01,2A,P2,2364.0,99.9,99.25,0.6500000000000057,0.8414015916199418,-0.19140159161993608,0.0,0.0
1998-01-01,2A,P2,2369.0,98.2,100.4,-2.200000000000003,-3.731281795628476,1.5312817956284732,0.0,0.0
1998-02-01,2A,P2,2374.0,96.6,100.4,-3.8000000000000114,-6.299894666136481,2.49989466613647,0.0,0.0
1998-03-01,2A,P2,2389.0,91.6,100.4,-8.800000000000011,-2.3419874799689353,-6.458012520031076,0.0,0.0
1998-04-01,2A,P2,2389.0,95.9,100.4,-4.5,0.4784273394841847,-4.978427339484185,0.0,0.0
1998-05-01,2A,P2,2389.0,98.0,100.4,-2.4000000000000057,1.275327071587597,-3.6753270715876027,0.0,0.0
1998-06-01,2A,P2,2404.0,99.3,99.05000000000001,0.2499999999999858,1.86417421357676,-1.6141742135767743,0.0,0.0
1998-07-01,2A,P2,2404.0,99.9,98.75,1.1500000000000057,2.0503267549477755,-0.9003267549477698,0.0,0.0
1998-08-01,2A,P2,2410.0,100.7,98.75,1.9500000000000028,2.4106758104711616,-0.4606758104711588,0.0,0.0
1998-09-01,2A,P2,2410.0,93.4,98.75,-5.349999999999994,-2.320993909662789,-3.029006090337205,0.0,0.0
1998-10-01,2A,P2,2435.0,91.1,98.1,-7.0,-7.484719759987229,0.4847197599872288,0.0,0.0
1998-11-01,2A,P2,2436.0,94.9,97.55,-2.6499999999999915,-1.6915600643901456,-0.9584399356098459,0.0,0.0
1998-12-01,2A,P2,2436.0,93.6,97.3,-3.700000000000003,-1.0364722287333876,-2.663527771266615,0.0,0.0
1999-01-01,2A,P2,2474.0,89.1,96.25,-7.150000000000006,-4.670101921727351,-2.4798980782726545,0.0,0.0
1999-02-01,2A,P2,2473.0,90.3,95.4,-5.1000000000000085,-5.041981842262189,-0.05801815773781982,0.0,0.0
1999-03-01,2A,P2,2473.0,84.0,94.25,-10.25,-4.116618887777307,-6.133381112222693,0.0,0.0
1999-04-01,2A,P2,2473.0,95.3,94.25,1.0499999999999972,-0.41492010748530106,1.4649201074852982,0.0,0.0
1999-05-01,2A,P2,2473.0,98.3,94.25,4.049999999999997,-0.9984638941545256,5.048463894154523,0.0,0.0
1999-06-01,2A,P2,2473.0,96.7,94.25,2.450000000000003,-1.2518633292066141,3.701863329206617,0.0,0.0
1999-07-01,2A,P2,2473.0,95.6,94.25,1.3499999999999943,0.5955037160234724,0.7544962839765219,0.0,0.0
1999-08-01,2A,P2,2473.0,97.2,94.25,2.950000000000003,1.271357105021508,1.6786428949784948,0.0,0.0
1999-09-01,2A,P2,2473.0,93.7,94.25,-0.5499999999999972,-0.1559792907974895,-0.39402070920250765,0.0,0.0
1999-10-01,2A,P2,2473.0,88.9,94.30000000000001,-5.400000000000006,-2.947474704746597,-2.452525295253409,0.0,0.0
1999-11-01,2A,P2,2473.0,89.2,94.30000000000001,-5.1000000000000085,-1.9919799124272686,-3.10802008757274,0.0,0.0
1999-12-01,2A,P2,2422.0,86.1,93.65,-7.550000000000011,-3.320918038398162,-4.22908196160185,0.0,0.0
2000-01-01,2A,P2,2450.0,87.1,92.0,-4.900000000000006,-7.0134854895324,2.113485489532394,0.0,0.0
2000-02-01,2A,P2,2450.0,83.5,92.0,-8.5,-6.361114860534315,-2.1388851394656854,0.0,0.0
2000-03-01,2A,P2,2447.0,83.7,91.45,-7.75,-3.0279289394099322,-4.722071060590068,0.0,0.0
2000-04-01,2A,P2,2447.0,94.3,91.45,2.8499999999999943,-0.16935984750953992,3.0193598475095342,0.0,0.0
2000-05-01,2A,P2,2447.0,99.8,91.45,8.349999999999994,2.370287800078998,5.979712199920996,0.0,0.0
2000-06-01,2A,P2,2447.0,99.8,91.45,8.349999999999994,3.8827664780195335,4.467233521980461,0.0,0.0
2000-07-01,2A,P2,2447.0,97.6,91.45,6.1499999999999915,4.526598689936847,1.6234013100631444,0.0,0.0
2000-08-01,2A,P2,2447.0,96.1,91.45,4.6499999999999915,3.5311147292024287,1.1188852707975627,0.0,0.0
2000-09-01,2A,P2,2447.0,96.6,91.45,5.1499999999999915,1.863294372590488,3.2867056274095034,0.0,0.0
2000-10-01,2A,P2,2457.0,90.7,91.75,-1.0499999999999972,-0.09116159454174522,-0.9588384054582519,0.0,0.0
2000-11-01,2A,P2,2457.0,90.4,92.5,-2.0999999999999943,0.15813356118280808,-2.2581335611828024,0.0,0.0
2000-12-01,2A,P2,2457.0,92.4,92.5,-0.09999999999999432,1.3237253486224034,-1.4237253486223977,0.0,0.0
2001-01-01,2A,P2,2448.0,92.5,93.35,-0.8499999999999943,-3.0644353496679884,2.214435349667994,0.0,0.0
2001-02-01,2A,P2,2448.0,89.3,93.4,-4.1000000000000085,-2.7012653834680833,-1.3987346165319252,0.0,0.0
2001-03-01,2A,P2,2448.0,85.3,93.4,-8.100000000000009,-3.820162940761776,-4.279837059238233,0.0,0.0
2001-04-01,2A,P2,2367.0,97.1,93.4,3.6999999999999886,1.6975147663683856,2.002485233631603,0.0,0.0
2001-05-01,2A,P2,2367.0,96.1,94.3,1.7999999999999972,2.3687306301680167,-0.5687306301680195,0.0,0.0
2001-06-01,2A,P2,2367.0,99.6,94.3,5.299999999999997,1.5804831764221774,3.7195168235778198,0.0,0.0
2001-07-01,2A,P2,2367.0,95.7,94.3,1.4000000000000057,-0.17265136841821516,1.5726513684182208,0.0,0.0
2001-08-01,2A,P2,2367.0,93.0,94.1,-1.0999999999999943,-0.5957843315693623,-0.504215668430632,0.0,0.0
2001-09-01,2A,P2,2215.0,98.3,92.75,5.549999999999997,-1.315326519697578,6.865326519697575,0.0,0.0
2001-10-01,2A,P2,2215.0,91.5,92.75,-1.25,-0.8581393931142287,-0.3918606068857713,0.0,0.0
2001-11-01,2A,P2,2215.0,83.0,92.75,-9.75,-0.6380762939637776,-9.111923706036222,0.0,0.0
2001-12-01,2A,P2,2215.0,91.3,92.75,-1.4500000000000028,-2.555984573518657,1.1059845735186542,0.0,0.0
2002-01-01,2A,P2,2382.0,84.0,92.75,-8.75,-4.546323728480857,-4.203676271519143,0.0,0.0
2002-02-01,2A,P2,2382.0,84.5,92.25,-7.75,-5.6573526136563,-2.0926473863436996,0.0,0.0
2002-03-01,2A,P2,2382.0,82.1,92.25,-10.150000000000006,-4.393059226213012,-5.756940773786994,0.0,0.0
2002-04-01,2A,P2,2382.0,91.7,92.25,-0.5499999999999972,0.7703493231306169,-1.320349323130614,0.0,0.0
2002-05-01,2A,P2,2382.0,90.1,91.6,-1.5,-0.7768727333234011,-0.7231272666765989,0.0,0.0
2002-06-01,2A,P2,2382.0,97.0,91.4,5.599999999999994,0.9667573681492172,4.633242631850777,0.0,0.0
2002-07-01,2A,P2,2382.0,96.7,91.4,5.299999999999997,1.3169303578891345,3.9830696421108627,0.0,0.0
2002-08-01,2A,P2,2382.0,95.3,91.4,3.8999999999999915,0.7392639298290078,3.1607360701709837,0.0,0.0
2002-09-01,2A,P2,2382.0,92.7,91.4,1.2999999999999972,-1.7691111596484461,3.0691111596484433,0.0,0.0
2002-10-01,2A,P2,2318.0,80.4,91.4,-11.0,-4.26052260476817,-6.73947739523183,0.0,0.0
2002-11-01,2A,P2,2318.0,89.7,90.69999999999999,-0.9999999999999858,1.6770098462183256,-2.6770098462183114,0.0,0.0
2002-12-01,2A,P2,2318.0,85.3,90.69999999999999,-5.3999999999999915,0.19261463663748657,-5.592614636637478,0.0,0.0
2003-01-01,2A,P2,2324.0,89.3,89.9,-0.6000000000000085,-4.113476375551556,3.513476375551548,0.0,0.0
2003-02-01,2A,P2,2324.0,88.0,89.9,-1.9000000000000057,-3.870703275127312,1.9707032751273061,0.0,0.0
2003-03-01,2A,P2,2324.0,87.4,89.9,-2.5,-0.7931596878333096,-1.7068403121666904,0.0,0.0
2003-04-01,2A,P2,2324.0,90.1,89.9,0.19999999999998863,2.7897278211229803,-2.5897278211229917,0.0,0.0
2003-05-01,2A,P2,2324.0,97.8,89.9,7.8999999999999915,4.458536037029361,3.44146396297063,0.0,0.0
2003-06-01,2A,P2,2324.0,97.3,89.9,7.3999999999999915,2.777877088907914,4.622122911092077,0.0,0.0
2003-07-01,2A,P2,2324.0,94.1,89.9,4.199999999999989,2.166651867986019,2.0333481320139697,0.0,0.0
2003-08-01,2A,P2,2324.0,94.7,89.9,4.799999999999997,3.135830277348333,1.664169722651664,0.0,0.0
2003-09-01,2A,P2,2324.0,90.7,89.9,0.7999999999999972,1.2278352928725695,-0.4278352928725724,0.0,0.0
2003-10-01,2A,P2,2324.0,85.6,89.9,-4.300000000000011,-0.41247731072367344,-3.887522689276338,0.0,0.0
2003-11-01,2A,P2,2324.0,92.0,89.9,2.0999999999999943,0.7756705278242038,1.3243294721757906,0.0,0.0
2003-12-01,2A,P2,2324.0,84.5,90.4,-5.900000000000006,-0.3491401958442708,-5.550859804155735,0.0,0.0
2004-01-01,2A,P2,2327.0,90.3,90.4,-0.10000000000000853,-4.283296713830225,4.183296713830217,0.0,0.0
2004-02-01,2A,P2,2327.0,90.5,90.5,0.0,-4.517934377811358,4.517934377811358,0.0,0.0
2004-03-01,2A,P2,2327.0,77.4,90.6,-13.199999999999989,-4.848882836175505,-8.351117163824483,0.0,0.0
2004-04-01,2A,P2,2327.0,91.2,90.6,0.6000000000000085,-0.8758278859428543,1.4758278859428628,0.0,0.0
2004-05-01,2A,P2,2327.0,97.6,90.95,6.6499999999999915,2.5745665941418565,4.075433405858135,0.0,0.0
2004-06-01,2A,P2,2327.0,98.2,90.95,7.25,4.447916025792722,2.802083974207278,0.0,0.0
2004-07-01,2A,P2,2327.0,96.1,90.95,5.1499999999999915,3.722665323454109,1.4273346765458825,0.0,0.0
2004-08-01,2A,P2,2327.0,95.5,90.95,4.549999999999997,4.0857156606357705,0.46428433936422664,0.0,0.0
2004-09-01,2A,P2,2327.0,91.8,90.95,0.8499999999999943,-2.8994719240276368,3.749471924027631,0.0,0.0
2004-10-01,2A,P2,2327.0,96.3,91.5,4.799999999999997,-2.5775261384736297,7.377526138473627,0.0,0.0
2004-11-01,2A,P2,2327.0,96.4,91.9,4.5,1.5843099232387772,2.915690076761223,0.0,0.0
2004-12-01,2A,P2,2327.0,95.2,93.65,1.5499999999999972,2.2788512022400766,-0.7288512022400795,0.0,0.0
2005-01-01,2A,P2,2362.0,92.0,95.35,-3.3499999999999943,-2.099562119439639,-1.250437880560355,0.0,0.0
2005-02-01,2A,P2,2362.0,89.1,95.35,-6.25,-2.829120922335477,-3.420879077664523,0.0,0.0
2005-03-01,2A,P2,2362.0,79.5,95.35,-15.849999999999994,-2.6538391705106648,-13.19616082948933,1.0,0.16622968012585207
2005-04-01,2A,P2,2362.0,91.3,95.35,-4.049999999999997,-0.5947233373289578,-3.4552766626710394,0.0,0.0
2005-05-01,2A,P2,2362.0,97.5,95.35,2.1500000000000057,0.6756566743952845,1.4743433256047211,0.0,0.0
2005-06-01,2A,P2,2362.0,95.7,95.35,0.3500000000000085,3.5453758380225366,-3.195375838022528,0.0,0.0
2005-07-01,2A,P2,2362.0,93.9,95.35,-1.4499999999999886,0.6632089553397549,-2.1132089553397435,0.0,0.0
2005-08-01,2A,P2,2362.0,88.8,94.55000000000001,-5.750000000000014,-0.8184605836884344,-4.93153941631158,0.0,0.0
2005-09-01,2A,P2,2362.0,94.5,92.95,1.5499999999999972,-9.191544312469802,10.741544312469799,0.0,0.0
2005-10-01,2A,P2,2362.0,90.3,94.2,-3.9000000000000057,-11.425540310542715,7.525540310542709,0.0,0.0
2005-11-01,2A,P2,2362.0,91.4,92.95,-1.5499999999999972,-3.4685824005281916,1.9185824005281944,0.0,0.0
2005-12-01,2A,P2,2362.0,90.8,91.7,-0.9000000000000057,-2.602369599393299,1.7023695993932932,0.0,0.0
2006-01-01,2A,P2,2355.0,94.3,91.35,2.950000000000003,-4.032381491042884,6.9823814910428865,0.0,0.0
2006-02-01,2A,P2,2355.0,91.3,91.35,-0.04999999999999716,-4.163386425933595,4.113386425933598,0.0,0.0
2006-03-01,2A,P2,2355.0,84.5,91.35,-6.849999999999994,-4.318823069770787,-2.5311769302292078,0.0,0.0
2006-04-01,2A,P2,2355.0,88.7,91.35,-2.6499999999999915,-1.3219531943121012,-1.3280468056878902,0.0,0.0
2006-05-01,2A,P2,2355.0,94.4,91.35,3.0500000000000114,2.561641153328324,0.4883588466716873,0.0,0.0
2006-06-01,2A,P2,2355.0,97.6,91.35,6.25,4.360732637429294,1.8892673625707062,0.0,0.0
2006-07-01,2A,P2,2355.0,93.9,91.35,2.5500000000000114,3.8796418653251976,-1.3296418653251862,0.0,0.0
2006-08-01,2A,P2,2355.0,99.4,91.35,8.050000000000011,4.543213417098897,3.506786582901114,0.0,0.0
2006-09-01,2A,P2,2355.0,93.7,92.65,1.0499999999999972,4.368383683835546,-3.318383683835549,0.0,0.0
2006-10-01,2A,P2,2355.0,87.5,92.55000000000001,-5.050000000000011,-1.4531368267017086,-3.5968631732983027,0.0,0.0
2006-11-01,2A,P2,2355.0,88.7,92.55000000000001,-3.8500000000000085,-1.32102372975325,-2.5289762702467584,0.0,0.0
2006-12-01,2A,P2,2355.0,91.9,92.5,-0.5999999999999943,1.8926155541108614,-2.4926155541108557,0.0,0.0
2007-01-01,2A,P2,2354.0,93.0,92.80000000000001,0.19999999999998863,-1.1324950463783523,1.332495046378341,0.0,0.0
2007-02-01,2A,P2,2354.0,92.6,92.45,0.14999999999999147,-4.700177756296782,4.850177756296773,0.0,0.0
2007-03-01,2A,P2,2354.0,93.5,92.8,0.7000000000000028,-2.3389510437717007,3.0389510437717036,0.0,0.0
2007-04-01,2A,P2,2354.0,91.2,93.25,-2.049999999999997,-1.2509888769617277,-0.7990111230382695,0.0,0.0
2007-05-01,2A,P2,2354.0,92.0,93.25,-1.25,0.2772066799283124,-1.5272066799283124,0.0,0.0
2007-06-01,2A,P2,2354.0,91.6,92.8,-1.2000000000000028,-0.4593958528907933,-0.7406041471092095,0.0,0.0
2007-07-01,2A,P2,2354.0,92.2,92.3,-0.09999999999999432,2.8845539680305166,-2.984553968030511,0.0,0.0
2007-08-01,2A,P2,2354.0,93.9,92.1,1.8000000000000114,2.504082086230028,-0.7040820862300166,0.0,0.0
2007-09-01,2A,P2,2354.0,90.1,92.1,-2.0,0.5873269681074049,-2.587326968107405,0.0,0.0
2007-10-01,2A,P2,2354.0,88.1,91.95,-3.8500000000000085,-0.9131257799010939,-2.9368742200989146,0.0,0.0
2007-11-01,2A,P2,2354.0,83.7,91.95,-8.25,0.5421610560207455,-8.792161056020745,0.0,0.0
2007-12-01,2A,P2,2354.0,89.4,91.95,-2.549999999999997,0.03356179609686194,-2.583561796096859,0.0,0.0
2008-01-01,2A,P2,2377.0,88.3,91.8,-3.5,-2.828478713726554,-0.6715212862734461,0.0,0.0
2008-02-01,2A,P2,2377.0,88.0,91.4,-3.4000000000000057,-3.6312241238328653,0.23122412383285962,0.0,0.0
2008-03-01,2A,P2,2377.0,78.8,90.65,-11.850000000000009,-5.376867277359821,-6.473132722640187,0.0,0.0
2008-04-01,2A,P2,2377.0,91.8,89.75,2.049999999999997,-2.4340888995959347,4.484088899595932,0.0,0.0
2008-05-01,2A,P2,2377.0,94.1,89.75,4.349999999999994,0.1955366025770644,4.15446339742293,0.0,0.0
2008-06-01,2A,P2,2381.0,91.9,89.75,2.1500000000000057,0.9692006301790173,1.1807993698209884,0.0,0.0
2008-07-01,2A,P2,2381.0,90.4,89.75,0.6500000000000057,0.09097925409621155,0.5590207459037941,0.0,0.0
2008-08-01,2A,P2,2381.0,87.8,89.75,-1.9500000000000028,-1.6088503881525185,-0.3411496118474844,0.0,0.0
2008-09-01,2A,P2,2381.0,86.6,88.85,-2.25,-13.41859555204428,11.16859555204428,0.0,0.0
2008-10-01,2A,P2,2381.0,86.4,88.19999999999999,-1.799999999999983,-1.9275309062004595,0.12753090620047658,0.0,0.0
2008-11-01,2A,P2,2381.0,88.6,88.15,0.44999999999998863,-0.8558150817393084,1.305815081739297,0.0,0.0
2008-12-01,2A,P2,2381.0,86.3,88.44999999999999,-2.1499999999999915,-2.0270559503843373,-0.1229440496156542,0.0,0.0
2009-01-01,2A,P2,2370.0,83.4,88.15,-4.75,-3.4817919654750824,-1.2682080345249176,0.0,0.0
2009-02-01,2A,P2,2370.0,84.7,87.9,-3.200000000000003,-4.013498795716018,0.8134987957160149,0.0,0.0
2009-03-01,2A,P2,2370.0,75.9,87.19999999999999,-11.299999999999983,-4.060969370636798,-7.239030629363185,0.0,0.0
2009-04-01,2A,P2,2370.0,81.8,87.19999999999999,-5.3999999999999915,-2.858830393724176,-2.5411696062758153,0.0,0.0
2009-05-01,2A,P2,2370.0,89.4,86.5,2.9000000000000057,-0.6518880889116616,3.5518880889116673,0.0,0.0
2009-06-01,2A,P2,2370.0,90.3,86.5,3.799999999999997,2.025930193064113,1.7740698069358842,0.0,0.0
2009-07-01,2A,P2,2370.0,91.4,86.5,4.900000000000006,0.271491705667799,4.628508294332207,0.0,0.0
2009-08-01,2A,P2,2370.0,86.0,86.5,-0.5,0.14533368293153615,-0.6453336829315361,0.0,0.0
2009-09-01,2A,P2,2370.0,86.0,86.35,-0.3499999999999943,0.992129678633134,-1.3421296786331283,0.0,0.0
2009-10-01,2A,P2,2370.0,80.7,86.15,-5.450000000000003,-2.5393707048585696,-2.910629295141433,0.0,0.0
2009-11-01,2A,P2,2370.0,84.0,86.0,-2.0,-2.905678369743484,0.9056783697434838,0.0,0.0
2009-12-01,2A,P2,2370.0,87.1,85.35,1.75,-2.045260143167795,3.795260143167795,0.0,0.0
2010-01-01,2A,P2,2422.0,86.5,85.35,1.1500000000000057,-2.544076315350978,3.6940763153509835,0.0,0.0
2010-02-01,2A,P2,2422.0,89.1,86.0,3.0999999999999943,-0.9728210957448766,4.072821095744871,0.0,0.0
2010-03-01,2A,P2,2422.0,79.6,86.25,-6.650000000000006,1.1390421221211682,-7.789042122121174,0.0,0.0
2010-04-01,2A,P2,2422.0,81.9,86.25,-4.349999999999994,5.683231258784531,-10.033231258784525,1.0,0.050434782608695584
2010-05-01,2A,P2,2422.0,93.0,86.25,6.75,4.576182251267923,2.173817748732077,0.0,0.0
2010-06-01,2A,P2,2422.0,91.4,86.25,5.150000000000006,7.009532553880007,-1.8595325538800012,0.0,0.0
2010-07-01,2A,P2,2422.0,92.8,86.25,6.549999999999997,7.5007543973214155,-0.9507543973214183,0.0,0.0
2010-08-01,2A,P2,2422.0,91.3,86.25,5.049999999999997,5.4621446439964245,-0.41214464399642736,0.0,0.0
2010-09-01,2A,P2,2422.0,89.2,86.8,2.4000000000000057,2.37174084871468,0.028259151285325856,0.0,0.0
2010-10-01,2A,P2,2422.0,81.5,88.1,-6.599999999999994,-2.2929008124657884,-4.307099187534206,0.0,0.0
2010-11-01,2A,P2,2422.0,87.1,88.1,-1.0,1.690177690500903,-2.690177690500903,0.0,0.0
2010-12-01,2A,P2,2422.0,91.3,88.1,3.200000000000003,1.9094557576161009,1.290544242383902,0.0,0.0
2011-01-01,2A,P2,2433.0,91.5,89.15,2.3499999999999943,-2.5848725498490808,4.934872549849075,0.0,0.0
2011-02-01,2A,P2,2433.0,86.5,90.25,-3.75,-7.327799764146874,3.5777997641468744,0.0,0.0
2011-03-01,2A,P2,2433.0,88.3,90.25,-1.9500000000000028,-3.0169636588303064,1.0669636588303035,0.0,0.0
2011-04-01,2A,P2,2433.0,90.0,90.25,-0.25,-4.413265175434006,4.163265175434006,0.0,0.0
2011-05-01,2A,P2,2433.0,88.6,90.65,-2.0500000000000114,-1.2003964333927684,-0.849603566607243,0.0,0.0
2011-06-01,2A,P2,2433.0,91.6,89.6,2.0,3.0888931177295547,-1.0888931177295547,0.0,0.0
2011-07-01,2A,P2,2433.0,90.6,89.6,1.0,4.34010809207696,-3.34010809207696,0.0,0.0
2011-08-01,2A,P2,2433.0,88.1,89.6,-1.5,4.380295271419584,-5.880295271419584,0.0,0.0
2011-09-01,2A,P2,2433.0,93.1,88.9,4.199999999999989,2.8607993025409684,1.3392006974590203,0.0,0.0
2011-10-01,2A,P2,2433.0,92.5,89.3,3.200000000000003,-1.0681303923017822,4.268130392301785,0.0,0.0
2011-11-01,2A,P2,2433.0,91.6,90.3,1.2999999999999972,1.0873891858996387,0.21261081410035843,0.0,0.0
2011-12-01,2A,P2,2433.0,92.5,90.94999999999999,1.5500000000000114,0.33269005987654054,1.2173099401234708,0.0,0.0
2012-01-01,2A,P2,2401.0,94.8,91.05,3.75,-0.32916998781435325,4.079169987814353,0.0,0.0
2012-02-01,2A,P2,2401.0,93.7,91.1,2.6000000000000085,0.4897695021130488,2.1102304978869597,0.0,0.0
2012-03-01,2A,P2,2401.0,91.2,91.6,-0.3999999999999915,-0.9341682733947749,0.5341682733947835,0.0,0.0
2012-04-01,2A,P2,2401.0,96.5,91.6,4.900000000000006,0.04029340754989619,4.8597065924501095,0.0,0.0
2012-05-01,2A,P2,2401.0,91.6,92.05,-0.45000000000000284,4.113698504641732,-4.563698504641735,0.0,0.0
2012-06-01,2A,P2,2401.0,90.5,92.05,-1.5499999999999972,5.767586512812088,-7.317586512812085,0.0,0.0
2012-07-01,2A,P2,2408.0,90.9,92.05,-1.1499999999999915,5.701832934961772,-6.851832934961763,0.0,0.0
2012-08-01,2A,P2,2408.0,92.4,92.05,0.3500000000000085,4.320197952974922,-3.970197952974914,0.0,0.0
2012-09-01,2A,P2,2409.0,86.5,92.45,-5.950000000000003,0.8633927334268634,-6.813392733426866,0.0,0.0
2012-10-01,2A,P2,2409.0,87.1,92.0,-4.900000000000006,0.31574655403017005,-5.215746554030176,0.0,0.0
2012-11-01,2A,P2,2409.0,86.8,91.6,-4.799999999999997,1.4911961597054813,-6.291196159705478,0.0,0.0
2012-12-01,2A,P2,2409.0,88.4,91.4,-3.0,2.993988010554702,-5.993988010554702,0.0,0.0
2013-01-01,2A,P2,2454.0,84.2,91.05000000000001,-6.8500000000000085,-4.301054150965342,-2.5489458490346664,0.0,0.0
2013-02-01,2A,P2,2454.0,83.8,90.7,-6.900000000000006,-6.435909400926093,-0.4640905990739128,0.0,0.0
2013-03-01,2A,P2,2454.0,81.7,89.45,-7.75,-4.391741892225056,-3.358258107774944,0.0,0.0
2013-04-01,2A,P2,2454.0,83.3,87.75,-4.450000000000003,-2.2841748101547807,-2.165825189845222,0.0,0.0
2013-05-01,2A,P2,2454.0,79.4,86.94999999999999,-7.549999999999983,0.12441794500229264,-7.674417945002276,0.0,0.0
2013-06-01,2A,P2,2454.0,84.2,86.65,-2.450000000000003,3.653008314087657,-6.10300831408766,0.0,0.0
2013-07-01,2A,P2,2454.0,93.4,85.35,8.050000000000011,4.572732235947299,3.477267764052712,0.0,0.0
2013-08-01,2A,P2,2454.0,94.7,85.35,9.350000000000009,3.508927600248697,5.841072399751312,0.0,0.0
2013-09-01,2A,P2,2454.0,92.2,85.35,6.8500000000000085,2.7535011131555365,4.096498886844472,0.0,0.0
2013-10-01,2A,P2,2454.0,89.4,85.5,3.9000000000000057,-1.5120132825487076,5.412013282548713,0.0,0.0
2013-11-01,2A,P2,2454.0,91.7,85.5,6.200000000000003,2.1516567511213367,4.048343248878666,0.0,0.0
2013-12-01,2A,P2,2454.0,93.6,86.30000000000001,7.299999999999983,2.60640406237944,4.693595937620543,0.0,0.0
2014-01-01,2A,P2,2480.0,87.9,86.80000000000001,1.0999999999999943,-2.0476621917683104,3.1476621917683048,0.0,0.0
2014-02-01,2A,P2,2480.0,89.9,88.65,1.25,-2.792859112442187,4.042859112442187,0.0,0.0
2014-03-01,2A,P2,2480.0,79.0,89.65,-10.650000000000006,-3.53877556429201,-7.111224435707996,0.0,0.0
2014-04-01,2A,P2,2480.0,86.6,89.65,-3.0500000000000114,1.2502238171200304,-4.300223817120042,0.0,0.0
2014-05-01,2A,P2,2480.0,92.8,89.65,3.1499999999999915,-0.36476077640813287,3.5147607764081243,0.0,0.0
2014-06-01,2A,P2,2480.0,95.2,90.80000000000001,4.3999999999999915,-0.31324120252595833,4.71324120252595,0.0,0.0
2014-07-01,2A,P2,2480.0,97.2,91.95,5.25,4.252851151976785,0.9971488480232154,0.0,0.0
2014-08-01,2A,P2,2480.0,93.4,91.95,1.4500000000000028,3.28449501831453,-1.8344950183145272,0.0,0.0
2014-09-01,2A,P2,2480.0,92.3,91.95,0.3499999999999943,1.3394176467065506,-0.9894176467065563,0.0,0.0
2014-10-01,2A,P2,2480.0,84.0,92.0,-8.0,-2.6601266553334426,-5.339873344666557,0.0,0.0
2014-11-01,2A,P2,2480.0,91.8,92.0,-0.20000000000000284,1.4840699777208641,-1.684069977720867,0.0,0.0
2014-12-01,2A,P2,2480.0,96.1,92.05,4.049999999999997,3.620533449613191,0.42946655038680603,0.0,0.0
2015-01-01,2A,P2,2518.0,85.1,92.05,-6.950000000000003,-2.6911980800303894,-4.258801919969613,0.0,0.0
2015-02-01,2A,P2,2500.0,90.8,92.05,-1.25,-3.3310176178191284,2.0810176178191284,0.0,0.0
2015-03-01,2A,P2,2500.0,90.7,92.05,-1.3499999999999943,-1.9847004794193026,0.6347004794193083,0.0,0.0
2015-04-01,2A,P2,2500.0,96.5,92.05,4.450000000000003,1.5410739863350216,2.9089260136649813,0.0,0.0
2015-05-01,2A,P2,2500.0,94.5,92.55,1.9500000000000028,1.4759285671822795,0.47407143281772335,0.0,0.0
2015-06-01,2A,P2,2539.0,92.4,92.85,-0.44999999999998863,1.9511171025490341,-2.4011171025490228,0.0,0.0
2015-07-01,2A,P2,2539.0,96.9,92.35,4.550000000000011,3.0557377333776543,1.494262266622357,0.0,0.0
2015-08-01,2A,P2,2539.0,89.6,92.35,-2.75,1.8056859359291053,-4.555685935929105,0.0,0.0
2015-09-01,2A,P2,2544.0,89.3,92.05,-2.75,-1.3664700471523759,-1.3835299528476241,0.0,0.0
2015-10-01,2A,P2,2544.0,74.8,91.3,-16.5,-5.391860194227817,-11.108139805772183,1.0,0.18072289156626506
2015-11-01,2A,P2,2551.0,92.1,91.3,0.7999999999999972,-0.17437136473932924,0.9743713647393264,0.0,0.0
2015-12-01,2A,P2,2551.0,92.2,91.44999999999999,0.7500000000000142,0.7643563390498116,-0.014356339049797384,0.0,0.0
2016-01-01,2A,P2,2562.0,92.8,91.44999999999999,1.3500000000000085,-2.8886621436113273,4.238662143611336,0.0,0.0
2016-02-01,2A,P2,2562.0,93.1,92.15,0.9499999999999886,-3.5245577597056865,4.474557759705675,0.0,0.0
2016-03-01,2A,P2,2562.0,82.1,92.30000000000001,-10.200000000000017,-2.9559891412146015,-7.2440108587854155,0.0,0.0
2016-04-01,2A,P2,2562.0,81.3,92.30000000000001,-11.000000000000014,-3.3241915540100706,-7.675808445989944,0.0,0.0
2016-05-01,2A,P2,2562.0,89.8,92.15,-2.3500000000000085,-1.198061517499255,-1.1519384825007535,0.0,0.0
2016-06-01,2A,P2,2562.0,91.4,90.94999999999999,0.45000000000001705,0.8974965937010779,-0.4474965937010609,0.0,0.0
2016-07-01,2A,P2,2562.0,92.8,90.6,2.200000000000003,1.9364538985348076,0.2635461014651952,0.0,0.0
2016-08-01,2A,P2,2562.0,94.7,90.6,4.1000000000000085,1.845090582742472,2.2549094172575366,0.0,0.0
2016-09-01,2A,P2,2575.0,92.1,91.75,0.3499999999999943,0.15866812564314614,0.19133187435684818,0.0,0.0
2016-10-01,2A,P2,2575.0,88.5,92.1,-3.5999999999999943,-4.723091402132766,1.123091402132772,0.0,0.0
2016-11-01,2A,P2,2575.0,89.3,92.1,-2.799999999999997,-0.7153253582996655,-2.0846746417003317,0.0,0.0
2016-12-01,2A,P2,2594.0,91.7,91.75,-0.04999999999999716,1.564604565051667,-1.614604565051664,0.0,0.0
2017-01-01,2A,P2,2607.0,92.6,91.55000000000001,1.049999999999983,-1.2909573956955285,2.3409573956955114,0.0,0.0
2017-02-01,2A,P2,2607.0,87.1,91.55000000000001,-4.450000000000017,-4.720935372813216,0.2709353728131987,0.0,0.0
2017-03-01,2A,P2,2607.0,90.5,90.6,-0.09999999999999432,-1.5336044617988591,1.4336044617988648,0.0,0.0
2017-04-01,2A,P2,2607.0,94.8,90.95,3.8499999999999943,3.0628079979218796,0.7871920020781147,0.0,0.0
2017-05-01,2A,P2,2607.0,94.6,91.55000000000001,3.049999999999983,4.190061117009321,-1.1400611170093384,0.0,0.0
2017-06-01,2A,P2,2607.0,94.8,91.9,2.8999999999999915,3.60813550230921,-0.7081355023092186,0.0,0.0
2017-07-01,2A,P2,2607.0,94.9,92.35,2.5500000000000114,4.277367966874067,-1.7273679668740556,0.0,0.0
2017-08-01,2A,P2,2607.0,99.4,92.35,7.050000000000011,2.0007160996122764,5.049283900387735,0.0,0.0
2017-09-01,2A,P2,2607.0,91.8,92.35,-0.5499999999999972,-5.504625985158484,4.954625985158486,0.0,0.0
2017-10-01,2A,P2,2607.0,82.4,92.19999999999999,-9.799999999999983,-2.034401815848369,-7.765598184151614,0.0,0.0
2017-11-01,2A,P2,2607.0,88.8,92.19999999999999,-3.3999999999999915,2.161157463158389,-5.561157463158381,0.0,0.0
2017-12-01,2A,P2,2607.0,92.2,92.19999999999999,1.4210854715202004e-14,2.7932826214476307,-2.7932826214476165,0.0,0.0
2018-01-01,2A,P2,2640.0,89.0,92.4,-3.4000000000000057,-1.6846375482906666,-1.715362451709339,0.0,0.0
2018-02-01,2A,P2,2640.0,86.0,92.0,-6.0,-4.691675561087038,-1.3083244389129618,0.0,0.0
2018-03-01,2A,P2,2640.0,88.4,92.0,-3.5999999999999943,-1.543237473017797,-2.0567625269821974,0.0,0.0
2018-04-01,2A,P2,2640.0,92.6,92.0,0.5999999999999943,-0.7025847497531146,1.302584749753109,0.0,0.0
2018-05-01,2A,P2,2640.0,98.0,92.0,6.0,0.9766870479464131,5.023312952053587,0.0,0.0
2018-06-01,2A,P2,2640.0,96.6,92.0,4.599999999999994,4.756702102519242,-0.15670210251924743,0.0,0.0
2018-07-01,2A,P2,2640.0,95.8,92.0,3.799999999999997,2.8454057962662205,0.9545942037337767,0.0,0.0
2018-08-01,2A,P2,2640.0,97.1,92.0,5.099999999999994,4.369430611523725,0.730569388476269,0.0,0.0
2018-09-01,2A,P2,2640.0,89.9,92.0,-2.0999999999999943,1.1854342670446414,-3.2854342670446357,0.0,0.0
2018-10-01,2A,P2,2640.0,77.4,91.05000000000001,-13.650000000000006,-2.9346981317058862,-10.71530186829412,1.0,0.14991762767710054
2018-11-01,2A,P2,2640.0,93.3,91.05000000000001,2.249999999999986,1.18699612759319,1.0630038724067958,0.0,0.0
2018-12-01,2A,P2,2640.0,95.8,92.4,3.3999999999999915,2.084207320149261,1.3157926798507305,0.0,0.0
2019-01-01,2A,P2,2678.0,91.9,92.94999999999999,-1.049999999999983,-2.350021763275919,1.3000217632759359,0.0,0.0
2019-02-01,2A,P2,2678.0,82.9,92.94999999999999,-10.049999999999983,-7.418829249053999,-2.6311707509459836,0.0,0.0
2019-03-01,2A,P2,2678.0,92.7,92.94999999999999,-0.2499999999999858,-6.546741418759993,6.296741418760007,0.0,0.0
2019-04-01,2A,P2,2678.0,91.7,93.0,-1.2999999999999972,-4.573494568847721,3.273494568847724,0.0,0.0
2019-05-01,2A,P2,2678.0,81.5,93.0,-11.5,-2.696488880081702,-8.803511119918298,0.0,0.0
2019-06-01,2A,P2,2678.0,92.6,92.30000000000001,0.29999999999998295,1.8820585207223672,-1.5820585207223843,0.0,0.0
2019-07-01,2A,P2,2678.0,98.7,92.25,6.450000000000003,1.8091466168465615,4.640853383153441,0.0,0.0
2019-08-01,2A,P2,2678.0,98.5,92.25,6.25,2.6151703288993104,3.6348296711006896,0.0,0.0
2019-09-01,2A,P2,2678.0,94.8,92.25,2.549999999999997,-3.2529140987683007,5.802914098768298,0.0,0.0
2019-10-01,2A,P2,2678.0,88.3,92.65,-4.3500000000000085,-5.054577595831773,0.7045775958317648,0.0,0.0
2019-11-01,2A,P2,2678.0,90.3,92.65,-2.3500000000000085,-0.19841831038331748,-2.151581689616691,0.0,0.0
2019-12-01,2A,P2,2678.0,94.5,92.25,2.25,1.874360678398645,0.37563932160135494,0.0,0.0
2020-01-01,2A,P2,2703.0,92.9,92.25,0.6500000000000057,-1.7601471672117555,2.410147167211761,0.0,0.0
2020-02-01,2A,P2,2703.0,90.1,92.65,-2.5500000000000114,-2.795048236131521,0.2450482361315096,0.0,0.0
2020-03-01,2A,P2,2703.0,83.2,92.65,-9.450000000000003,-6.728479939335571,-2.7215200606644316,0.0,0.0
2020-04-01,2A,P2,2703.0,69.6,92.15,-22.55000000000001,-19.608449374411464,-2.9415506255885475,0.0,0.0
2020-05-01,2A,P2,2703.0,73.9,91.44999999999999,-17.549999999999983,-17.749593955618465,0.19959395561848225,0.0,0.0
2020-06-01,2A,P2,2703.0,79.5,91.44999999999999,-11.949999999999989,-12.53865358825172,0.5886535882517308,0.0,0.0
2020-07-01,2A,P2,2703.0,84.6,90.19999999999999,-5.599999999999994,-8.311379576650793,2.711379576650799,0.0,0.0
2020-08-01,2A,P2,2703.0,87.0,89.19999999999999,-2.1999999999999886,-7.452153046431349,5.25215304643136,0.0,0.0
2020-09-01,2A,P2,2703.0,82.8,87.65,-4.8500000000000085,-7.516117990010656,2.6661179900106475,0.0,0.0
2020-10-01,2A,P2,2703.0,77.8,85.8,-8.0,-6.021330173764042,-1.9786698262359579,0.0,0.0
2020-11-01,2A,P2,2703.0,82.3,83.9,-1.6000000000000085,0.03481843981231236,-1.634818439812321,0.0,0.0
2020-12-01,2A,P2,2703.0,80.2,83.0,-2.799999999999997,-0.026487466012298455,-2.7735125339876987,0.0,0.0
2021-01-01,2A,P2,2716.0,85.5,82.55,2.950000000000003,3.6241423510696364,-0.6741423510696336,0.0,0.0
2021-02-01,2A,P2,2716.0,82.6,82.55,0.04999999999999716,-8.370016179461572,8.42001617946157,0.0,0.0
2021-03-01,2A,P2,2716.0,86.9,82.44999999999999,4.450000000000017,3.9445651413525127,0.5054348586475044,0.0,0.0
2021-04-01,2A,P2,2716.0,80.5,82.44999999999999,-1.9499999999999886,8.349970844921373,-10.299970844921361,1.0,0.02365069739235887
2021-05-01,2A,P2,2716.0,85.3,82.44999999999999,2.8500000000000085,9.985723243562333,-7.135723243562325,0.0,0.0
2021-06-01,2A,P2,2716.0,96.8,82.69999999999999,14.100000000000009,13.169392024765273,0.9306079752347358,0.0,0.0
2021-07-01,2A,P2,2717.0,93.6,83.69999999999999,9.900000000000006,11.447102849337057,-1.5471028493370511,0.0,0.0
2021-08-01,2A,P2,2718.0,92.9,84.05,8.850000000000009,9.763881663206135,-0.9138816632061264,0.0,0.0
2021-09-01,2A,P2,2718.0,95.4,84.05,11.350000000000009,4.949066531351733,6.400933468648276,0.0,0.0
2021-10-01,2A,P2,2718.0,86.7,85.4,1.2999999999999972,1.6196768040674954,-0.3196768040674982,0.0,0.0
2021-11-01,2A,P2,2718.0,88.0,86.1,1.9000000000000057,2.9547550627955985,-1.0547550627955928,0.0,0.0
2021-12-01,2A,P2,2718.0,91.4,86.80000000000001,4.599999999999994,4.509675954944001,0.09032404505599345,0.0,0.0
2022-01-01,2A,P2,2721.0,92.0,87.45,4.549999999999997,0.9717961709332457,3.5782038290667515,0.0,0.0
2022-02-01,2A,P2,2721.0,91.5,89.7,1.7999999999999972,-0.11785924044673379,1.917859240446731,0.0,0.0
2022-03-01,2A,P2,2721.0,87.7,91.45,-3.75,2.498611347788568,-6.248611347788568,0.0,0.0
2022-04-01,2A,P2,2721.0,85.6,91.45,-5.8500000000000085,0.8188208344334242,-6.668820834433433,0.0,0.0
2022-05-01,2A,P2,2721.0,90.9,91.45,-0.5499999999999972,3.8075718798753257,-4.357571879875323,0.0,0.0
2022-06-01,2A,P2,2721.0,95.0,91.45,3.549999999999997,5.296824045034697,-1.7468240450346997,0.0,0.0
2022-07-01,2A,P2,2721.0,90.6,91.45,-0.8500000000000085,3.908843017409808,-4.758843017409816,0.0,0.0
2022-08-01,2A,P2,2721.0,89.9,91.15,-1.25,4.021646537124667,-5.271646537124667,0.0,0.0
2022-09-01,2A,P2,2721.0,91.0,90.75,0.25,1.9168325150909453,-1.6668325150909453,0.0,0.0
2022-10-01,2A,P2,2721.0,86.9,90.75,-3.8499999999999943,-1.0836130062756126,-2.7663869937243817,0.0,0.0
2022-11-01,2A,P2,2721.0,89.8,90.75,-0.9500000000000028,2.722868854267446,-3.672868854267449,0.0,0.0
2022-12-01,2A,P2,2721.0,84.6,90.75,-6.150000000000006,-4.00716268388129,-2.1428373161187153,0.0,0.0
2023-01-01,2A,P2,2729.0,83.3,90.25,-6.950000000000003,-5.506346336437403,-1.4436536635625998,0.0,0.0
2023-02-01,2A,P2,2729.0,88.7,89.85,-1.1499999999999915,-5.361521367716023,4.211521367716031,0.0,0.0
2023-03-01,2A,P2,2729.0,91.3,89.25,2.049999999999997,-4.281691673182095,6.3316916731820925,0.0,0.0
2023-04-01,2A,P2,2729.0,91.1,89.85,1.25,-1.2957978870469589,2.545797887046959,0.0,0.0
2023-05-01,2A,P2,2729.0,92.7,90.25,2.450000000000003,0.33844951306251403,2.111550486937489,0.0,0.0
2023-06-01,2A,P2,2729.0,95.9,90.25,5.650000000000006,2.105373768355207,3.5446262316447985,0.0,0.0
2023-07-01,2A,P2,2731.0,94.5,90.25,4.25,2.770969788885907,1.4790302111140932,0.0,0.0
2023-08-01,2A,P2,2731.0,99.1,90.45,8.649999999999991,3.135188265243187,5.514811734756805,0.0,0.0
2023-09-01,2A,P2,2731.0,97.1,91.05,6.049999999999997,0.4625470655934407,5.587452934406556,0.0,0.0
2023-10-01,2A,P2,2731.0,90.0,91.19999999999999,-1.1999999999999886,-4.20253740778314,3.0025374077831515,0.0,0.0
2023-11-01,2A,P2,2731.0,85.7,91.19999999999999,-5.499999999999986,-0.9121479936960668,-4.587852006303919,0.0,0.0
2023-12-01,2A,P2,2732.0,91.9,91.19999999999999,0.700000000000017,3.094770982061121,-2.394770982061104,0.0,0.0
2024-01-01,2A,P2,2741.0,91.0,91.6,-0.5999999999999943,-4.678007099547997,4.078007099548003,0.0,0.0
2024-02-01,2A,P2,2741.0,80.5,91.6,-11.099999999999994,-8.066926209595309,-3.0330737904046856,0.0,0.0
2024-03-01,2A,P2,2741.0,85.3,91.6,-6.299999999999997,-2.0663207301703608,-4.233679269829636,0.0,0.0
2024-04-01,2A,P2,2741.0,83.5,91.5,-8.0,-1.3156876806178701,-6.68431231938213,0.0,0.0
2024-05-01,2A,P2,2741.0,94.6,91.45,3.1499999999999915,2.846553657251718,0.3034463427482734,0.0,0.0
2024-06-01,2A,P2,2741.0,96.7,91.45,5.25,3.5301973770254733,1.7198026229745267,0.0,0.0
2024-07-01,2A,P2,2741.0,91.5,91.45,0.04999999999999716,1.7560659344293583,-1.7060659344293612,0.0,0.0
2024-08-01,2A,P2,2741.0,95.6,91.25,4.349999999999994,3.3213672706715016,1.0286327293284927,0.0,0.0
2024-09-01,2A,P2,2741.0,91.1,91.25,-0.15000000000000568,-0.22300687713322986,0.07300687713322418,0.0,0.0
2024-10-01,2A,P2,2741.0,86.6,91.05,-4.450000000000003,-0.48206324847386384,-3.967936751526139,0.0,0.0
2024-11-01,2A,P2,2741.0,88.1,91.05,-2.950000000000003,1.411020230486443,-4.361020230486446,0.0,0.0
2024-12-01,2A,P2,2741.0,92.4,91.05,1.3500000000000085,2.0055192230598777,-0.6555192230598692,0.0,0.0
2025-01-01,2A,P2,2750.0,92.0,91.05,0.9500000000000028,-3.864208728785343,4.814208728785346,0.0,0.0
2025-02-01,2A,P2,2750.0,92.3,91.3,1.0,-5.788562832128818,6.788562832128818,0.0,0.0
2025-03-01,2A,P2,2750.0,93.5,91.75,1.75,-1.5488315282628662,3.298831528262866,0.0,0.0
2025-04-01,2A,P2,2750.0,94.9,92.15,2.75,-0.1902169145301542,2.940216914530154,0.0,0.0
2025-05-01,2A,P2,2750.0,97.9,92.35,5.550000000000011,3.116587780895756,2.4334122191042553,0.0,0.0
2025-06-01,2A,P2,2750.0,97.9,92.35,5.550000000000011,4.399165832765135,1.1508341672348763,0.0,0.0
2025-07-01,2A,P2,2750.0,98.5,92.35,6.150000000000006,4.556888425133408,1.5931115748665974,0.0,0.0
2025-08-01,2A,P2,2750.0,93.0,92.95,0.04999999999999716,4.182845145578327,-4.1328451455783295,0.0,0.0
2025-09-01,2A,P2,2750.0,96.9,92.7,4.200000000000003,1.9734256330037283,2.2265743669962745,0.0,0.0
2025-10-01,2A,P2,2750.0,83.5,93.25,-9.75,-4.165038185158082,-5.584961814841918,0.0,0.0
2025-11-01,2A,P2,2750.0,95.3,93.25,2.049999999999997,1.1476831666894185,0.9023168333105787,0.0,0.0
2025-12-01,2A,P2,2750.0,95.7,94.2,1.5,2.674922367080086,-1.174922367080086,0.0,0.0
2026-01-01,2A,P2,2764.0,93.2,95.1,-1.8999999999999915,-1.8881275518184708,-0.011872448181520667,0.0,0.0
2026-02-01,2A,P2,2764.0,89.3,95.1,-5.799999999999997,-4.347140876342209,-1.4528591236577881,0.0,0.0
2026-03-01,2A,P2,2764.0,83.8,95.1,-11.299999999999997,-1.6661842624423713,-9.633815737557626,0.0,0.0
2026-04-01,2A,P2,2764.0,80.3,95.1,-14.799999999999997,-3.2261287531445646,-11.573871246855433,1.0,0.15562565720294425
2026-05-01,2A,P2,2764.0,91.8,94.25,-2.450000000000003,0.6417257502912719,-3.0917257502912747,0.0,0.0
2026-06-01,2A,P2,2764.0,100.9,93.1,7.800000000000011,3.1450487282120463,4.654951271787965,0.0,0.0
2026-07-01,2A,P2,2764.0,101.0,93.1,7.900000000000006,3.2509939174965723,4.649006082503433,0.0,0.0
1985-01-01,2B,P2,306.0,90.6,,,,,,0.0
1985-02-01,2B,P2,306.0,90.2,,,,,,0.0
1985-03-01,2B,P2,306.0,86.3,,,,,,0.0
1985-04-01,2B,P2,306.0,92.8,,,,,,0.0
1985-05-01,2B,P2,306.0,95.6,,,,,,0.0
1985-06-01,2B,P2,306.0,97.3,,,,,,0.0
1985-07-01,2B,P2,306.0,94.6,,,,,,0.0
1985-08-01,2B,P2,306.0,97.9,,,,,,0.0
1985-09-01,2B,P2,306.0,88.2,,,,,,0.0
1985-10-01,2B,P2,306.0,95.3,,,,,,0.0
1985-11-01,2B,P2,306.0,94.9,,,,,,0.0
1985-12-01,2B,P2,306.0,95.2,,,,,,0.0
1986-01-01,2B,P2,317.0,89.9,94.75,-4.849999999999994,3.3794184225918826,-8.229418422591877,0.0,0.0
1986-02-01,2B,P2,317.0,89.7,94.75,-5.049999999999997,-0.5297312694749365,-4.520268730525061,0.0,0.0
1986-03-01,2B,P2,317.0,92.5,94.75,-2.25,-2.532202086595561,0.2822020865955608,0.0,0.0
1986-04-01,2B,P2,317.0,88.4,94.75,-6.349999999999994,3.0102177084676924,-9.360217708467687,0.0,0.0
1986-05-01,2B,P2,317.0,84.7,94.75,-10.049999999999997,7.057715632446346,-17.107715632446343,1.0,0.10606860158311343
1986-06-01,2B,P2,317.0,96.6,93.55,3.049999999999997,6.515430974419743,-3.4654309744197462,0.0,0.0
1986-07-01,2B,P2,317.0,97.6,93.55,4.049999999999997,3.5399241831872246,0.5100758168127726,0.0,0.0
1986-08-01,2B,P2,317.0,98.5,93.7,4.799999999999997,6.077403834738362,-1.2774038347383652,0.0,0.0
1986-09-01,2B,P2,317.0,89.7,93.7,-4.0,4.1589583429821175,-8.158958342982118,0.0,0.0
1986-10-01,2B,P2,317.0,94.4,93.7,0.7000000000000028,1.4049025435373892,-0.7049025435373864,0.0,0.0
1986-11-01,2B,P2,317.0,95.3,93.45,1.8499999999999943,1.79466009831512,0.05533990168487435,0.0,0.0
1986-12-01,2B,P2,317.0,95.2,93.45,1.75,0.4101450931230204,1.3398549068769796,0.0,0.0
1987-01-01,2B,P2,317.0,87.9,93.45,-5.549999999999997,-2.064585173255125,-3.485414826744872,0.0,0.0
1987-02-01,2B,P2,317.0,86.4,93.45,-7.049999999999997,-3.913662311452697,-3.1363376885473,0.0,0.0
1987-03-01,2B,P2,317.0,87.9,93.45,-5.549999999999997,-5.172055282045164,-0.37794471795483275,0.0,0.0
1987-04-01,2B,P2,317.0,87.6,92.05000000000001,-4.450000000000017,-2.6330799574459434,-1.8169200425540737,0.0,0.0
1987-05-01,2B,P2,317.0,69.9,92.05000000000001,-22.150000000000006,-1.2674924967919878,-20.882507503208018,1.0,0.24063009234111898
1987-06-01,2B,P2,317.0,94.5,92.05000000000001,2.4499999999999886,2.1091823788544275,0.34081762114556113,0.0,0.0
1987-07-01,2B,P2,317.0,96.5,92.05000000000001,4.449999999999989,3.4699698314957175,0.9800301685042712,0.0,0.0
1987-08-01,2B,P2,317.0,97.8,92.05000000000001,5.749999999999986,3.4847209843049995,2.2652790156949862,0.0,0.0
1987-09-01,2B,P2,317.0,97.0,92.05000000000001,4.949999999999989,2.225835224158331,2.7241647758416576,0.0,0.0
1987-10-01,2B,P2,317.0,96.6,94.45,2.1499999999999915,-0.5397043148731768,2.6897043148731683,0.0,0.0
1987-11-01,2B,P2,317.0,95.1,94.85,0.25,-0.9557356888449817,1.2057356888449817,0.0,0.0
1987-12-01,2B,P2,317.0,90.3,94.8,-4.5,1.2892766318278603,-5.78927663182786,0.0,0.0
1988-01-01,2B,P2,312.0,89.6,92.4,-2.8000000000000114,0.15671516336347224,-2.9567151633634836,0.0,0.0
1988-02-01,2B,P2,312.0,90.1,92.4,-2.3000000000000114,-1.8875332356537342,-0.41246676434627716,0.0,0.0
1988-03-01,2B,P2,312.0,93.2,92.4,0.7999999999999972,0.5893341572292883,0.21066584277070888,0.0,0.0
1988-04-01,2B,P2,312.0,95.6,93.85,1.75,0.9483000846020104,0.8016999153979896,0.0,0.0
1988-05-01,2B,P2,312.0,96.2,94.8,1.4000000000000057,2.103784141442702,-0.7037841414426964,0.0,0.0
1988-06-01,2B,P2,312.0,103.0,95.35,7.650000000000006,2.093638832375845,5.556361167624161,0.0,0.0
1988-07-01,2B,P2,332.0,99.7,95.9,3.799999999999997,2.5434321048283692,1.256567895171628,0.0,0.0
1988-08-01,2B,P2,332.0,101.9,95.9,6.0,3.4706222289040767,2.5293777710959233,0.0,0.0
1988-09-01,2B,P2,332.0,100.0,95.9,4.099999999999994,-0.31863037031827446,4.418630370318269,0.0,0.0
1988-10-01,2B,P2,332.0,92.5,95.9,-3.4000000000000057,-0.35992451597084596,-3.0400754840291597,0.0,0.0
1988-11-01,2B,P2,332.0,92.0,95.35,-3.3499999999999943,0.16059517060720907,-3.5105951706072034,0.0,0.0
1988-12-01,2B,P2,332.0,92.0,94.4,-2.4000000000000057,1.2065172554753048,-3.6065172554753104,0.0,0.0
1989-01-01,2B,P2,337.0,95.2,94.4,0.7999999999999972,2.269736984831198,-1.4697369848312007,0.0,0.0
1989-02-01,2B,P2,337.0,93.7,95.4,-1.7000000000000028,-1.7612451867868089,0.061245186786806016,0.0,0.0
1989-03-01,2B,P2,337.0,95.1,95.4,-0.30000000000001137,-0.7554049041973059,0.4554049041972945,0.0,0.0
1989-04-01,2B,P2,342.0,83.1,95.4,-12.300000000000011,-0.9020813561787691,-11.397918643821242,1.0,0.128930817610063
1989-05-01,2B,P2,342.0,81.6,95.15,-13.550000000000011,1.9151160375523801,-15.465116037552392,1.0,0.14240672622175524
1989-06-01,2B,P2,342.0,90.6,94.4,-3.8000000000000114,5.085430950566874,-8.885430950566885,0.0,0.0
1989-07-01,2B,P2,342.0,96.1,93.1,3.0,4.378163434643298,-1.378163434643298,0.0,0.0
1989-08-01,2B,P2,342.0,93.7,93.1,0.6000000000000085,4.757523564335017,-4.157523564335008,0.0,0.0
1989-09-01,2B,P2,342.0,91.1,93.1,-2.0,3.881265936515888,-5.881265936515888,0.0,0.0
1989-10-01,2B,P2,342.0,95.4,92.25,3.1500000000000057,0.3897879640323083,2.7602120359676974,0.0,0.0
1989-11-01,2B,P2,342.0,93.3,92.85,0.45000000000000284,-0.03257487330654385,0.4825748733065467,0.0,0.0
1989-12-01,2B,P2,342.0,93.2,93.5,-0.29999999999999716,-2.1720284790656734,1.8720284790656763,0.0,0.0
1990-01-01,2B,P2,343.0,92.9,93.5,-0.5999999999999943,1.581614951387479,-2.1816149513874734,0.0,0.0
1990-02-01,2B,P2,343.0,89.1,93.25,-4.150000000000006,1.6187697258800853,-5.768769725880091,0.0,0.0
1990-03-01,2B,P2,343.0,90.5,93.05000000000001,-2.5500000000000114,-3.1699083007276982,0.6199083007276869,0.0,0.0
1990-04-01,2B,P2,343.0,85.8,92.0,-6.200000000000003,-2.0899185689859365,-4.110081431014066,0.0,0.0
1990-05-01,2B,P2,343.0,79.3,92.0,-12.700000000000003,0.004042411632724452,-12.704042411632727,1.0,0.1380434782608696
1990-06-01,2B,P2,343.0,101.1,92.0,9.099999999999994,1.6272695346844301,7.472730465315564,0.0,0.0
1990-07-01,2B,P2,343.0,105.9,93.05000000000001,12.849999999999994,4.972662091583999,7.877337908415996,0.0,0.0
1990-08-01,2B,P2,343.0,102.2,93.05000000000001,9.149999999999991,3.2019299169562743,5.948070083043717,0.0,0.0
1990-09-01,2B,P2,343.0,102.7,93.05000000000001,9.649999999999991,3.6303504011071652,6.019649598892826,0.0,0.0
1990-10-01,2B,P2,343.0,96.0,93.25,2.75,-3.965306122660323,6.715306122660323,0.0,0.0
1990-11-01,2B,P2,343.0,97.1,93.25,3.8499999999999943,-3.255431864665809,7.105431864665803,0.0,0.0
1990-12-01,2B,P2,343.0,91.4,94.6,-3.1999999999999886,-4.639762070911615,1.4397620709116268,0.0,0.0
1991-01-01,2B,P2,358.0,89.0,94.45,-5.450000000000003,-4.929044213542824,-0.5209557864571792,0.0,0.0
1991-02-01,2B,P2,358.0,91.6,93.7,-2.1000000000000085,-1.670854802289611,-0.4291451977103975,0.0,0.0
1991-03-01,2B,P2,358.0,94.5,93.8,0.7000000000000028,-1.4981016708613737,2.1981016708613765,0.0,0.0
1991-04-01,2B,P2,358.0,67.0,95.25,-28.25,-0.09798619526898733,-28.152013804731013,1.0,0.29658792650918636
1991-05-01,2B,P2,358.0,90.4,95.25,-4.849999999999994,3.015339191201548,-7.865339191201542,0.0,0.0
1991-06-01,2B,P2,358.0,96.6,95.25,1.3499999999999943,5.324292424798159,-3.974292424798165,0.0,0.0
1991-07-01,2B,P2,358.0,92.1,95.25,-3.1500000000000057,4.323740470846204,-7.473740470846209,0.0,0.0
1991-08-01,2B,P2,358.0,90.2,93.3,-3.0999999999999943,4.5434308869711515,-7.643430886971146,0.0,0.0
1991-09-01,2B,P2,358.0,85.6,91.85,-6.25,3.7865978186086835,-10.036597818608683,1.0,0.06804572672836147
1991-10-01,2B,P2,358.0,89.5,91.5,-2.0,-1.0379432453344037,-0.9620567546655963,0.0,0.0
1991-11-01,2B,P2,358.0,93.5,90.9,2.5999999999999943,-0.813569755956479,3.4135697559564733,0.0,0.0
1991-12-01,2B,P2,358.0,91.5,90.9,0.5999999999999943,2.07150678476323,-1.4715067847632355,0.0,0.0
1992-01-01,2B,P2,358.0,90.2,90.95,-0.75,-2.153875126985895,1.403875126985895,0.0,0.0
1992-02-01,2B,P2,358.0,91.7,90.95,0.75,-4.27925124782071,5.02925124782071,0.0,0.0
1992-03-01,2B,P2,358.0,91.3,90.95,0.3499999999999943,-0.5145356386749427,0.864535638674937,0.0,0.0
1992-04-01,2B,P2,358.0,93.7,90.85,2.8500000000000085,-0.37576609886409074,3.2257660988640993,0.0,0.0
1992-05-01,2B,P2,358.0,92.9,91.4,1.5,3.377657885260575,-1.8776578852605752,0.0,0.0
1992-06-01,2B,P2,358.0,90.8,91.6,-0.7999999999999972,6.395017998760622,-7.195017998760619,0.0,0.0
1992-07-01,2B,P2,358.0,94.1,91.4,2.6999999999999886,5.860552572240266,-3.1605525722402774,0.0,0.0
1992-08-01,2B,P2,358.0,93.4,91.4,2.0,3.056884578210486,-1.0568845782104859,0.0,0.0
1992-09-01,2B,P2,358.0,90.2,91.6,-1.3999999999999915,4.69142788791298,-6.091427887912971,0.0,0.0
1992-10-01,2B,P2,358.0,94.1,91.6,2.5,3.306484611184459,-0.8064846111844588,0.0,0.0
1992-11-01,2B,P2,358.0,92.4,92.30000000000001,0.09999999999999432,2.324635598731234,-2.22463559873124,0.0,0.0
1992-12-01,2B,P2,358.0,96.1,92.05000000000001,4.049999999999983,-1.661169596942031,5.711169596942014,0.0,0.0
1993-01-01,2B,P2,358.0,96.9,92.65,4.25,-2.4201088664155748,6.670108866415575,0.0,0.0
1993-02-01,2B,P2,358.0,98.6,93.15,5.449999999999989,-2.6271779867038134,8.077177986703802,0.0,0.0
1993-03-01,2B,P2,358.0,101.8,93.55000000000001,8.249999999999986,0.07597628938157186,8.174023710618414,0.0,0.0
1993-04-01,2B,P2,358.0,88.5,93.9,-5.400000000000006,1.988341524542264,-7.38834152454227,0.0,0.0
1993-05-01,2B,P2,358.0,91.4,93.75,-2.3499999999999943,3.456248221341866,-5.8062482213418605,0.0,0.0
1993-06-01,2B,P2,358.0,102.1,93.75,8.349999999999994,5.336087915725983,3.0139120842740112,0.0,0.0
1993-07-01,2B,P2,358.0,97.0,94.1,2.9000000000000057,5.387771200507956,-2.48777120050795,0.0,0.0
1993-08-01,2B,P2,358.0,99.0,95.1,3.9000000000000057,3.001034727403649,0.8989652725963566,0.0,0.0
1993-09-01,2B,P2,358.0,105.8,96.5,9.299999999999997,2.32488638671191,6.975113613288087,0.0,0.0
1993-10-01,2B,P2,383.0,101.2,96.95,4.25,1.1250374272366486,3.1249625727633514,0.0,0.0
1993-11-01,2B,P2,383.0,95.0,97.8,-2.799999999999997,0.3829993806863712,-3.1829993806863683,0.0,0.0
1993-12-01,2B,P2,383.0,92.3,97.8,-5.5,-0.7266277160969423,-4.773372283903058,0.0,0.0
1994-01-01,2B,P2,378.0,98.6,97.8,0.7999999999999972,-2.084868289382996,2.884868289382993,0.0,0.0
1994-02-01,2B,P2,378.0,101.0,98.6,2.4000000000000057,-3.1551670390244055,5.555167039024411,0.0,0.0
1994-03-01,2B,P2,378.0,97.9,98.8,-0.8999999999999915,-4.334127715050755,3.4341277150507636,0.0,0.0
1994-04-01,2B,P2,378.0,89.5,98.25,-8.75,0.512353824148903,-9.262353824148903,0.0,0.0
1994-05-01,2B,P2,378.0,90.1,98.25,-8.150000000000006,3.242904960896226,-11.392904960896232,1.0,0.08295165394402042
1994-06-01,2B,P2,378.0,97.6,98.25,-0.6500000000000057,3.5961068338765045,-4.24610683387651,0.0,0.0
1994-07-01,2B,P2,378.0,98.4,97.75,0.6500000000000057,3.3148506156177717,-2.664850615617766,0.0,0.0
1994-08-01,2B,P2,378.0,102.7,98.15,4.549999999999997,4.230169349963404,0.31983065003659306,0.0,0.0
1994-09-01,2B,P2,378.0,93.0,98.15,-5.150000000000006,2.246250296830695,-7.396250296830701,0.0,0.0
1994-10-01,2B,P2,378.0,92.7,97.75,-5.049999999999997,-2.3911517399596676,-2.6588482600403296,0.0,0.0
1994-11-01,2B,P2,378.0,98.8,96.3,2.5,0.4760509032583684,2.0239490967416316,0.0,0.0
1994-12-01,2B,P2,378.0,98.8,97.75,1.0499999999999972,0.11830492387221625,0.9316950761277809,0.0,0.0
1995-01-01,2B,P2,388.0,96.4,98.15,-1.75,-3.0366052355474267,1.2866052355474267,0.0,0.0
1995-02-01,2B,P2,388.0,93.6,97.75,-4.150000000000006,-3.6401625225276604,-0.5098374774723453,0.0,0.0
1995-03-01,2B,P2,388.0,95.3,97.0,-1.7000000000000028,-5.966108615572182,4.266108615572179,0.0,0.0
1995-04-01,2B,P2,388.0,94.7,95.85,-1.1499999999999915,-2.143383403474516,0.9933834034745246,0.0,0.0
1995-05-01,2B,P2,388.0,92.3,95.85,-3.549999999999997,1.337832812647278,-4.887832812647275,0.0,0.0
1995-06-01,2B,P2,388.0,105.5,95.85,9.650000000000006,2.986864399804432,6.663135600195574,0.0,0.0
1995-07-01,2B,P2,388.0,104.1,95.85,8.25,1.4068195312713954,6.843180468728605,0.0,0.0
1995-08-01,2B,P2,388.0,103.7,95.85,7.8500000000000085,1.3668641553639418,6.483135844636067,0.0,0.0
1995-09-01,2B,P2,388.0,102.7,95.85,6.8500000000000085,2.910940476229996,3.9390595237700126,0.0,0.0
1995-10-01,2B,P2,388.0,88.4,97.6,-9.199999999999989,-2.14870368864176,-7.051296311358229,0.0,0.0
1995-11-01,2B,P2,388.0,99.6,97.6,2.0,-0.5103164611690261,2.510316461169026,0.0,0.0
1995-12-01,2B,P2,388.0,95.4,97.6,-2.1999999999999886,0.9444343468755392,-3.144434346875528,0.0,0.0
1996-01-01,2B,P2,388.0,97.4,95.9,1.5,-2.1068500425796515,3.6068500425796515,0.0,0.0
1996-02-01,2B,P2,391.0,99.3,96.4,2.8999999999999915,-2.538001441794165,5.438001441794157,0.0,0.0
1996-03-01,2B,P2,391.0,102.6,98.35,4.25,-0.919995983909871,5.169995983909871,0.0,0.0
1996-04-01,2B,P2,391.0,98.5,99.44999999999999,-0.9499999999999886,2.3007520242550044,-3.250752024254993,0.0,0.0
1996-05-01,2B,P2,391.0,95.6,99.44999999999999,-3.8499999999999943,2.1062332145862115,-5.956233214586206,0.0,0.0
1996-06-01,2B,P2,391.0,105.5,99.44999999999999,6.050000000000011,2.738233913643228,3.3117660863567835,0.0,0.0
1996-07-01,2B,P2,401.0,99.7,99.44999999999999,0.2500000000000142,1.270060345612464,-1.0200603456124497,0.0,0.0
1996-08-01,2B,P2,401.0,104.7,99.44999999999999,5.250000000000014,1.2979568587820438,3.9520431412179704,0.0,0.0
1996-09-01,2B,P2,401.0,104.5,99.44999999999999,5.050000000000011,1.7753173567198246,3.2746826432801868,0.0,0.0
1996-10-01,2B,P2,401.0,98.8,99.44999999999999,-0.6499999999999915,0.5071915375848306,-1.157191537584822,0.0,0.0
1996-11-01,2B,P2,401.0,105.3,99.44999999999999,5.8500000000000085,-0.5715760114305652,6.421576011430574,0.0,0.0
1996-12-01,2B,P2,401.0,100.2,99.5,0.7000000000000028,-0.4851802054017327,1.1851802054017355,0.0,0.0
1997-01-01,2B,P2,413.0,97.9,99.95,-2.049999999999997,-5.683388405386182,3.633388405386185,0.0,0.0
1997-02-01,2B,P2,413.0,103.1,99.95,3.1499999999999915,-6.789044631117491,9.939044631117483,0.0,0.0
1997-03-01,2B,P2,413.0,101.2,101.4,-0.20000000000000284,-4.24393150998111,4.043931509981107,0.0,0.0
1997-04-01,2B,P2,413.0,94.6,100.7,-6.1000000000000085,-2.158671024711296,-3.9413289752887124,0.0,0.0
1997-05-01,2B,P2,413.0,104.1,100.7,3.3999999999999915,3.0551252185479143,0.3448747814520772,0.0,0.0
1997-06-01,2B,P2,413.0,107.3,102.15,5.1499999999999915,3.3535833514723095,1.796416648527682,0.0,0.0
1997-07-01,2B,P2,413.0,104.3,102.15,2.1499999999999915,2.6698974027528237,-0.5198974027528322,0.0,0.0
1997-08-01,2B,P2,413.0,104.7,103.6,1.1000000000000085,4.4425399972080015,-3.342539997207993,0.0,0.0
1997-09-01,2B,P2,413.0,103.1,103.6,-0.5,5.0840108390008965,-5.5840108390008965,0.0,0.0
1997-10-01,2B,P2,413.0,99.6,103.1,-3.5,2.464776125502624,-5.964776125502624,0.0,0.0
1997-11-01,2B,P2,413.0,106.5,103.1,3.4000000000000057,0.12385636952483026,3.2761436304751754,0.0,0.0
1997-12-01,2B,P2,413.0,107.2,103.1,4.1000000000000085,0.8414015916199418,3.2585984083800668,0.0,0.0
1998-01-01,2B,P2,413.0,102.1,103.6,-1.5,-3.731281795628476,2.231281795628476,0.0,0.0
1998-02-01,2B,P2,414.0,103.2,103.6,-0.3999999999999915,-6.299894666136481,5.89989466613649,0.0,0.0
1998-03-01,2B,P2,414.0,107.4,103.65,3.75,-2.3419874799689353,6.091987479968935,0.0,0.0
1998-04-01,2B,P2,414.0,103.0,104.19999999999999,-1.1999999999999886,0.4784273394841847,-1.6784273394841733,0.0,0.0
1998-05-01,2B,P2,414.0,97.6,104.19999999999999,-6.599999999999994,1.275327071587597,-7.875327071587591,0.0,0.0
1998-06-01,2B,P2,414.0,104.3,103.75,0.5499999999999972,1.86417421357676,-1.314174213576763,0.0,0.0
1998-07-01,2B,P2,414.0,109.4,103.75,5.650000000000006,2.0503267549477755,3.59967324505223,0.0,0.0
1998-08-01,2B,P2,414.0,105.1,103.75,1.3499999999999943,2.4106758104711616,-1.0606758104711673,0.0,0.0
1998-09-01,2B,P2,414.0,90.8,103.75,-12.950000000000003,-2.320993909662789,-10.629006090337214,1.0,0.12481927710843377
1998-10-01,2B,P2,414.0,93.1,103.75,-10.650000000000006,-7.484719759987229,-3.165280240012777,0.0,0.0
1998-11-01,2B,P2,414.0,107.1,103.75,3.3499999999999943,-1.6915600643901456,5.04156006439014,0.0,0.0
1998-12-01,2B,P2,414.0,101.2,103.75,-2.549999999999997,-1.0364722287333876,-1.5135277712666095,0.0,0.0
1999-01-01,2B,P2,421.0,99.5,103.1,-3.5999999999999943,-4.670101921727351,1.0701019217273569,0.0,0.0
1999-02-01,2B,P2,421.0,91.6,103.1,-11.5,-5.041981842262189,-6.458018157737811,0.0,0.0
1999-03-01,2B,P2,421.0,85.0,102.1,-17.099999999999994,-4.116618887777307,-12.983381112222688,1.0,0.16748285994123405
1999-04-01,2B,P2,421.0,85.7,100.35,-14.649999999999991,-0.41492010748530106,-14.23507989251469,1.0,0.14598903836571991
1999-05-01,2B,P2,421.0,85.6,98.55,-12.950000000000003,-0.9984638941545256,-11.951536105845477,1.0,0.13140537798072047
1999-06-01,2B,P2,421.0,99.3,96.3,3.0,-1.2518633292066141,4.251863329206614,0.0,0.0
1999-07-01,2B,P2,421.0,99.4,96.19999999999999,3.200000000000017,0.5955037160234724,2.6044962839765446,0.0,0.0
1999-08-01,2B,P2,421.0,100.6,96.19999999999999,4.400000000000006,1.271357105021508,3.1286428949784977,0.0,0.0
1999-09-01,2B,P2,421.0,77.4,96.19999999999999,-18.799999999999983,-0.1559792907974895,-18.644020709202493,1.0,0.19542619542619527
1999-10-01,2B,P2,421.0,93.9,96.19999999999999,-2.299999999999983,-2.947474704746597,0.6474747047466138,0.0,0.0
1999-11-01,2B,P2,421.0,101.2,96.6,4.6000000000000085,-1.9919799124272686,6.591979912427277,0.0,0.0
1999-12-01,2B,P2,421.0,96.8,96.6,0.20000000000000284,-3.320918038398162,3.5209180383981646,0.0,0.0
2000-01-01,2B,P2,421.0,94.5,95.35,-0.8499999999999943,-7.0134854895324,6.163485489532405,0.0,0.0
2000-02-01,2B,P2,421.0,97.6,94.2,3.3999999999999915,-6.361114860534315,9.761114860534306,0.0,0.0
2000-03-01,2B,P2,421.0,104.7,95.65,9.049999999999997,-3.0279289394099322,12.07792893940993,0.0,0.0
2000-04-01,2B,P2,421.0,96.8,97.19999999999999,-0.3999999999999915,-0.16935984750953992,-0.23064015249045156,0.0,0.0
2000-05-01,2B,P2,421.0,93.5,97.19999999999999,-3.6999999999999886,2.370287800078998,-6.070287800078987,0.0,0.0
2000-06-01,2B,P2,421.0,108.2,97.19999999999999,11.000000000000014,3.8827664780195335,7.117233521980481,0.0,0.0
2000-07-01,2B,P2,421.0,105.4,97.19999999999999,8.200000000000017,4.526598689936847,3.67340131006317,0.0,0.0
2000-08-01,2B,P2,421.0,101.0,97.19999999999999,3.8000000000000114,3.5311147292024287,0.2688852707975826,0.0,0.0
2000-09-01,2B,P2,421.0,99.0,97.19999999999999,1.8000000000000114,1.863294372590488,-0.06329437259047666,0.0,0.0
2000-10-01,2B,P2,421.0,102.5,98.3,4.200000000000003,-0.09116159454174522,4.291161594541748,0.0,0.0
2000-11-01,2B,P2,421.0,102.3,100.0,2.299999999999997,0.15813356118280808,2.141866438817189,0.0,0.0
2000-12-01,2B,P2,421.0,99.7,100.0,-0.29999999999999716,1.3237253486224034,-1.6237253486224006,0.0,0.0
2001-01-01,2B,P2,426.0,99.1,100.35,-1.25,-3.0644353496679884,1.8144353496679884,0.0,0.0
2001-02-01,2B,P2,426.0,99.3,100.35,-1.0499999999999972,-2.7012653834680833,1.6512653834680862,0.0,0.0
2001-03-01,2B,P2,426.0,100.5,100.35,0.15000000000000568,-3.820162940761776,3.9701629407617816,0.0,0.0
2001-04-01,2B,P2,426.0,98.0,100.1,-2.0999999999999943,1.6975147663683856,-3.79751476636838,0.0,0.0
2001-05-01,2B,P2,426.0,100.6,100.1,0.5,2.3687306301680167,-1.8687306301680167,0.0,0.0
2001-06-01,2B,P2,426.0,100.4,100.55,-0.14999999999999147,1.5804831764221774,-1.7304831764221689,0.0,0.0
2001-07-01,2B,P2,426.0,93.7,100.45,-6.75,-0.17265136841821516,-6.577348631581785,0.0,0.0
2001-08-01,2B,P2,426.0,99.7,100.05000000000001,-0.3500000000000085,-0.5957843315693623,0.24578433156935375,0.0,0.0
2001-09-01,2B,P2,426.0,76.4,99.7,-23.299999999999997,-1.315326519697578,-21.98467348030242,1.0,0.23370110330992974
2001-10-01,2B,P2,426.0,95.0,99.7,-4.700000000000003,-0.8581393931142287,-3.841860606885774,0.0,0.0
2001-11-01,2B,P2,426.0,104.0,99.5,4.5,-0.6380762939637776,5.138076293963778,0.0,0.0
2001-12-01,2B,P2,426.0,99.0,99.5,-0.5,-2.555984573518657,2.055984573518657,0.0,0.0
2002-01-01,2B,P2,426.0,88.8,99.19999999999999,-10.399999999999991,-4.546323728480857,-5.853676271519134,0.0,0.0
2002-02-01,2B,P2,426.0,93.3,99.15,-5.8500000000000085,-5.6573526136563,-0.19264738634370815,0.0,0.0
2002-03-01,2B,P2,426.0,93.2,98.5,-5.299999999999997,-4.393059226213012,-0.9069407737869852,0.0,0.0
2002-04-01,2B,P2,426.0,101.5,96.5,5.0,0.7703493231306169,4.229650676869383,0.0,0.0
2002-05-01,2B,P2,426.0,99.3,97.0,2.299999999999997,-0.7768727333234011,3.0768727333233983,0.0,0.0
2002-06-01,2B,P2,426.0,99.5,97.0,2.5,0.9667573681492172,1.5332426318507828,0.0,0.0
2002-07-01,2B,P2,426.0,91.2,97.0,-5.799999999999997,1.3169303578891345,-7.116930357889132,0.0,0.0
2002-08-01,2B,P2,426.0,92.2,97.0,-4.799999999999997,0.7392639298290078,-5.539263929829005,0.0,0.0
2002-09-01,2B,P2,426.0,93.9,94.15,-0.25,-1.7691111596484461,1.5191111596484461,0.0,0.0
2002-10-01,2B,P2,426.0,88.9,94.45,-5.549999999999997,-4.26052260476817,-1.2894773952318275,0.0,0.0
2002-11-01,2B,P2,426.0,95.9,93.6,2.3000000000000114,1.6770098462183256,0.6229901537816858,0.0,0.0
2002-12-01,2B,P2,426.0,94.1,93.6,0.5,0.19261463663748657,0.30738536336251343,0.0,0.0
2003-01-01,2B,P2,426.0,88.0,93.6,-5.599999999999994,-4.113476375551556,-1.4865236244484379,0.0,0.0
2003-02-01,2B,P2,426.0,89.6,93.6,-4.0,-3.870703275127312,-0.12929672487268817,0.0,0.0
2003-03-01,2B,P2,426.0,94.1,93.55000000000001,0.549999999999983,-0.7931596878333096,1.3431596878332925,0.0,0.0
2003-04-01,2B,P2,426.0,97.4,94.0,3.4000000000000057,2.7897278211229803,0.6102721788770253,0.0,0.0
2003-05-01,2B,P2,426.0,97.5,94.0,3.5,4.458536037029361,-0.9585360370293614,0.0,0.0
2003-06-01,2B,P2,426.0,98.0,94.0,4.0,2.777877088907914,1.222122911092086,0.0,0.0
2003-07-01,2B,P2,426.0,96.3,94.0,2.299999999999997,2.166651867986019,0.13334813201397822,0.0,0.0
2003-08-01,2B,P2,426.0,98.8,94.1,4.700000000000003,3.135830277348333,1.5641697226516698,0.0,0.0
2003-09-01,2B,P2,426.0,73.5,95.0,-21.5,1.2278352928725695,-22.72783529287257,1.0,0.22631578947368422
2003-10-01,2B,P2,426.0,90.4,95.0,-4.599999999999994,-0.41247731072367344,-4.187522689276321,0.0,0.0
2003-11-01,2B,P2,426.0,97.3,95.0,2.299999999999997,0.7756705278242038,1.5243294721757934,0.0,0.0
2003-12-01,2B,P2,426.0,92.2,95.19999999999999,-2.999999999999986,-0.3491401958442708,-2.650859804155715,0.0,0.0
2004-01-01,2B,P2,426.0,90.9,95.19999999999999,-4.299999999999983,-4.283296713830225,-0.016703286169757803,0.0,0.0
2004-02-01,2B,P2,426.0,91.3,95.19999999999999,-3.8999999999999915,-4.517934377811358,0.6179343778113662,0.0,0.0
2004-03-01,2B,P2,426.0,92.5,95.19999999999999,-2.6999999999999886,-4.848882836175505,2.148882836175517,0.0,0.0
2004-04-01,2B,P2,426.0,94.8,94.4,0.3999999999999915,-0.8758278859428543,1.2758278859428458,0.0,0.0
2004-05-01,2B,P2,426.0,99.8,93.65,6.1499999999999915,2.5745665941418565,3.575433405858135,0.0,0.0
2004-06-01,2B,P2,426.0,101.6,93.65,7.949999999999989,4.447916025792722,3.5020839742072667,0.0,0.0
2004-07-01,2B,P2,426.0,103.0,93.65,9.349999999999994,3.722665323454109,5.627334676545885,0.0,0.0
2004-08-01,2B,P2,426.0,94.9,93.65,1.25,4.0857156606357705,-2.8357156606357705,0.0,0.0
2004-09-01,2B,P2,426.0,81.9,93.65,-11.75,-2.8994719240276368,-8.850528075972363,0.0,0.0
2004-10-01,2B,P2,426.0,86.8,93.65,-6.8500000000000085,-2.5775261384736297,-4.272473861526379,0.0,0.0
2004-11-01,2B,P2,426.0,96.6,93.65,2.9499999999999886,1.5843099232387772,1.3656900767612115,0.0,0.0
2004-12-01,2B,P2,426.0,100.5,93.65,6.849999999999994,2.2788512022400766,4.571148797759918,0.0,0.0
2005-01-01,2B,P2,426.0,96.0,94.85,1.1500000000000057,-2.099562119439639,3.249562119439645,0.0,0.0
2005-02-01,2B,P2,426.0,94.7,95.45,-0.75,-2.829120922335477,2.079120922335477,0.0,0.0
2005-03-01,2B,P2,426.0,98.5,95.45,3.049999999999997,-2.6538391705106648,5.703839170510662,0.0,0.0
2005-04-01,2B,P2,426.0,96.6,96.3,0.29999999999999716,-0.5947233373289578,0.8947233373289549,0.0,0.0
2005-05-01,2B,P2,426.0,101.4,96.6,4.800000000000011,0.6756566743952845,4.124343325604727,0.0,0.0
2005-06-01,2B,P2,426.0,101.4,96.6,4.800000000000011,3.5453758380225366,1.2546241619774747,0.0,0.0
2005-07-01,2B,P2,426.0,101.5,96.6,4.900000000000006,0.6632089553397549,4.236791044660251,0.0,0.0
2005-08-01,2B,P2,426.0,103.7,96.6,7.1000000000000085,-0.8184605836884344,7.918460583688443,0.0,0.0
2005-09-01,2B,P2,426.0,93.6,97.55,-3.950000000000003,-9.191544312469802,5.241544312469799,0.0,0.0
2005-10-01,2B,P2,426.0,97.7,97.55,0.15000000000000568,-11.425540310542715,11.57554031054272,0.0,0.0
2005-11-01,2B,P2,426.0,101.1,98.1,3.0,-3.4685824005281916,6.468582400528192,0.0,0.0
2005-12-01,2B,P2,426.0,98.7,99.5,-0.7999999999999972,-2.602369599393299,1.8023695993933018,0.0,0.0
2006-01-01,2B,P2,442.0,95.9,98.6,-2.6999999999999886,-4.032381491042884,1.332381491042895,0.0,0.0
2006-02-01,2B,P2,442.0,95.4,98.6,-3.1999999999999886,-4.163386425933595,0.9633864259336065,0.0,0.0
2006-03-01,2B,P2,442.0,94.7,98.6,-3.8999999999999915,-4.318823069770787,0.4188230697707951,0.0,0.0
2006-04-01,2B,P2,442.0,87.7,98.2,-10.5,-1.3219531943121012,-9.178046805687899,0.0,0.0
2006-05-01,2B,P2,442.0,93.1,98.2,-5.1000000000000085,2.561641153328324,-7.661641153328333,0.0,0.0
2006-06-01,2B,P2,442.0,95.0,96.80000000000001,-1.8000000000000114,4.360732637429294,-6.160732637429305,0.0,0.0
2006-07-01,2B,P2,442.0,97.7,95.65,2.049999999999997,3.8796418653251976,-1.8296418653252005,0.0,0.0
2006-08-01,2B,P2,442.0,96.7,95.65,1.0499999999999972,4.543213417098897,-3.4932134170989,0.0,0.0
2006-09-01,2B,P2,442.0,86.8,95.65,-8.850000000000009,4.368383683835546,-13.218383683835555,1.0,0.0925248301097753
2006-10-01,2B,P2,442.0,91.6,95.65,-4.050000000000011,-1.4531368267017086,-2.5968631732983027,0.0,0.0
2006-11-01,2B,P2,442.0,95.6,95.2,0.3999999999999915,-1.32102372975325,1.7210237297532416,0.0,0.0
2006-12-01,2B,P2,442.0,93.1,95.2,-2.1000000000000085,1.8926155541108614,-3.99261555411087,0.0,0.0
2007-01-01,2B,P2,442.0,85.9,94.85,-8.949999999999989,-1.1324950463783523,-7.817504953621636,0.0,0.0
2007-02-01,2B,P2,442.0,94.1,93.9,0.19999999999998863,-4.700177756296782,4.90017775629677,0.0,0.0
2007-03-01,2B,P2,442.0,94.6,93.6,1.0,-2.3389510437717007,3.3389510437717007,0.0,0.0
2007-04-01,2B,P2,442.0,96.6,93.6,3.0,-1.2509888769617277,4.250988876961728,0.0,0.0
2007-05-01,2B,P2,442.0,94.5,94.35,0.15000000000000568,0.2772066799283124,-0.1272066799283067,0.0,0.0
2007-06-01,2B,P2,442.0,90.1,94.55,-4.450000000000003,-0.4593958528907933,-3.9906041471092095,0.0,0.0
2007-07-01,2B,P2,442.0,97.9,94.3,3.6000000000000085,2.8845539680305166,0.715446031969492,0.0,0.0
2007-08-01,2B,P2,442.0,95.3,94.3,1.0,2.504082086230028,-1.504082086230028,0.0,0.0
2007-09-01,2B,P2,442.0,79.1,94.3,-15.200000000000003,0.5873269681074049,-15.787326968107408,1.0,0.1611876988335101
2007-10-01,2B,P2,442.0,65.5,94.3,-28.799999999999997,-0.9131257799010939,-27.886874220098903,1.0,0.30540827147401906
2007-11-01,2B,P2,442.0,99.5,94.3,5.200000000000003,0.5421610560207455,4.657838943979257,0.0,0.0
2007-12-01,2B,P2,442.0,98.8,94.3,4.5,0.03356179609686194,4.466438203903138,0.0,0.0
2008-01-01,2B,P2,454.0,91.6,94.55,-2.950000000000003,-2.828478713726554,-0.12152128627344894,0.0,0.0
2008-02-01,2B,P2,454.0,92.1,94.55,-2.450000000000003,-3.6312241238328653,1.1812241238328625,0.0,0.0
2008-03-01,2B,P2,454.0,87.0,94.55,-7.549999999999997,-5.376867277359821,-2.173132722640176,0.0,0.0
2008-04-01,2B,P2,454.0,88.8,93.3,-4.5,-2.4340888995959347,-2.0659111004040653,0.0,0.0
2008-05-01,2B,P2,454.0,90.4,91.85,-1.4499999999999886,0.1955366025770644,-1.645536602577053,0.0,0.0
2008-06-01,2B,P2,454.0,97.4,91.0,6.400000000000006,0.9692006301790173,5.430799369820988,0.0,0.0
2008-07-01,2B,P2,454.0,92.2,91.85,0.3500000000000085,0.09097925409621155,0.259020745903797,0.0,0.0
2008-08-01,2B,P2,454.0,94.0,91.85,2.1500000000000057,-1.6088503881525185,3.758850388152524,0.0,0.0
2008-09-01,2B,P2,454.0,79.1,91.85,-12.75,-13.41859555204428,0.6685955520442803,0.0,0.0
2008-10-01,2B,P2,454.0,84.7,91.85,-7.1499999999999915,-1.9275309062004595,-5.222469093799532,0.0,0.0
2008-11-01,2B,P2,454.0,97.9,91.85,6.050000000000011,-0.8558150817393084,6.90581508173932,0.0,0.0
2008-12-01,2B,P2,454.0,95.3,91.85,3.450000000000003,-2.0270559503843373,5.47705595038434,0.0,0.0
2009-01-01,2B,P2,447.0,94.1,91.85,2.25,-3.4817919654750824,5.731791965475082,0.0,0.0
2009-02-01,2B,P2,447.0,97.3,92.15,5.1499999999999915,-4.013498795716018,9.16349879571601,0.0,0.0
2009-03-01,2B,P2,447.0,92.1,93.1,-1.0,-4.060969370636798,3.0609693706367977,0.0,0.0
2009-04-01,2B,P2,447.0,94.0,93.1,0.9000000000000057,-2.858830393724176,3.758830393724182,0.0,0.0
2009-05-01,2B,P2,447.0,82.6,94.0,-11.400000000000006,-0.6518880889116616,-10.748111911088344,1.0,0.12127659574468092
2009-06-01,2B,P2,447.0,91.9,94.0,-2.0999999999999943,2.025930193064113,-4.125930193064107,0.0,0.0
2009-07-01,2B,P2,447.0,100.1,93.1,7.0,0.271491705667799,6.728508294332201,0.0,0.0
2009-08-01,2B,P2,447.0,93.1,94.0,-0.9000000000000057,0.14533368293153615,-1.0453336829315418,0.0,0.0
2009-09-01,2B,P2,447.0,82.9,93.55,-10.649999999999991,0.992129678633134,-11.642129678633125,1.0,0.11384286477819339
2009-10-01,2B,P2,447.0,83.7,93.55,-9.849999999999994,-2.5393707048585696,-7.310629295141425,0.0,0.0
2009-11-01,2B,P2,447.0,94.5,93.55,0.9500000000000028,-2.905678369743484,3.8556783697434867,0.0,0.0
2009-12-01,2B,P2,447.0,92.6,93.55,-0.9500000000000028,-2.045260143167795,1.095260143167792,0.0,0.0
2010-01-01,2B,P2,447.0,89.1,92.85,-3.75,-2.544076315350978,-1.2059236846490222,0.0,0.0
2010-02-01,2B,P2,447.0,92.7,92.35,0.3500000000000085,-0.9728210957448766,1.3228210957448852,0.0,0.0
2010-03-01,2B,P2,447.0,93.7,92.35,1.3500000000000085,1.1390421221211682,0.21095787787884035,0.0,0.0
2010-04-01,2B,P2,447.0,86.1,92.65,-6.550000000000011,5.683231258784531,-12.233231258784542,1.0,0.07069616837560724
2010-05-01,2B,P2,447.0,86.2,92.25,-6.049999999999997,4.576182251267923,-10.62618225126792,1.0,0.06558265582655823
2010-06-01,2B,P2,447.0,100.9,92.25,8.650000000000006,7.009532553880007,1.6404674461199988,0.0,0.0
2010-07-01,2B,P2,447.0,102.9,92.65,10.25,7.5007543973214155,2.7492456026785845,0.0,0.0
2010-08-01,2B,P2,447.0,102.6,92.65,9.949999999999989,5.4621446439964245,4.487855356003564,0.0,0.0
2010-09-01,2B,P2,447.0,84.7,92.65,-7.950000000000003,2.37174084871468,-10.321740848714683,1.0,0.08580679978413386
2010-10-01,2B,P2,447.0,101.3,92.65,8.649999999999991,-2.2929008124657884,10.94290081246578,0.0,0.0
2010-11-01,2B,P2,447.0,100.1,93.2,6.8999999999999915,1.690177690500903,5.2098223094990885,0.0,0.0
2010-12-01,2B,P2,447.0,90.9,93.2,-2.299999999999997,1.9094557576161009,-4.209455757616098,0.0,0.0
2011-01-01,2B,P2,428.0,100.1,93.2,6.8999999999999915,-2.5848725498490808,9.484872549849072,0.0,0.0
2011-02-01,2B,P2,428.0,104.8,96.9,7.8999999999999915,-7.327799764146874,15.227799764146866,0.0,0.0
2011-03-01,2B,P2,428.0,96.6,100.1,-3.5,-3.0169636588303064,-0.48303634116969363,0.0,0.0
2011-04-01,2B,P2,428.0,88.7,100.1,-11.399999999999991,-4.413265175434006,-6.9867348245659855,0.0,0.0
2011-05-01,2B,P2,428.0,96.7,100.1,-3.3999999999999915,-1.2003964333927684,-2.199603566607223,0.0,0.0
2011-06-01,2B,P2,428.0,106.7,100.1,6.6000000000000085,3.0888931177295547,3.511106882270454,0.0,0.0
2011-07-01,2B,P2,428.0,108.2,100.1,8.100000000000009,4.34010809207696,3.7598919079230484,0.0,0.0
2011-08-01,2B,P2,428.0,106.8,100.1,6.700000000000003,4.380295271419584,2.319704728580419,0.0,0.0
2011-09-01,2B,P2,428.0,98.2,100.1,-1.8999999999999915,2.8607993025409684,-4.76079930254096,0.0,0.0
2011-10-01,2B,P2,428.0,111.1,100.1,11.0,-1.0681303923017822,12.068130392301782,0.0,0.0
2011-11-01,2B,P2,428.0,109.3,100.1,9.200000000000003,1.0873891858996387,8.112610814100364,0.0,0.0
2011-12-01,2B,P2,428.0,107.0,102.44999999999999,4.550000000000011,0.33269005987654054,4.217309940123471,0.0,0.0
2012-01-01,2B,P2,449.0,101.5,105.75,-4.25,-0.32916998781435325,-3.9208300121856468,0.0,0.0
2012-02-01,2B,P2,449.0,99.7,105.75,-6.049999999999997,0.4897695021130488,-6.539769502113046,0.0,0.0
2012-03-01,2B,P2,449.0,91.7,104.1,-12.399999999999991,-0.9341682733947749,-11.465831726605217,1.0,0.11911623439000953
2012-04-01,2B,P2,449.0,96.7,104.1,-7.3999999999999915,0.04029340754989619,-7.440293407549888,0.0,0.0
2012-05-01,2B,P2,449.0,103.2,104.1,-0.8999999999999915,4.113698504641732,-5.013698504641724,0.0,0.0
2012-06-01,2B,P2,449.0,98.3,104.95,-6.650000000000006,5.767586512812088,-12.417586512812093,1.0,0.06336350643163416
2012-07-01,2B,P2,457.0,104.5,102.35,2.1500000000000057,5.701832934961772,-3.551832934961766,0.0,0.0
2012-08-01,2B,P2,457.0,101.8,102.35,-0.5499999999999972,4.320197952974922,-4.8701979529749195,0.0,0.0
2012-09-01,2B,P2,457.0,89.7,101.65,-11.950000000000003,0.8633927334268634,-12.813392733426866,1.0,0.11756025577963602
2012-10-01,2B,P2,457.0,99.1,101.65,-2.5500000000000114,0.31574655403017005,-2.8657465540301814,0.0,0.0
2012-11-01,2B,P2,457.0,101.7,100.6,1.1000000000000085,1.4911961597054813,-0.3911961597054727,0.0,0.0
2012-12-01,2B,P2,457.0,104.6,100.6,4.0,2.993988010554702,1.0060119894452981,0.0,0.0
2013-01-01,2B,P2,455.0,101.6,100.6,1.0,-4.301054150965342,5.301054150965342,0.0,0.0
2013-02-01,2B,P2,455.0,105.4,100.65,4.75,-6.435909400926093,11.185909400926093,0.0,0.0
2013-03-01,2B,P2,455.0,104.4,101.65,2.75,-4.391741892225056,7.141741892225056,0.0,0.0
2013-04-01,2B,P2,455.0,79.5,101.75,-22.25,-2.2841748101547807,-19.96582518984522,1.0,0.21867321867321868
2013-05-01,2B,P2,455.0,84.5,101.75,-17.25,0.12441794500229264,-17.374417945002293,1.0,0.16953316953316952
2013-06-01,2B,P2,455.0,101.6,101.65,-0.05000000000001137,3.653008314087657,-3.7030083140876684,0.0,0.0
2013-07-01,2B,P2,455.0,101.6,101.65,-0.05000000000001137,4.572732235947299,-4.622732235947311,0.0,0.0
2013-08-01,2B,P2,457.0,104.5,101.6,2.9000000000000057,3.508927600248697,-0.6089276002486912,0.0,0.0
2013-09-01,2B,P2,457.0,88.4,101.6,-13.199999999999989,2.7535011131555365,-15.953501113155525,1.0,0.1299212598425196
2013-10-01,2B,P2,457.0,99.1,101.6,-2.5,-1.5120132825487076,-0.9879867174512924,0.0,0.0
2013-11-01,2B,P2,457.0,108.0,101.6,6.400000000000006,2.1516567511213367,4.248343248878669,0.0,0.0
2013-12-01,2B,P2,457.0,99.0,101.6,-2.5999999999999943,2.60640406237944,-5.206404062379434,0.0,0.0
2014-01-01,2B,P2,468.0,101.6,101.6,0.0,-2.0476621917683104,2.0476621917683104,0.0,0.0
2014-02-01,2B,P2,468.0,105.1,101.6,3.5,-2.792859112442187,6.292859112442187,0.0,0.0
2014-03-01,2B,P2,468.0,92.2,101.6,-9.399999999999991,-3.53877556429201,-5.861224435707982,0.0,0.0
2014-04-01,2B,P2,468.0,99.8,100.35,-0.5499999999999972,1.2502238171200304,-1.8002238171200275,0.0,0.0
2014-05-01,2B,P2,468.0,90.2,100.69999999999999,-10.499999999999986,-0.36476077640813287,-10.135239223591853,1.0,0.1042701092353524
2014-06-01,2B,P2,468.0,95.9,100.69999999999999,-4.799999999999983,-0.31324120252595833,-4.486758797474025,0.0,0.0
2014-07-01,2B,P2,468.0,101.3,99.44999999999999,1.8500000000000085,4.252851151976785,-2.402851151976776,0.0,0.0
2014-08-01,2B,P2,468.0,105.0,99.44999999999999,5.550000000000011,3.28449501831453,2.2655049816854813,0.0,0.0
2014-09-01,2B,P2,468.0,96.3,99.44999999999999,-3.1499999999999915,1.3394176467065506,-4.489417646706542,0.0,0.0
2014-10-01,2B,P2,468.0,95.6,99.44999999999999,-3.8499999999999943,-2.6601266553334426,-1.1898733446665517,0.0,0.0
2014-11-01,2B,P2,468.0,99.9,99.4,0.5,1.4840699777208641,-0.9840699777208641,0.0,0.0
2014-12-01,2B,P2,468.0,104.0,99.4,4.599999999999994,3.620533449613191,0.9794665503868032,0.0,0.0
2015-01-01,2B,P2,491.0,96.6,99.85,-3.25,-2.6911980800303894,-0.5588019199696106,0.0,0.0
2015-02-01,2B,P2,491.0,101.3,98.19999999999999,3.1000000000000085,-3.3310176178191284,6.431017617819137,0.0,0.0
2015-03-01,2B,P2,491.0,98.1,98.19999999999999,-0.09999999999999432,-1.9847004794193026,1.8847004794193083,0.0,0.0
2015-04-01,2B,P2,491.0,104.3,98.94999999999999,5.3500000000000085,1.5410739863350216,3.808926013664987,0.0,0.0
2015-05-01,2B,P2,491.0,102.3,99.0,3.299999999999997,1.4759285671822795,1.8240714328177177,0.0,0.0
2015-06-01,2B,P2,491.0,101.2,100.6,0.6000000000000085,1.9511171025490341,-1.3511171025490256,0.0,0.0
2015-07-01,2B,P2,491.0,105.1,101.25,3.8499999999999943,3.0557377333776543,0.79426226662234,0.0,0.0
2015-08-01,2B,P2,491.0,104.5,101.25,3.25,1.8056859359291053,1.4443140640708947,0.0,0.0
2015-09-01,2B,P2,491.0,80.0,101.25,-21.25,-1.3664700471523759,-19.883529952847624,1.0,0.20987654320987653
2015-10-01,2B,P2,491.0,77.7,101.25,-23.549999999999997,-5.391860194227817,-18.15813980577218,1.0,0.23259259259259257
2015-11-01,2B,P2,491.0,99.1,101.25,-2.1500000000000057,-0.17437136473932924,-1.9756286352606764,0.0,0.0
2015-12-01,2B,P2,491.0,105.8,101.25,4.549999999999997,0.7643563390498116,3.7856436609501856,0.0,0.0
2016-01-01,2B,P2,510.0,103.2,101.25,1.9500000000000028,-2.8886621436113273,4.83866214361133,0.0,0.0
2016-02-01,2B,P2,510.0,96.6,101.8,-5.200000000000003,-3.5245577597056865,-1.6754422402943163,0.0,0.0
2016-03-01,2B,P2,510.0,99.7,101.75,-2.049999999999997,-2.9559891412146015,0.9059891412146044,0.0,0.0
2016-04-01,2B,P2,510.0,80.3,101.75,-21.450000000000003,-3.3241915540100706,-18.125808445989932,1.0,0.21081081081081085
2016-05-01,2B,P2,510.0,90.2,100.45,-10.25,-1.198061517499255,-9.051938482500745,0.0,0.0
2016-06-01,2B,P2,510.0,99.0,99.4,-0.4000000000000057,0.8974965937010779,-1.2974965937010836,0.0,0.0
2016-07-01,2B,P2,510.0,101.2,99.05,2.1500000000000057,1.9364538985348076,0.21354610146519803,0.0,0.0
2016-08-01,2B,P2,510.0,102.9,99.05,3.8500000000000085,1.845090582742472,2.0049094172575366,0.0,0.0
2016-09-01,2B,P2,510.0,89.6,99.05,-9.450000000000003,0.15866812564314614,-9.608668125643149,0.0,0.0
2016-10-01,2B,P2,510.0,94.7,99.05,-4.349999999999994,-4.723091402132766,0.37309140213277203,0.0,0.0
2016-11-01,2B,P2,510.0,99.5,99.05,0.45000000000000284,-0.7153253582996655,1.1653253582996683,0.0,0.0
2016-12-01,2B,P2,510.0,94.7,99.25,-4.549999999999997,1.564604565051667,-6.114604565051664,0.0,0.0
2017-01-01,2B,P2,520.0,95.7,97.8,-2.0999999999999943,-1.2909573956955285,-0.8090426043044658,0.0,0.0
2017-02-01,2B,P2,520.0,99.8,96.15,3.6499999999999915,-4.720935372813216,8.370935372813207,0.0,0.0
2017-03-01,2B,P2,520.0,100.7,97.35,3.3500000000000085,-1.5336044617988591,4.883604461798868,0.0,0.0
2017-04-01,2B,P2,520.0,84.5,97.35,-12.849999999999994,3.0628079979218796,-15.912807997921874,1.0,0.13199794555726754
2017-05-01,2B,P2,520.0,86.0,97.35,-11.349999999999994,4.190061117009321,-15.540061117009316,1.0,0.11658962506420129
2017-06-01,2B,P2,520.0,101.6,97.35,4.25,3.60813550230921,0.6418644976907899,0.0,0.0
2017-07-01,2B,P2,520.0,95.0,97.6,-2.5999999999999943,4.277367966874067,-6.877367966874061,0.0,0.0
2017-08-01,2B,P2,520.0,102.5,95.35,7.150000000000006,2.0007160996122764,5.149283900387729,0.0,0.0
2017-09-01,2B,P2,520.0,95.3,95.35,-0.04999999999999716,-5.504625985158484,5.454625985158486,0.0,0.0
2017-10-01,2B,P2,520.0,105.5,95.5,10.0,-2.034401815848369,12.03440181584837,0.0,0.0
2017-11-01,2B,P2,520.0,103.5,97.6,5.900000000000006,2.161157463158389,3.7388425368416165,0.0,0.0
2017-12-01,2B,P2,520.0,103.2,97.75,5.450000000000003,2.7932826214476307,2.656717378552372,0.0,0.0
2018-01-01,2B,P2,540.0,102.1,100.25,1.8499999999999943,-1.6846375482906666,3.534637548290661,0.0,0.0
2018-02-01,2B,P2,540.0,100.7,101.15,-0.45000000000000284,-4.691675561087038,4.241675561087035,0.0,0.0
2018-03-01,2B,P2,540.0,98.7,101.15,-2.450000000000003,-1.543237473017797,-0.9067625269822059,0.0,0.0
2018-04-01,2B,P2,540.0,101.3,101.15,0.14999999999999147,-0.7025847497531146,0.852584749753106,0.0,0.0
2018-05-01,2B,P2,540.0,95.2,101.44999999999999,-6.249999999999986,0.9766870479464131,-7.226687047946399,0.0,0.0
2018-06-01,2B,P2,540.0,95.5,101.44999999999999,-5.949999999999989,4.756702102519242,-10.70670210251923,1.0,0.05864958107442079
2018-07-01,2B,P2,540.0,94.3,101.0,-6.700000000000003,2.8454057962662205,-9.545405796266223,0.0,0.0
2018-08-01,2B,P2,540.0,93.7,101.0,-7.299999999999997,4.369430611523725,-11.669430611523723,1.0,0.07227722772277224
2018-09-01,2B,P2,540.0,77.3,99.7,-22.400000000000006,1.1854342670446414,-23.585434267044647,1.0,0.22467402206619866
2018-10-01,2B,P2,540.0,78.7,99.7,-21.0,-2.9346981317058862,-18.065301868294114,1.0,0.21063189568706117
2018-11-01,2B,P2,540.0,96.8,97.1,-0.29999999999999716,1.18699612759319,-1.4869961275931871,0.0,0.0
2018-12-01,2B,P2,540.0,96.0,96.15,-0.15000000000000568,2.084207320149261,-2.2342073201492667,0.0,0.0
2019-01-01,2B,P2,547.0,94.6,95.75,-1.1500000000000057,-2.350021763275919,1.2000217632759131,0.0,0.0
2019-02-01,2B,P2,547.0,93.2,95.35,-2.1499999999999915,-7.418829249053999,5.268829249054008,0.0,0.0
2019-03-01,2B,P2,547.0,96.2,94.9,1.2999999999999972,-6.546741418759993,7.84674141875999,0.0,0.0
2019-04-01,2B,P2,547.0,93.6,94.9,-1.3000000000000114,-4.573494568847721,3.2734945688477097,0.0,0.0
2019-05-01,2B,P2,547.0,92.5,94.44999999999999,-1.9499999999999886,-2.696488880081702,0.7464888800817135,0.0,0.0
2019-06-01,2B,P2,547.0,97.9,94.0,3.9000000000000057,1.8820585207223672,2.0179414792776385,0.0,0.0
2019-07-01,2B,P2,547.0,98.2,94.0,4.200000000000003,1.8091466168465615,2.3908533831534413,0.0,0.0
2019-08-01,2B,P2,547.0,99.2,94.15,5.049999999999997,2.6151703288993104,2.4348296711006867,0.0,0.0
2019-09-01,2B,P2,547.0,79.4,95.3,-15.899999999999991,-3.2529140987683007,-12.64708590123169,1.0,0.16684155299055606
2019-10-01,2B,P2,547.0,84.0,95.3,-11.299999999999997,-5.054577595831773,-6.245422404168224,0.0,0.0
2019-11-01,2B,P2,547.0,98.0,95.3,2.700000000000003,-0.19841831038331748,2.8984183103833203,0.0,0.0
2019-12-01,2B,P2,547.0,97.1,95.3,1.7999999999999972,1.874360678398645,-0.0743606783986479,0.0,0.0
2020-01-01,2B,P2,566.0,85.8,95.4,-9.600000000000009,-1.7601471672117555,-7.839852832788253,0.0,0.0
2020-02-01,2B,P2,566.0,87.0,94.9,-7.900000000000006,-2.795048236131521,-5.104951763868485,0.0,0.0
2020-03-01,2B,P2,566.0,86.8,94.9,-8.100000000000009,-6.728479939335571,-1.3715200606644373,0.0,0.0
2020-04-01,2B,P2,566.0,70.6,93.05,-22.450000000000003,-19.608449374411464,-2.841550625588539,0.0,0.0
2020-05-01,2B,P2,566.0,77.7,89.75,-12.049999999999997,-17.749593955618465,5.699593955618468,0.0,0.0
2020-06-01,2B,P2,547.0,73.8,86.9,-13.100000000000009,-12.53865358825172,-0.5613464117482891,0.0,0.0
2020-07-01,2B,P2,547.0,88.7,86.3,2.4000000000000057,-8.311379576650793,10.711379576650799,0.0,0.0
2020-08-01,2B,P2,547.0,90.4,86.3,4.1000000000000085,-7.452153046431349,11.552153046431357,0.0,0.0
2020-09-01,2B,P2,547.0,83.0,86.3,-3.299999999999997,-7.516117990010656,4.216117990010659,0.0,0.0
2020-10-01,2B,P2,547.0,88.0,86.3,1.7000000000000028,-6.021330173764042,7.721330173764045,0.0,0.0
2020-11-01,2B,P2,547.0,85.1,86.9,-1.8000000000000114,0.03481843981231236,-1.8348184398123237,0.0,0.0
2020-12-01,2B,P2,547.0,82.9,86.3,-3.3999999999999915,-0.026487466012298455,-3.373512533987693,0.0,0.0
2021-01-01,2B,P2,547.0,89.5,85.44999999999999,4.050000000000011,3.6241423510696364,0.4258576489303749,0.0,0.0
2021-02-01,2B,P2,547.0,92.3,85.94999999999999,6.3500000000000085,-8.370016179461572,14.720016179461581,0.0,0.0
2021-03-01,2B,P2,547.0,94.2,85.94999999999999,8.250000000000014,3.9445651413525127,4.3054348586475015,0.0,0.0
2021-04-01,2B,P2,547.0,91.0,86.55,4.450000000000003,8.349970844921373,-3.89997084492137,0.0,0.0
2021-05-01,2B,P2,547.0,95.4,88.35,7.050000000000011,9.985723243562333,-2.9357232435623217,0.0,0.0
2021-06-01,2B,P2,547.0,95.9,89.1,6.800000000000011,13.169392024765273,-6.369392024765261,0.0,0.0
2021-07-01,2B,P2,547.0,86.9,89.95,-3.049999999999997,11.447102849337057,-14.497102849337054,1.0,0.033907726514730376
2021-08-01,2B,P2,547.0,84.5,89.95,-5.450000000000003,9.763881663206135,-15.213881663206138,1.0,0.060589216231239605
2021-09-01,2B,P2,547.0,91.1,88.75,2.3499999999999943,4.949066531351733,-2.5990665313517383,0.0,0.0
2021-10-01,2B,P2,547.0,93.2,90.25,2.950000000000003,1.6196768040674954,1.3303231959325075,0.0,0.0
2021-11-01,2B,P2,547.0,93.0,91.05,1.9500000000000028,2.9547550627955985,-1.0047550627955957,0.0,0.0
2021-12-01,2B,P2,547.0,97.3,91.69999999999999,5.6000000000000085,4.509675954944001,1.0903240450560077,0.0,0.0
2022-01-01,2B,P2,548.0,93.5,92.65,0.8499999999999943,0.9717961709332457,-0.12179617093325135,0.0,0.0
2022-02-01,2B,P2,548.0,94.6,93.1,1.5,-0.11785924044673379,1.6178592404467338,0.0,0.0
2022-03-01,2B,P2,548.0,95.1,93.35,1.75,2.498611347788568,-0.7486113477885681,0.0,0.0
2022-04-01,2B,P2,548.0,92.6,93.35,-0.75,0.8188208344334242,-1.5688208344334242,0.0,0.0
2022-05-01,2B,P2,548.0,99.7,93.35,6.3500000000000085,3.8075718798753257,2.5424281201246828,0.0,0.0
2022-06-01,2B,P2,548.0,94.8,93.35,1.4500000000000028,5.296824045034697,-3.846824045034694,0.0,0.0
2022-07-01,2B,P2,548.0,85.6,93.35,-7.75,3.908843017409808,-11.658843017409808,1.0,0.08302088912694162
2022-08-01,2B,P2,548.0,90.7,93.35,-2.6499999999999915,4.021646537124667,-6.6716465371246585,0.0,0.0
2022-09-01,2B,P2,548.0,93.4,93.35,0.05000000000001137,1.9168325150909453,-1.866832515090934,0.0,0.0
2022-10-01,2B,P2,548.0,100.1,93.45,6.6499999999999915,-1.0836130062756126,7.733613006275604,0.0,0.0
2022-11-01,2B,P2,548.0,96.7,94.05,2.6500000000000057,2.722868854267446,-0.0728688542674405,0.0,0.0
2022-12-01,2B,P2,548.0,91.4,94.69999999999999,-3.299999999999983,-4.00716268388129,0.7071626838813074,0.0,0.0
2023-01-01,2B,P2,549.0,97.8,94.05,3.75,-5.506346336437403,9.256346336437403,0.0,0.0
2023-02-01,2B,P2,549.0,100.5,94.69999999999999,5.800000000000011,-5.361521367716023,11.161521367716034,0.0,0.0
2023-03-01,2B,P2,549.0,97.7,94.94999999999999,2.750000000000014,-4.281691673182095,7.0316916731821095,0.0,0.0
2023-04-01,2B,P2,549.0,90.4,95.75,-5.349999999999994,-1.2957978870469589,-4.0542021129530355,0.0,0.0
2023-05-01,2B,P2,549.0,94.7,95.75,-1.0499999999999972,0.33844951306251403,-1.3884495130625112,0.0,0.0
2023-06-01,2B,P2,549.0,99.9,94.75,5.150000000000006,2.105373768355207,3.0446262316447985,0.0,0.0
2023-07-01,2B,P2,549.0,103.1,95.7,7.3999999999999915,2.770969788885907,4.629030211114085,0.0,0.0
2023-08-01,2B,P2,549.0,104.9,97.2,7.700000000000003,3.135188265243187,4.564811734756816,0.0,0.0
2023-09-01,2B,P2,549.0,82.8,97.75,-14.950000000000003,0.4625470655934407,-15.412547065593444,1.0,0.15294117647058827
2023-10-01,2B,P2,549.0,83.3,97.75,-14.450000000000003,-4.20253740778314,-10.247462592216863,1.0,0.14782608695652177
2023-11-01,2B,P2,549.0,103.7,97.2,6.5,-0.9121479936960668,7.412147993696067,0.0,0.0
2023-12-01,2B,P2,549.0,104.2,97.75,6.450000000000003,3.094770982061121,3.355229017938882,0.0,0.0
2024-01-01,2B,P2,549.0,102.2,98.85,3.3500000000000085,-4.678007099547997,8.028007099548006,0.0,0.0
2024-02-01,2B,P2,549.0,101.2,100.2,1.0,-8.066926209595309,9.066926209595309,0.0,0.0
2024-03-01,2B,P2,549.0,104.5,100.55000000000001,3.9499999999999886,-2.0663207301703608,6.016320730170349,0.0,0.0
2024-04-01,2B,P2,549.0,98.6,101.7,-3.1000000000000085,-1.3156876806178701,-1.7843123193821384,0.0,0.0
2024-05-01,2B,P2,549.0,103.6,101.7,1.8999999999999915,2.846553657251718,-0.9465536572517266,0.0,0.0
2024-06-01,2B,P2,549.0,92.1,102.65,-10.550000000000011,3.5301973770254733,-14.080197377025485,1.0,0.10277642474427677
2024-07-01,2B,P2,549.0,90.7,102.65,-11.950000000000003,1.7560659344293583,-13.706065934429361,1.0,0.11641500243546032
2024-08-01,2B,P2,549.0,98.1,101.7,-3.6000000000000085,3.3213672706715016,-6.92136727067151,0.0,0.0
2024-09-01,2B,P2,549.0,92.2,99.9,-7.700000000000003,-0.22300687713322986,-7.476993122866773,0.0,0.0
2024-10-01,2B,P2,557.0,101.6,99.9,1.6999999999999886,-0.48206324847386384,2.1820632484738525,0.0,0.0
2024-11-01,2B,P2,557.0,100.2,101.4,-1.2000000000000028,1.411020230486443,-2.611020230486446,0.0,0.0
2024-12-01,2B,P2,557.0,99.0,100.7,-1.7000000000000028,2.0055192230598777,-3.7055192230598806,0.0,0.0
2025-01-01,2B,P2,557.0,101.1,99.6,1.5,-3.864208728785343,5.364208728785343,0.0,0.0
2025-02-01,2B,P2,557.0,97.4,99.6,-2.1999999999999886,-5.788562832128818,3.5885628321288294,0.0,0.0
2025-03-01,2B,P2,557.0,97.5,98.8,-1.2999999999999972,-1.5488315282628662,0.24883152826286903,0.0,0.0
2025-04-01,2B,P2,557.0,80.0,98.35,-18.349999999999994,-0.1902169145301542,-18.15978308546984,1.0,0.18657854600915094
2025-05-01,2B,P2,557.0,91.9,97.8,-5.8999999999999915,3.116587780895756,-9.016587780895748,0.0,0.0
2025-06-01,2B,P2,557.0,100.3,97.45,2.8499999999999943,4.399165832765135,-1.5491658327651407,0.0,0.0
2025-07-01,2B,P2,557.0,104.0,97.8,6.200000000000003,4.556888425133408,1.6431115748665945,0.0,0.0
2025-08-01,2B,P2,557.0,103.9,98.55,5.3500000000000085,4.182845145578327,1.1671548544216819,0.0,0.0
2025-09-01,2B,P2,557.0,76.3,99.6,-23.299999999999997,1.9734256330037283,-25.273425633003725,1.0,0.23393574297188754
2025-10-01,2B,P2,557.0,78.3,99.6,-21.299999999999997,-4.165038185158082,-17.134961814841915,1.0,0.21385542168674698
2025-11-01,2B,P2,557.0,95.4,98.25,-2.8499999999999943,1.1476831666894185,-3.997683166689413,0.0,0.0
2025-12-01,2B,P2,557.0,101.5,97.45,4.049999999999997,2.674922367080086,1.3750776329199113,0.0,0.0
2026-01-01,2B,P2,562.0,100.1,97.45,2.6499999999999915,-1.8881275518184708,4.538127551818462,0.0,0.0
2026-02-01,2B,P2,562.0,98.8,97.45,1.3499999999999943,-4.347140876342209,5.697140876342203,0.0,0.0
2026-03-01,2B,P2,562.0,99.0,98.15,0.8499999999999943,-1.6661842624423713,2.5161842624423656,0.0,0.0
2026-04-01,2B,P2,562.0,91.6,98.9,-7.300000000000011,-3.2261287531445646,-4.073871246855447,0.0,0.0
2026-05-01,2B,P2,562.0,100.2,98.9,1.2999999999999972,0.6417257502912719,0.6582742497087253,0.0,0.0
2026-06-01,2B,P2,562.0,102.5,99.55,2.950000000000003,3.1450487282120463,-0.19504872821204344,0.0,0.0
2026-07-01,2B,P2,562.0,102.9,99.55,3.3500000000000085,3.2509939174965723,0.09900608250343623,0.0,0.0
1985-01-01,2C,P2,719.0,83.7,,,,,,0.0
1985-02-01,2C,P2,712.0,77.1,,,,,,0.0
1985-03-01,2C,P2,712.0,78.9,,,,,,0.0
1985-04-01,2C,P2,712.0,83.6,,,,,,0.0
1985-05-01,2C,P2,712.0,87.4,,,,,,0.0
1985-06-01,2C,P2,719.0,93.2,,,,,,0.0
1985-07-01,2C,P2,719.0,91.3,,,,,,0.0
1985-08-01,2C,P2,719.0,91.5,,,,,,0.0
1985-09-01,2C,P2,719.0,83.3,,,,,,0.0
1985-10-01,2C,P2,719.0,88.1,,,,,,0.0
1985-11-01,2C,P2,719.0,91.8,,,,,,0.0
1985-12-01,2C,P2,719.0,86.8,,,,,,0.0
1986-01-01,2C,P2,727.0,85.8,87.1,-1.2999999999999972,3.3794184225918826,-4.67941842259188,0.0,0.0
1986-02-01,2C,P2,728.0,83.2,87.1,-3.8999999999999915,-0.5297312694749365,-3.370268730525055,0.0,0.0
1986-03-01,2C,P2,728.0,81.0,87.1,-6.099999999999994,-2.532202086595561,-3.5677979134044335,0.0,0.0
1986-04-01,2C,P2,728.0,81.4,87.1,-5.699999999999989,3.0102177084676924,-8.710217708467681,0.0,0.0
1986-05-01,2C,P2,728.0,89.0,87.1,1.9000000000000057,7.057715632446346,-5.15771563244634,0.0,0.0
1986-06-01,2C,P2,728.0,90.9,87.44999999999999,3.450000000000017,6.515430974419743,-3.0654309744197263,0.0,0.0
1986-07-01,2C,P2,728.0,88.6,87.44999999999999,1.1500000000000057,3.5399241831872246,-2.389924183187219,0.0,0.0
1986-08-01,2C,P2,728.0,91.8,87.44999999999999,4.3500000000000085,6.077403834738362,-1.7274038347383538,0.0,0.0
1986-09-01,2C,P2,728.0,85.7,87.44999999999999,-1.7499999999999858,4.1589583429821175,-5.908958342982103,0.0,0.0
1986-10-01,2C,P2,728.0,81.4,87.44999999999999,-6.049999999999983,1.4049025435373892,-7.454902543537372,0.0,0.0
1986-11-01,2C,P2,728.0,90.4,86.3,4.1000000000000085,1.79466009831512,2.3053399016848886,0.0,0.0
1986-12-01,2C,P2,728.0,86.6,86.3,0.29999999999999716,0.4101450931230204,-0.11014509312302323,0.0,0.0
1987-01-01,2C,P2,730.0,85.4,86.19999999999999,-0.799999999999983,-2.064585173255125,1.264585173255142,0.0,0.0
1987-02-01,2C,P2,730.0,81.3,86.15,-4.8500000000000085,-3.913662311452697,-0.9363376885473116,0.0,0.0
1987-03-01,2C,P2,730.0,83.1,86.15,-3.0500000000000114,-5.172055282045164,2.122055282045153,0.0,0.0
1987-04-01,2C,P2,730.0,89.5,86.15,3.3499999999999943,-2.6330799574459434,5.983079957445938,0.0,0.0
1987-05-01,2C,P2,730.0,90.2,87.6,2.6000000000000085,-1.2674924967919878,3.8674924967919964,0.0,0.0
1987-06-01,2C,P2,730.0,88.7,87.6,1.1000000000000085,2.1091823788544275,-1.009182378854419,0.0,0.0
1987-07-01,2C,P2,730.0,89.1,87.6,1.5,3.4699698314957175,-1.9699698314957175,0.0,0.0
1987-08-01,2C,P2,730.0,90.8,87.65,3.1499999999999915,3.4847209843049995,-0.3347209843050081,0.0,0.0
1987-09-01,2C,P2,730.0,86.9,87.65,-0.75,2.225835224158331,-2.975835224158331,0.0,0.0
1987-10-01,2C,P2,730.0,80.3,87.80000000000001,-7.500000000000014,-0.5397043148731768,-6.960295685126837,0.0,0.0
1987-11-01,2C,P2,730.0,83.9,87.80000000000001,-3.9000000000000057,-0.9557356888449817,-2.944264311155024,0.0,0.0
1987-12-01,2C,P2,730.0,86.4,86.75,-0.3499999999999943,1.2892766318278603,-1.6392766318278547,0.0,0.0
1988-01-01,2C,P2,734.0,83.0,86.65,-3.6500000000000057,0.15671516336347224,-3.806715163363478,0.0,0.0
1988-02-01,2C,P2,734.0,82.2,86.65,-4.450000000000003,-1.8875332356537342,-2.5624667643462686,0.0,0.0
1988-03-01,2C,P2,734.0,85.1,86.65,-1.5500000000000114,0.5893341572292883,-2.1393341572292996,0.0,0.0
1988-04-01,2C,P2,734.0,89.1,86.65,2.4499999999999886,0.9483000846020104,1.5016999153979782,0.0,0.0
1988-05-01,2C,P2,734.0,95.1,86.65,8.449999999999989,2.103784141442702,6.3462158585572865,0.0,0.0
1988-06-01,2C,P2,734.0,95.7,86.65,9.049999999999997,2.093638832375845,6.956361167624152,0.0,0.0
1988-07-01,2C,P2,734.0,95.4,86.65,8.75,2.5434321048283692,6.206567895171631,0.0,0.0
1988-08-01,2C,P2,734.0,96.2,86.65,9.549999999999997,3.4706222289040767,6.0793777710959205,0.0,0.0
1988-09-01,2C,P2,734.0,96.8,86.65,10.149999999999991,-0.31863037031827446,10.468630370318266,0.0,0.0
1988-10-01,2C,P2,734.0,90.8,87.75,3.049999999999997,-0.35992451597084596,3.409924515970843,0.0,0.0
1988-11-01,2C,P2,734.0,86.2,89.94999999999999,-3.749999999999986,0.16059517060720907,-3.910595170607195,0.0,0.0
1988-12-01,2C,P2,734.0,93.5,89.94999999999999,3.5500000000000114,1.2065172554753048,2.3434827445247066,0.0,0.0
1989-01-01,2C,P2,731.0,87.1,92.15,-5.050000000000011,2.269736984831198,-7.319736984831209,0.0,0.0
1989-02-01,2C,P2,731.0,90.7,92.15,-1.4500000000000028,-1.7612451867868089,0.311245186786806,0.0,0.0
1989-03-01,2C,P2,731.0,88.1,92.15,-4.050000000000011,-0.7554049041973059,-3.2945950958027055,0.0,0.0
1989-04-01,2C,P2,731.0,79.7,92.15,-12.450000000000003,-0.9020813561787691,-11.547918643821234,1.0,0.13510580575149214
1989-05-01,2C,P2,731.0,95.9,92.15,3.75,1.9151160375523801,1.8348839624476199,0.0,0.0
1989-06-01,2C,P2,731.0,98.1,92.15,5.949999999999989,5.085430950566874,0.8645690494331149,0.0,0.0
1989-07-01,2C,P2,731.0,98.2,92.15,6.049999999999997,4.378163434643298,1.6718365653566991,0.0,0.0
1989-08-01,2C,P2,735.0,98.8,92.15,6.6499999999999915,4.757523564335017,1.8924764356649746,0.0,0.0
1989-09-01,2C,P2,735.0,95.7,92.15,3.549999999999997,3.881265936515888,-0.33126593651589076,0.0,0.0
1989-10-01,2C,P2,735.0,86.7,92.15,-5.450000000000003,0.3897879640323083,-5.839787964032311,0.0,0.0
1989-11-01,2C,P2,735.0,86.6,92.1,-5.5,-0.03257487330654385,-5.467425126693456,0.0,0.0
1989-12-01,2C,P2,735.0,89.2,92.1,-2.8999999999999915,-2.1720284790656734,-0.727971520934318,0.0,0.0
1990-01-01,2C,P2,739.0,90.5,89.95,0.5499999999999972,1.581614951387479,-1.031614951387482,0.0,0.0
1990-02-01,2C,P2,739.0,91.9,90.6,1.3000000000000114,1.6187697258800853,-0.3187697258800739,0.0,0.0
1990-03-01,2C,P2,739.0,84.0,91.2,-7.200000000000003,-3.1699083007276982,-4.030091699272305,0.0,0.0
1990-04-01,2C,P2,739.0,89.9,91.2,-1.2999999999999972,-2.0899185689859365,0.7899185689859394,0.0,0.0
1990-05-01,2C,P2,739.0,99.0,91.2,7.799999999999997,0.004042411632724452,7.795957588367273,0.0,0.0
1990-06-01,2C,P2,739.0,100.4,91.2,9.200000000000003,1.6272695346844301,7.572730465315573,0.0,0.0
1990-07-01,2C,P2,740.0,101.6,91.2,10.399999999999991,4.972662091583999,5.427337908415993,0.0,0.0
1990-08-01,2C,P2,740.0,102.6,91.2,11.399999999999991,3.2019299169562743,8.198070083043717,0.0,0.0
1990-09-01,2C,P2,740.0,101.8,91.2,10.599999999999994,3.6303504011071652,6.969649598892829,0.0,0.0
1990-10-01,2C,P2,741.0,80.9,91.2,-10.299999999999997,-3.965306122660323,-6.334693877339674,0.0,0.0
1990-11-01,2C,P2,741.0,84.6,91.2,-6.6000000000000085,-3.255431864665809,-3.3445681353341996,0.0,0.0
1990-12-01,2C,P2,741.0,88.2,91.2,-3.0,-4.639762070911615,1.6397620709116154,0.0,0.0
1991-01-01,2C,P2,747.0,79.4,91.2,-11.799999999999997,-4.929044213542824,-6.8709557864571735,0.0,0.0
1991-02-01,2C,P2,747.0,81.8,90.9,-9.100000000000009,-1.670854802289611,-7.4291451977103975,0.0,0.0
1991-03-01,2C,P2,747.0,85.5,89.05000000000001,-3.5500000000000114,-1.4981016708613737,-2.0518983291386377,0.0,0.0
1991-04-01,2C,P2,747.0,96.3,89.05000000000001,7.249999999999986,-0.09798619526898733,7.347986195268973,0.0,0.0
1991-05-01,2C,P2,747.0,98.8,92.25,6.549999999999997,3.015339191201548,3.5346608087984492,0.0,0.0
1991-06-01,2C,P2,747.0,98.8,92.25,6.549999999999997,5.324292424798159,1.225707575201838,0.0,0.0
1991-07-01,2C,P2,747.0,97.3,92.25,5.049999999999997,4.323740470846204,0.7262595291537934,0.0,0.0
1991-08-01,2C,P2,753.0,97.4,92.25,5.150000000000006,4.5434308869711515,0.6065691130288542,0.0,0.0
1991-09-01,2C,P2,753.0,96.7,92.25,4.450000000000003,3.7865978186086835,0.6634021813913193,0.0,0.0
1991-10-01,2C,P2,753.0,94.0,92.25,1.75,-1.0379432453344037,2.7879432453344037,0.0,0.0
1991-11-01,2C,P2,753.0,91.6,95.15,-3.5500000000000114,-0.813569755956479,-2.7364302440435324,0.0,0.0
1991-12-01,2C,P2,753.0,89.6,95.15,-5.550000000000011,2.07150678476323,-7.621506784763241,0.0,0.0
1992-01-01,2C,P2,752.0,85.1,95.15,-10.050000000000011,-2.153875126985895,-7.8961248730141165,0.0,0.0
1992-02-01,2C,P2,752.0,86.1,95.15,-9.050000000000011,-4.27925124782071,-4.770748752179301,0.0,0.0
1992-03-01,2C,P2,752.0,86.6,95.15,-8.550000000000011,-0.5145356386749427,-8.035464361325069,0.0,0.0
1992-04-01,2C,P2,752.0,78.6,95.15,-16.55000000000001,-0.37576609886409074,-16.17423390113592,1.0,0.1739358906988966
1992-05-01,2C,P2,752.0,95.2,92.8,2.4000000000000057,3.377657885260575,-0.9776578852605695,0.0,0.0
1992-06-01,2C,P2,752.0,97.0,92.8,4.200000000000003,6.395017998760622,-2.195017998760619,0.0,0.0
1992-07-01,2C,P2,726.0,96.8,92.8,4.0,5.860552572240266,-1.860552572240266,0.0,0.0
1992-08-01,2C,P2,726.0,97.8,92.8,5.0,3.056884578210486,1.9431154217895141,0.0,0.0
1992-09-01,2C,P2,726.0,98.5,92.8,5.700000000000003,4.69142788791298,1.0085721120870232,0.0,0.0
1992-10-01,2C,P2,726.0,98.0,92.8,5.200000000000003,3.306484611184459,1.893515388815544,0.0,0.0
1992-11-01,2C,P2,726.0,89.7,93.4,-3.700000000000003,2.324635598731234,-6.024635598731237,0.0,0.0
1992-12-01,2C,P2,726.0,87.1,92.45,-5.3500000000000085,-1.661169596942031,-3.6888304030579775,0.0,0.0
1993-01-01,2C,P2,724.0,88.9,92.45,-3.549999999999997,-2.4201088664155748,-1.1298911335844224,0.0,0.0
1993-02-01,2C,P2,724.0,91.0,92.45,-1.4500000000000028,-2.6271779867038134,1.1771779867038106,0.0,0.0
1993-03-01,2C,P2,724.0,95.1,93.1,2.0,0.07597628938157186,1.9240237106184281,0.0,0.0
1993-04-01,2C,P2,724.0,86.1,95.15,-9.050000000000011,1.988341524542264,-11.038341524542275,1.0,0.09511297950604321
1993-05-01,2C,P2,724.0,98.0,95.15,2.8499999999999943,3.456248221341866,-0.6062482213418718,0.0,0.0
1993-06-01,2C,P2,724.0,96.2,95.94999999999999,0.2500000000000142,5.336087915725983,-5.086087915725969,0.0,0.0
1993-07-01,2C,P2,724.0,94.1,95.65,-1.5500000000000114,5.387771200507956,-6.937771200507967,0.0,0.0
1993-08-01,2C,P2,665.0,101.7,94.6,7.1000000000000085,3.001034727403649,4.0989652725963595,0.0,0.0
1993-09-01,2C,P2,665.0,88.4,94.6,-6.199999999999989,2.32488638671191,-8.524886386711898,0.0,0.0
1993-10-01,2C,P2,665.0,101.5,92.55,8.950000000000003,1.1250374272366486,7.824962572763354,0.0,0.0
1993-11-01,2C,P2,665.0,103.0,92.55,10.450000000000003,0.3829993806863712,10.067000619313632,0.0,0.0
1993-12-01,2C,P2,665.0,98.5,94.6,3.9000000000000057,-0.7266277160969423,4.626627716096948,0.0,0.0
1994-01-01,2C,P2,677.0,95.4,95.65,-0.25,-2.084868289382996,1.834868289382996,0.0,0.0
1994-02-01,2C,P2,677.0,99.6,95.80000000000001,3.799999999999983,-3.1551670390244055,6.9551670390243885,0.0,0.0
1994-03-01,2C,P2,677.0,89.5,97.1,-7.599999999999994,-4.334127715050755,-3.265872284949239,0.0,0.0
1994-04-01,2C,P2,677.0,106.8,97.1,9.700000000000003,0.512353824148903,9.1876461758511,0.0,0.0
1994-05-01,2C,P2,677.0,104.2,98.25,5.950000000000003,3.242904960896226,2.707095039103777,0.0,0.0
1994-06-01,2C,P2,677.0,104.5,99.05,5.450000000000003,3.5961068338765045,1.8538931661234983,0.0,0.0
1994-07-01,2C,P2,677.0,102.8,100.55,2.25,3.3148506156177717,-1.0648506156177717,0.0,0.0
1994-08-01,2C,P2,677.0,105.6,101.6,4.0,4.230169349963404,-0.2301693499634041,0.0,0.0
1994-09-01,2C,P2,677.0,107.6,102.15,5.449999999999989,2.246250296830695,3.2037497031692936,0.0,0.0
1994-10-01,2C,P2,677.0,96.3,102.9,-6.6000000000000085,-2.3911517399596676,-4.208848260040341,0.0,0.0
1994-11-01,2C,P2,677.0,104.0,102.9,1.0999999999999943,0.4760509032583684,0.6239490967416259,0.0,0.0
1994-12-01,2C,P2,677.0,96.3,103.4,-7.1000000000000085,0.11830492387221625,-7.218304923872225,0.0,0.0
1995-01-01,2C,P2,703.0,101.2,103.4,-2.200000000000003,-3.0366052355474267,0.8366052355474238,0.0,0.0
1995-02-01,2C,P2,703.0,97.1,103.4,-6.300000000000011,-3.6401625225276604,-2.659837477472351,0.0,0.0
1995-03-01,2C,P2,703.0,83.8,103.4,-19.60000000000001,-5.966108615572182,-13.633891384427827,1.0,0.18955512572533856
1995-04-01,2C,P2,703.0,99.6,103.4,-3.8000000000000114,-2.143383403474516,-1.6566165965254953,0.0,0.0
1995-05-01,2C,P2,703.0,92.9,102.0,-9.099999999999994,1.337832812647278,-10.437832812647272,1.0,0.08921568627450975
1995-06-01,2C,P2,703.0,100.3,100.4,-0.10000000000000853,2.986864399804432,-3.0868643998044405,0.0,0.0
1995-07-01,2C,P2,703.0,101.5,99.94999999999999,1.5500000000000114,1.4068195312713954,0.143180468728616,0.0,0.0
1995-08-01,2C,P2,703.0,104.3,99.94999999999999,4.3500000000000085,1.3668641553639418,2.9831358446360667,0.0,0.0
1995-09-01,2C,P2,703.0,100.2,99.94999999999999,0.2500000000000142,2.910940476229996,-2.6609404762299818,0.0,0.0
1995-10-01,2C,P2,703.0,93.6,99.9,-6.300000000000011,-2.14870368864176,-4.1512963113582515,0.0,0.0
1995-11-01,2C,P2,703.0,91.9,99.9,-8.0,-0.5103164611690261,-7.489683538830974,0.0,0.0
1995-12-01,2C,P2,695.0,95.0,98.35,-3.3499999999999943,0.9444343468755392,-4.2944343468755335,0.0,0.0
1996-01-01,2C,P2,705.0,84.6,98.35,-13.75,-2.1068500425796515,-11.643149957420349,1.0,0.13980681240467718
1996-02-01,2C,P2,705.0,90.9,96.05,-5.1499999999999915,-2.538001441794165,-2.6119985582058263,0.0,0.0
1996-03-01,2C,P2,705.0,98.4,94.3,4.1000000000000085,-0.919995983909871,5.0199959839098796,0.0,0.0
1996-04-01,2C,P2,705.0,100.0,96.7,3.299999999999997,2.3007520242550044,0.9992479757449928,0.0,0.0
1996-05-01,2C,P2,705.0,99.9,96.7,3.200000000000003,2.1062332145862115,1.0937667854137914,0.0,0.0
1996-06-01,2C,P2,713.0,101.4,99.15,2.25,2.738233913643228,-0.4882339136432279,0.0,0.0
1996-07-01,2C,P2,713.0,103.1,99.15,3.9499999999999886,1.270060345612464,2.6799396543875247,0.0,0.0
1996-08-01,2C,P2,769.0,91.7,99.15,-7.450000000000003,1.2979568587820438,-8.747956858782047,0.0,0.0
1996-09-01,2C,P2,713.0,95.4,96.7,-1.2999999999999972,1.7753173567198246,-3.0753173567198218,0.0,0.0
1996-10-01,2C,P2,713.0,88.8,95.2,-6.400000000000006,0.5071915375848306,-6.907191537584836,0.0,0.0
1996-11-01,2C,P2,713.0,94.4,95.2,-0.7999999999999972,-0.5715760114305652,-0.2284239885694319,0.0,0.0
1996-12-01,2C,P2,713.0,90.2,95.2,-5.0,-0.4851802054017327,-4.514819794598267,0.0,0.0
1997-01-01,2C,P2,692.0,92.8,94.9,-2.1000000000000085,-5.683388405386182,3.5833884053861738,0.0,0.0
1997-02-01,2C,P2,692.0,93.3,94.9,-1.6000000000000085,-6.789044631117491,5.189044631117483,0.0,0.0
1997-03-01,2C,P2,692.0,99.8,94.9,4.8999999999999915,-4.24393150998111,9.143931509981101,0.0,0.0
1997-04-01,2C,P2,692.0,94.1,94.9,-0.8000000000000114,-2.158671024711296,1.3586710247112848,0.0,0.0
1997-05-01,2C,P2,692.0,102.3,94.25,8.049999999999997,3.0551252185479143,4.994874781452083,0.0,0.0
1997-06-01,2C,P2,696.0,100.9,94.25,6.650000000000006,3.3535833514723095,3.2964166485276962,0.0,0.0
1997-07-01,2C,P2,696.0,99.7,94.25,5.450000000000003,2.6698974027528237,2.780102597247179,0.0,0.0
1997-08-01,2C,P2,696.0,102.1,94.25,7.849999999999994,4.4425399972080015,3.407460002791993,0.0,0.0
1997-09-01,2C,P2,696.0,100.2,94.9,5.299999999999997,5.0840108390008965,0.2159891609991007,0.0,0.0
1997-10-01,2C,P2,696.0,94.5,97.05000000000001,-2.5500000000000114,2.464776125502624,-5.014776125502635,0.0,0.0
1997-11-01,2C,P2,696.0,96.6,97.1,-0.5,0.12385636952483026,-0.6238563695248303,0.0,0.0
1997-12-01,2C,P2,696.0,92.4,98.15,-5.75,0.8414015916199418,-6.591401591619942,0.0,0.0
1998-01-01,2C,P2,701.0,99.6,98.15,1.4499999999999886,-3.731281795628476,5.181281795628465,0.0,0.0
1998-02-01,2C,P2,701.0,99.9,99.65,0.25,-6.299894666136481,6.549894666136481,0.0,0.0
1998-03-01,2C,P2,701.0,91.9,99.75,-7.849999999999994,-2.3419874799689353,-5.508012520031059,0.0,0.0
1998-04-01,2C,P2,701.0,92.8,99.65,-6.8500000000000085,0.4784273394841847,-7.328427339484193,0.0,0.0
1998-05-01,2C,P2,701.0,104.5,99.65,4.849999999999994,1.275327071587597,3.5746729284123973,0.0,0.0
1998-06-01,2C,P2,701.0,105.9,99.65,6.25,1.86417421357676,4.38582578642324,0.0,0.0
1998-07-01,2C,P2,701.0,102.7,99.65,3.049999999999997,2.0503267549477755,0.9996732450522217,0.0,0.0
1998-08-01,2C,P2,701.0,94.9,99.75,-4.849999999999994,2.4106758104711616,-7.260675810471156,0.0,0.0
1998-09-01,2C,P2,701.0,99.1,98.1,1.0,-2.320993909662789,3.320993909662789,0.0,0.0
1998-10-01,2C,P2,701.0,102.4,97.85,4.550000000000011,-7.484719759987229,12.03471975998724,0.0,0.0
1998-11-01,2C,P2,701.0,90.7,99.35,-8.649999999999991,-1.6915600643901456,-6.958439935609846,0.0,0.0
1998-12-01,2C,P2,701.0,92.9,99.35,-6.449999999999989,-1.0364722287333876,-5.413527771266601,0.0,0.0
1999-01-01,2C,P2,724.0,92.8,99.35,-6.549999999999997,-4.670101921727351,-1.879898078272646,0.0,0.0
1999-02-01,2C,P2,721.0,93.0,97.0,-4.0,-5.041981842262189,1.0419818422621887,0.0,0.0
1999-03-01,2C,P2,725.0,93.8,93.95,-0.15000000000000568,-4.116618887777307,3.966618887777301,0.0,0.0
1999-04-01,2C,P2,725.0,96.9,94.35,2.5500000000000114,-0.41492010748530106,2.9649201074853124,0.0,0.0
1999-05-01,2C,P2,725.0,100.1,95.9,4.199999999999989,-0.9984638941545256,5.198463894154514,0.0,0.0
1999-06-01,2C,P2,725.0,98.9,95.9,3.0,-1.2518633292066141,4.251863329206614,0.0,0.0
1999-07-01,2C,P2,725.0,101.1,95.9,5.199999999999989,0.5955037160234724,4.604496283976516,0.0,0.0
1999-08-01,2C,P2,725.0,102.3,95.9,6.3999999999999915,1.271357105021508,5.1286428949784835,0.0,0.0
1999-09-01,2C,P2,725.0,104.3,97.9,6.3999999999999915,-0.1559792907974895,6.555979290797481,0.0,0.0
1999-10-01,2C,P2,725.0,103.1,97.9,5.199999999999989,-2.947474704746597,8.147474704746585,0.0,0.0
1999-11-01,2C,P2,736.0,93.2,97.9,-4.700000000000003,-1.9919799124272686,-2.7080200875727343,0.0,0.0
1999-12-01,2C,P2,736.0,92.1,97.9,-5.800000000000011,-3.320918038398162,-2.4790819616018496,0.0,0.0
2000-01-01,2C,P2,749.0,88.1,97.9,-9.800000000000011,-7.0134854895324,-2.7865145104676117,0.0,0.0
2000-02-01,2C,P2,749.0,88.3,97.9,-9.600000000000009,-6.361114860534315,-3.238885139465694,0.0,0.0
2000-03-01,2C,P2,749.0,92.8,97.9,-5.1000000000000085,-3.0279289394099322,-2.0720710605900763,0.0,0.0
2000-04-01,2C,P2,749.0,97.8,97.9,-0.10000000000000853,-0.16935984750953992,0.06935984750953139,0.0,0.0
2000-05-01,2C,P2,749.0,99.6,98.35,1.25,2.370287800078998,-1.120287800078998,0.0,0.0
2000-06-01,2C,P2,749.0,104.2,98.35,5.8500000000000085,3.8827664780195335,1.967233521980475,0.0,0.0
2000-07-01,2C,P2,749.0,100.7,98.69999999999999,2.000000000000014,4.526598689936847,-2.526598689936833,0.0,0.0
2000-08-01,2C,P2,749.0,97.9,98.69999999999999,-0.799999999999983,3.5311147292024287,-4.331114729202412,0.0,0.0
2000-09-01,2C,P2,749.0,98.6,97.85,0.75,1.863294372590488,-1.113294372590488,0.0,0.0
2000-10-01,2C,P2,749.0,91.4,97.85,-6.449999999999989,-0.09116159454174522,-6.358838405458243,0.0,0.0
2000-11-01,2C,P2,749.0,97.3,95.5,1.7999999999999972,0.15813356118280808,1.641866438817189,0.0,0.0
2000-12-01,2C,P2,749.0,91.2,97.55,-6.349999999999994,1.3237253486224034,-7.673725348622398,0.0,0.0
2001-01-01,2C,P2,763.0,95.6,97.55,-1.9500000000000028,-3.0644353496679884,1.1144353496679855,0.0,0.0
2001-02-01,2C,P2,763.0,89.5,97.55,-8.049999999999997,-2.7012653834680833,-5.348734616531914,0.0,0.0
2001-03-01,2C,P2,763.0,94.6,97.55,-2.950000000000003,-3.820162940761776,0.870162940761773,0.0,0.0
2001-04-01,2C,P2,763.0,99.3,97.55,1.75,1.6975147663683856,0.05248523363161439,0.0,0.0
2001-05-01,2C,P2,763.0,100.8,97.6,3.200000000000003,2.3687306301680167,0.8312693698319862,0.0,0.0
2001-06-01,2C,P2,763.0,96.7,97.6,-0.8999999999999915,1.5804831764221774,-2.480483176422169,0.0,0.0
2001-07-01,2C,P2,763.0,100.0,97.0,3.0,-0.17265136841821516,3.172651368418215,0.0,0.0
2001-08-01,2C,P2,763.0,98.8,97.0,1.7999999999999972,-0.5957843315693623,2.3957843315693594,0.0,0.0
2001-09-01,2C,P2,763.0,97.1,97.0,0.09999999999999432,-1.315326519697578,1.4153265196975724,0.0,0.0
2001-10-01,2C,P2,763.0,92.2,96.9,-4.700000000000003,-0.8581393931142287,-3.841860606885774,0.0,0.0
2001-11-01,2C,P2,763.0,92.1,96.9,-4.800000000000011,-0.6380762939637776,-4.161923706036234,0.0,0.0
2001-12-01,2C,P2,763.0,87.7,96.15,-8.450000000000003,-2.555984573518657,-5.894015426481346,0.0,0.0
2002-01-01,2C,P2,782.0,85.6,96.15,-10.550000000000011,-4.546323728480857,-6.003676271519154,0.0,0.0
2002-02-01,2C,P2,782.0,88.7,95.65,-6.950000000000003,-5.6573526136563,-1.2926473863437025,0.0,0.0
2002-03-01,2C,P2,782.0,80.4,95.65,-15.25,-4.393059226213012,-10.856940773786988,1.0,0.1594354417145844
2002-04-01,2C,P2,782.0,91.4,94.45,-3.049999999999997,0.7703493231306169,-3.820349323130614,0.0,0.0
2002-05-01,2C,P2,782.0,96.5,92.15,4.349999999999994,-0.7768727333234011,5.126872733323395,0.0,0.0
2002-06-01,2C,P2,782.0,92.5,92.15,0.3499999999999943,0.9667573681492172,-0.6167573681492229,0.0,0.0
2002-07-01,2C,P2,782.0,92.6,92.15,0.44999999999998863,1.3169303578891345,-0.8669303578891459,0.0,0.0
2002-08-01,2C,P2,782.0,93.1,92.15,0.9499999999999886,0.7392639298290078,0.21073607017098084,0.0,0.0
2002-09-01,2C,P2,782.0,91.8,92.15,-0.3500000000000085,-1.7691111596484461,1.4191111596484376,0.0,0.0
2002-10-01,2C,P2,782.0,92.8,91.94999999999999,0.8500000000000085,-4.26052260476817,5.110522604768178,0.0,0.0
2002-11-01,2C,P2,782.0,90.7,91.94999999999999,-1.2499999999999858,1.6770098462183256,-2.9270098462183114,0.0,0.0
2002-12-01,2C,P2,782.0,88.7,91.6,-2.8999999999999915,0.19261463663748657,-3.092614636637478,0.0,0.0
2003-01-01,2C,P2,768.0,90.1,91.6,-1.5,-4.113476375551556,2.6134763755515564,0.0,0.0
2003-02-01,2C,P2,768.0,91.7,91.6,0.10000000000000853,-3.870703275127312,3.9707032751273204,0.0,0.0
2003-03-01,2C,P2,768.0,86.4,91.75,-5.349999999999994,-0.7931596878333096,-4.556840312166685,0.0,0.0
2003-04-01,2C,P2,768.0,93.8,91.75,2.049999999999997,2.7897278211229803,-0.7397278211229832,0.0,0.0
2003-05-01,2C,P2,768.0,97.5,92.15,5.349999999999994,4.458536037029361,0.8914639629706329,0.0,0.0
2003-06-01,2C,P2,768.0,101.3,92.15,9.149999999999991,2.777877088907914,6.372122911092077,0.0,0.0
2003-07-01,2C,P2,768.0,93.3,92.19999999999999,1.1000000000000085,2.166651867986019,-1.0666518679860104,0.0,0.0
2003-08-01,2C,P2,768.0,91.3,92.3,-1.0,3.135830277348333,-4.135830277348333,0.0,0.0
2003-09-01,2C,P2,768.0,91.7,91.75,-0.04999999999999716,1.2278352928725695,-1.2778352928725667,0.0,0.0
2003-10-01,2C,P2,768.0,90.6,91.7,-1.1000000000000085,-0.41247731072367344,-0.6875226892763351,0.0,0.0
2003-11-01,2C,P2,768.0,97.0,91.5,5.5,0.7756705278242038,4.724329472175796,0.0,0.0
2003-12-01,2C,P2,768.0,91.3,91.7,-0.4000000000000057,-0.3491401958442708,-0.05085980415573488,0.0,0.0
2004-01-01,2C,P2,773.0,92.2,91.7,0.5,-4.283296713830225,4.783296713830225,0.0,0.0
2004-02-01,2C,P2,773.0,96.0,91.95,4.049999999999997,-4.517934377811358,8.567934377811355,0.0,0.0
2004-03-01,2C,P2,773.0,91.2,92.75,-1.5499999999999972,-4.848882836175505,3.2988828361755083,0.0,0.0
2004-04-01,2C,P2,773.0,98.0,92.75,5.25,-0.8758278859428543,6.125827885942854,0.0,0.0
2004-05-01,2C,P2,773.0,99.6,92.75,6.849999999999994,2.5745665941418565,4.275433405858138,0.0,0.0
2004-06-01,2C,P2,773.0,100.5,92.75,7.75,4.447916025792722,3.302083974207278,0.0,0.0
2004-07-01,2C,P2,773.0,95.1,92.75,2.3499999999999943,3.722665323454109,-1.3726653234541146,0.0,0.0
2004-08-01,2C,P2,773.0,99.3,93.65,5.6499999999999915,4.0857156606357705,1.564284339364221,0.0,0.0
2004-09-01,2C,P2,773.0,99.3,95.55,3.75,-2.8994719240276368,6.649471924027637,0.0,0.0
2004-10-01,2C,P2,773.0,86.9,96.5,-9.599999999999994,-2.5775261384736297,-7.022473861526365,0.0,0.0
2004-11-01,2C,P2,773.0,86.9,96.5,-9.599999999999994,1.5843099232387772,-11.184309923238771,1.0,0.09948186528497403
2004-12-01,2C,P2,773.0,94.2,95.55,-1.3499999999999943,2.2788512022400766,-3.628851202240071,0.0,0.0
2005-01-01,2C,P2,781.0,94.2,95.55,-1.3499999999999943,-2.099562119439639,0.7495621194396449,0.0,0.0
2005-02-01,2C,P2,781.0,92.0,95.55,-3.549999999999997,-2.829120922335477,-0.7208790776645202,0.0,0.0
2005-03-01,2C,P2,781.0,89.1,94.65,-5.550000000000011,-2.6538391705106648,-2.8961608294893466,0.0,0.0
2005-04-01,2C,P2,781.0,86.3,94.65,-8.350000000000009,-0.5947233373289578,-7.755276662671051,0.0,0.0
2005-05-01,2C,P2,781.0,94.6,94.2,0.3999999999999915,0.6756566743952845,-0.27565667439529307,0.0,0.0
2005-06-01,2C,P2,781.0,97.9,94.2,3.700000000000003,3.5453758380225366,0.1546241619774662,0.0,0.0
2005-07-01,2C,P2,781.0,96.1,94.2,1.8999999999999915,0.6632089553397549,1.2367910446602366,0.0,0.0
2005-08-01,2C,P2,781.0,97.4,94.2,3.200000000000003,-0.8184605836884344,4.018460583688437,0.0,0.0
2005-09-01,2C,P2,781.0,97.3,94.2,3.0999999999999943,-9.191544312469802,12.291544312469796,0.0,0.0
2005-10-01,2C,P2,781.0,98.5,94.2,4.299999999999997,-11.425540310542715,15.725540310542712,0.0,0.0
2005-11-01,2C,P2,781.0,96.8,94.4,2.3999999999999915,-3.4685824005281916,5.868582400528183,0.0,0.0
2005-12-01,2C,P2,781.0,94.5,95.35,-0.8499999999999943,-2.602369599393299,1.7523695993933046,0.0,0.0
2006-01-01,2C,P2,786.0,95.3,95.35,-0.04999999999999716,-4.032381491042884,3.9823814910428865,0.0,0.0
2006-02-01,2C,P2,786.0,86.8,95.69999999999999,-8.899999999999991,-4.163386425933595,-4.736613574066396,0.0,0.0
2006-03-01,2C,P2,786.0,92.7,95.69999999999999,-2.999999999999986,-4.318823069770787,1.3188230697708008,0.0,0.0
2006-04-01,2C,P2,786.0,96.9,95.69999999999999,1.200000000000017,-1.3219531943121012,2.5219531943121183,0.0,0.0
2006-05-01,2C,P2,786.0,96.9,96.44999999999999,0.45000000000001705,2.561641153328324,-2.111641153328307,0.0,0.0
2006-06-01,2C,P2,786.0,95.7,96.85,-1.1499999999999915,4.360732637429294,-5.510732637429285,0.0,0.0
2006-07-01,2C,P2,786.0,87.9,96.44999999999999,-8.549999999999983,3.8796418653251976,-12.42964186532518,1.0,0.08864696734059081
2006-08-01,2C,P2,786.0,89.2,96.25,-7.049999999999997,4.543213417098897,-11.593213417098895,1.0,0.07324675324675321
2006-09-01,2C,P2,786.0,96.0,95.5,0.5,4.368383683835546,-3.868383683835546,0.0,0.0
2006-10-01,2C,P2,786.0,87.6,95.5,-7.900000000000006,-1.4531368267017086,-6.446863173298297,0.0,0.0
2006-11-01,2C,P2,786.0,88.7,94.9,-6.200000000000003,-1.32102372975325,-4.878976270246753,0.0,0.0
2006-12-01,2C,P2,786.0,93.2,93.6,-0.3999999999999915,1.8926155541108614,-2.292615554110853,0.0,0.0
2007-01-01,2C,P2,791.0,93.5,92.95,0.5499999999999972,-1.1324950463783523,1.6824950463783495,0.0,0.0
2007-02-01,2C,P2,791.0,80.6,92.95,-12.350000000000009,-4.700177756296782,-7.649822243703227,0.0,0.0
2007-03-01,2C,P2,791.0,78.8,92.95,-14.150000000000006,-2.3389510437717007,-11.811048956228305,1.0,0.15223238300161382
2007-04-01,2C,P2,791.0,91.5,91.2,0.29999999999999716,-1.2509888769617277,1.5509888769617248,0.0,0.0
2007-05-01,2C,P2,803.0,93.0,90.35,2.6500000000000057,0.2772066799283124,2.3727933200716933,0.0,0.0
2007-06-01,2C,P2,803.0,84.8,90.35,-5.549999999999997,-0.4593958528907933,-5.090604147109204,0.0,0.0
2007-07-01,2C,P2,803.0,76.3,88.95,-12.650000000000006,2.8845539680305166,-15.534553968030522,1.0,0.1422147273749298
2007-08-01,2C,P2,803.0,85.5,88.95,-3.450000000000003,2.504082086230028,-5.954082086230031,0.0,0.0
2007-09-01,2C,P2,803.0,92.6,88.15,4.449999999999989,0.5873269681074049,3.8626730318925837,0.0,0.0
2007-10-01,2C,P2,803.0,89.1,88.15,0.9499999999999886,-0.9131257799010939,1.8631257799010825,0.0,0.0
2007-11-01,2C,P2,803.0,89.1,88.9,0.19999999999998863,0.5421610560207455,-0.34216105602075686,0.0,0.0
2007-12-01,2C,P2,803.0,87.1,89.1,-2.0,0.03356179609686194,-2.033561796096862,0.0,0.0
2008-01-01,2C,P2,826.0,86.7,88.1,-1.3999999999999915,-2.828478713726554,1.4284787137265624,0.0,0.0
2008-02-01,2C,P2,826.0,85.3,86.9,-1.6000000000000085,-3.6312241238328653,2.0312241238328568,0.0,0.0
2008-03-01,2C,P2,826.0,83.5,86.9,-3.4000000000000057,-5.376867277359821,1.9768672773598155,0.0,0.0
2008-04-01,2C,P2,826.0,83.6,86.9,-3.3000000000000114,-2.4340888995959347,-0.8659111004040767,0.0,0.0
2008-05-01,2C,P2,839.0,89.6,86.1,3.5,0.1955366025770644,3.3044633974229356,0.0,0.0
2008-06-01,2C,P2,839.0,89.3,86.1,3.200000000000003,0.9692006301790173,2.2307993698209856,0.0,0.0
2008-07-01,2C,P2,839.0,88.8,86.9,1.8999999999999915,0.09097925409621155,1.80902074590378,0.0,0.0
2008-08-01,2C,P2,839.0,90.0,87.94999999999999,2.0500000000000114,-1.6088503881525185,3.65885038815253,0.0,0.0
2008-09-01,2C,P2,839.0,96.3,88.94999999999999,7.3500000000000085,-13.41859555204428,20.76859555204429,0.0,0.0
2008-10-01,2C,P2,845.0,91.4,88.94999999999999,2.450000000000017,-1.9275309062004595,4.377530906200477,0.0,0.0
2008-11-01,2C,P2,845.0,86.0,88.94999999999999,-2.9499999999999886,-0.8558150817393084,-2.09418491826068,0.0,0.0
2008-12-01,2C,P2,845.0,78.9,87.94999999999999,-9.049999999999983,-2.0270559503843373,-7.022944049615646,0.0,0.0
2009-01-01,2C,P2,854.0,88.2,87.75,0.45000000000000284,-3.4817919654750824,3.9317919654750852,0.0,0.0
2009-02-01,2C,P2,854.0,87.2,88.5,-1.2999999999999972,-4.013498795716018,2.7134987957160206,0.0,0.0
2009-03-01,2C,P2,854.0,87.8,88.5,-0.7000000000000028,-4.060969370636798,3.360969370636795,0.0,0.0
2009-04-01,2C,P2,854.0,88.2,88.5,-0.29999999999999716,-2.858830393724176,2.558830393724179,0.0,0.0
2009-05-01,2C,P2,854.0,88.3,88.5,-0.20000000000000284,-0.6518880889116616,0.45188808891165877,0.0,0.0
2009-06-01,2C,P2,854.0,91.5,88.25,3.25,2.025930193064113,1.224069806935887,0.0,0.0
2009-07-01,2C,P2,854.0,81.1,88.25,-7.150000000000006,0.271491705667799,-7.421491705667805,0.0,0.0
2009-08-01,2C,P2,854.0,86.3,88.2,-1.9000000000000057,0.14533368293153615,-2.045333682931542,0.0,0.0
2009-09-01,2C,P2,854.0,90.5,88.0,2.5,0.992129678633134,1.507870321366866,0.0,0.0
2009-10-01,2C,P2,854.0,81.0,88.0,-7.0,-2.5393707048585696,-4.46062929514143,0.0,0.0
2009-11-01,2C,P2,854.0,73.0,87.5,-14.5,-2.905678369743484,-11.594321630256516,1.0,0.1657142857142857
2009-12-01,2C,P2,854.0,80.2,87.5,-7.299999999999997,-2.045260143167795,-5.254739856832202,0.0,0.0
2010-01-01,2C,P2,854.0,84.3,87.5,-3.200000000000003,-2.544076315350978,-0.6559236846490251,0.0,0.0
2010-02-01,2C,P2,854.0,82.3,86.75,-4.450000000000003,-0.9728210957448766,-3.477178904255126,0.0,0.0
2010-03-01,2C,P2,854.0,87.3,85.3,2.0,1.1390421221211682,0.8609578778788318,0.0,0.0
2010-04-01,2C,P2,854.0,91.0,85.3,5.700000000000003,5.683231258784531,0.016768741215472005,0.0,0.0
2010-05-01,2C,P2,854.0,91.7,85.3,6.400000000000006,4.576182251267923,1.8238177487320826,0.0,0.0
2010-06-01,2C,P2,854.0,94.4,85.3,9.100000000000009,7.009532553880007,2.0904674461200017,0.0,0.0
2010-07-01,2C,P2,859.0,91.3,85.3,6.0,7.5007543973214155,-1.5007543973214155,0.0,0.0
2010-08-01,2C,P2,859.0,94.4,86.8,7.6000000000000085,5.4621446439964245,2.137855356003584,0.0,0.0
2010-09-01,2C,P2,859.0,94.4,88.9,5.5,2.37174084871468,3.12825915128532,0.0,0.0
2010-10-01,2C,P2,859.0,77.2,89.15,-11.950000000000003,-2.2929008124657884,-9.657099187534214,0.0,0.0
2010-11-01,2C,P2,859.0,84.4,89.15,-4.75,1.690177690500903,-6.440177690500903,0.0,0.0
2010-12-01,2C,P2,859.0,84.5,89.15,-4.650000000000006,1.9094557576161009,-6.5594557576161066,0.0,0.0
2011-01-01,2C,P2,860.0,83.1,89.15,-6.050000000000011,-2.5848725498490808,-3.4651274501509306,0.0,0.0
2011-02-01,2C,P2,860.0,90.1,89.15,0.9499999999999886,-7.327799764146874,8.277799764146863,0.0,0.0
2011-03-01,2C,P2,860.0,82.9,90.55,-7.6499999999999915,-3.0169636588303064,-4.633036341169685,0.0,0.0
2011-04-01,2C,P2,860.0,80.5,90.55,-10.049999999999997,-4.413265175434006,-5.636734824565991,0.0,0.0
2011-05-01,2C,P2,860.0,88.3,87.3,1.0,-1.2003964333927684,2.2003964333927684,0.0,0.0
2011-06-01,2C,P2,860.0,92.9,86.4,6.5,3.0888931177295547,3.4111068822704453,0.0,0.0
2011-07-01,2C,P2,860.0,94.6,86.4,8.199999999999989,4.34010809207696,3.8598919079230285,0.0,0.0
2011-08-01,2C,P2,860.0,89.9,86.4,3.5,4.380295271419584,-0.880295271419584,0.0,0.0
2011-09-01,2C,P2,860.0,93.4,86.4,7.0,2.8607993025409684,4.139200697459032,0.0,0.0
2011-10-01,2C,P2,860.0,73.6,86.4,-12.800000000000011,-1.0681303923017822,-11.73186960769823,1.0,0.14814814814814828
2011-11-01,2C,P2,860.0,87.4,86.4,1.0,1.0873891858996387,-0.08738918589963873,0.0,0.0
2011-12-01,2C,P2,860.0,96.6,87.85,8.75,0.33269005987654054,8.41730994012346,0.0,0.0
2012-01-01,2C,P2,860.0,90.2,89.1,1.1000000000000085,-0.32916998781435325,1.4291699878143618,0.0,0.0
2012-02-01,2C,P2,860.0,91.0,90.0,1.0,0.4897695021130488,0.5102304978869512,0.0,0.0
2012-03-01,2C,P2,860.0,91.5,90.05000000000001,1.4499999999999886,-0.9341682733947749,2.3841682733947636,0.0,0.0
2012-04-01,2C,P2,860.0,92.6,90.6,2.0,0.04029340754989619,1.9597065924501038,0.0,0.0
2012-05-01,2C,P2,860.0,91.6,91.25,0.3499999999999943,4.113698504641732,-3.763698504641738,0.0,0.0
2012-06-01,2C,P2,860.0,92.8,91.55,1.25,5.767586512812088,-4.517586512812088,0.0,0.0
2012-07-01,2C,P2,860.0,94.4,91.55,2.8500000000000085,5.701832934961772,-2.851832934961763,0.0,0.0
2012-08-01,2C,P2,860.0,95.3,91.55,3.75,4.320197952974922,-0.5701979529749224,0.0,0.0
2012-09-01,2C,P2,860.0,97.1,92.1,5.0,0.8633927334268634,4.136607266573137,0.0,0.0
2012-10-01,2C,P2,860.0,90.0,92.1,-2.0999999999999943,0.31574655403017005,-2.4157465540301644,0.0,0.0
2012-11-01,2C,P2,860.0,83.4,92.1,-8.699999999999989,1.4911961597054813,-10.19119615970547,1.0,0.09446254071661227
2012-12-01,2C,P2,860.0,91.5,92.1,-0.5999999999999943,2.993988010554702,-3.593988010554696,0.0,0.0
2013-01-01,2C,P2,860.0,93.6,91.55,2.049999999999997,-4.301054150965342,6.351054150965339,0.0,0.0
2013-02-01,2C,P2,860.0,91.0,92.1,-1.0999999999999943,-6.435909400926093,5.3359094009260986,0.0,0.0
2013-03-01,2C,P2,860.0,85.8,92.1,-6.299999999999997,-4.391741892225056,-1.908258107774941,0.0,0.0
2013-04-01,2C,P2,860.0,86.7,92.1,-5.3999999999999915,-2.2841748101547807,-3.1158251898452107,0.0,0.0
2013-05-01,2C,P2,860.0,87.8,91.55,-3.75,0.12441794500229264,-3.8744179450022926,0.0,0.0
2013-06-01,2C,P2,860.0,93.6,91.25,2.3499999999999943,3.653008314087657,-1.3030083140876627,0.0,0.0
2013-07-01,2C,P2,860.0,94.3,91.25,3.049999999999997,4.572732235947299,-1.5227322359473021,0.0,0.0
2013-08-01,2C,P2,860.0,84.9,91.25,-6.349999999999994,3.508927600248697,-9.858927600248691,0.0,0.0
2013-09-01,2C,P2,860.0,87.3,90.5,-3.200000000000003,2.7535011131555365,-5.953501113155539,0.0,0.0
2013-10-01,2C,P2,860.0,94.9,88.9,6.0,-1.5120132825487076,7.512013282548708,0.0,0.0
2013-11-01,2C,P2,860.0,95.7,89.4,6.299999999999997,2.1516567511213367,4.1483432488786605,0.0,0.0
2013-12-01,2C,P2,860.0,93.3,91.25,2.049999999999997,2.60640406237944,-0.5564040623794426,0.0,0.0
2014-01-01,2C,P2,862.0,97.0,92.15,4.849999999999994,-2.0476621917683104,6.897662191768305,0.0,0.0
2014-02-01,2C,P2,862.0,95.3,92.15,3.1499999999999915,-2.792859112442187,5.942859112442179,0.0,0.0
2014-03-01,2C,P2,862.0,96.3,93.44999999999999,2.8500000000000085,-3.53877556429201,6.388775564292018,0.0,0.0
2014-04-01,2C,P2,862.0,100.0,93.94999999999999,6.050000000000011,1.2502238171200304,4.799776182879981,0.0,0.0
2014-05-01,2C,P2,862.0,100.3,94.6,5.700000000000003,-0.36476077640813287,6.064760776408136,0.0,0.0
2014-06-01,2C,P2,862.0,99.1,95.1,4.0,-0.31324120252595833,4.313241202525958,0.0,0.0
2014-07-01,2C,P2,862.0,96.9,95.5,1.4000000000000057,4.252851151976785,-2.852851151976779,0.0,0.0
2014-08-01,2C,P2,862.0,89.2,96.0,-6.799999999999997,3.28449501831453,-10.084495018314527,1.0,0.0708333333333333
2014-09-01,2C,P2,862.0,96.2,96.0,0.20000000000000284,1.3394176467065506,-1.1394176467065478,0.0,0.0
2014-10-01,2C,P2,862.0,87.1,96.25,-9.150000000000006,-2.6601266553334426,-6.489873344666563,0.0,0.0
2014-11-01,2C,P2,850.0,85.4,96.25,-10.849999999999994,1.4840699777208641,-12.334069977720858,1.0,0.11272727272727266
2014-12-01,2C,P2,850.0,96.4,96.25,0.15000000000000568,3.620533449613191,-3.4705334496131854,0.0,0.0
2015-01-01,2C,P2,850.0,95.3,96.35,-1.0499999999999972,-2.6911980800303894,1.6411980800303922,0.0,0.0
2015-02-01,2C,P2,850.0,93.4,96.25,-2.8499999999999943,-3.3310176178191284,0.4810176178191341,0.0,0.0
2015-03-01,2C,P2,850.0,90.2,96.25,-6.049999999999997,-1.9847004794193026,-4.0652995205806945,0.0,0.0
2015-04-01,2C,P2,850.0,91.4,95.75,-4.349999999999994,1.5410739863350216,-5.891073986335016,0.0,0.0
2015-05-01,2C,P2,850.0,95.5,94.35,1.1500000000000057,1.4759285671822795,-0.3259285671822738,0.0,0.0
2015-06-01,2C,P2,850.0,101.7,94.35,7.3500000000000085,1.9511171025490341,5.398882897450974,0.0,0.0
2015-07-01,2C,P2,850.0,99.3,94.35,4.950000000000003,3.0557377333776543,1.8942622666223485,0.0,0.0
2015-08-01,2C,P2,850.0,100.2,94.35,5.8500000000000085,1.8056859359291053,4.044314064070903,0.0,0.0
2015-09-01,2C,P2,850.0,96.1,95.4,0.6999999999999886,-1.3664700471523759,2.0664700471523645,0.0,0.0
2015-10-01,2C,P2,850.0,85.2,95.4,-10.200000000000003,-5.391860194227817,-4.808139805772186,0.0,0.0
2015-11-01,2C,P2,850.0,84.5,95.4,-10.900000000000006,-0.17437136473932924,-10.725628635260676,1.0,0.11425576519916147
2015-12-01,2C,P2,850.0,92.5,95.4,-2.9000000000000057,0.7643563390498116,-3.6643563390498173,0.0,0.0
2016-01-01,2C,P2,850.0,96.1,94.35,1.75,-2.8886621436113273,4.638662143611327,0.0,0.0
2016-02-01,2C,P2,850.0,88.3,94.45,-6.150000000000006,-3.5245577597056865,-2.625442240294319,0.0,0.0
2016-03-01,2C,P2,852.0,91.7,94.0,-2.299999999999997,-2.9559891412146015,0.6559891412146044,0.0,0.0
2016-04-01,2C,P2,852.0,98.8,94.0,4.799999999999997,-3.3241915540100706,8.124191554010068,0.0,0.0
2016-05-01,2C,P2,852.0,99.5,95.8,3.700000000000003,-1.198061517499255,4.898061517499258,0.0,0.0
2016-06-01,2C,P2,862.0,97.4,96.1,1.3000000000000114,0.8974965937010779,0.40250340629893344,0.0,0.0
2016-07-01,2C,P2,862.0,96.3,96.1,0.20000000000000284,1.9364538985348076,-1.7364538985348048,0.0,0.0
2016-08-01,2C,P2,862.0,92.8,96.1,-3.299999999999997,1.845090582742472,-5.145090582742469,0.0,0.0
2016-09-01,2C,P2,872.0,91.6,94.44999999999999,-2.8499999999999943,0.15866812564314614,-3.0086681256431405,0.0,0.0
2016-10-01,2C,P2,872.0,93.6,92.65,0.9499999999999886,-4.723091402132766,5.673091402132755,0.0,0.0
2016-11-01,2C,P2,874.0,98.7,93.19999999999999,5.500000000000014,-0.7153253582996655,6.21532535829968,0.0,0.0
2016-12-01,2C,P2,874.0,96.6,94.85,1.75,1.564604565051667,0.1853954349483331,0.0,0.0
2017-01-01,2C,P2,872.0,92.5,96.19999999999999,-3.6999999999999886,-1.2909573956955285,-2.40904260430446,0.0,0.0
2017-02-01,2C,P2,872.0,95.5,94.94999999999999,0.5500000000000114,-4.720935372813216,5.270935372813227,0.0,0.0
2017-03-01,2C,P2,872.0,93.5,95.9,-2.4000000000000057,-1.5336044617988591,-0.8663955382011466,0.0,0.0
2017-04-01,2C,P2,872.0,102.5,95.9,6.599999999999994,3.0628079979218796,3.5371920020781147,0.0,0.0
2017-05-01,2C,P2,872.0,102.8,95.9,6.8999999999999915,4.190061117009321,2.70993888299067,0.0,0.0
2017-06-01,2C,P2,882.0,103.7,95.9,7.799999999999997,3.60813550230921,4.191864497690787,0.0,0.0
2017-07-01,2C,P2,882.0,100.9,95.9,5.0,4.277367966874067,0.722632033125933,0.0,0.0
2017-08-01,2C,P2,882.0,96.5,96.05,0.45000000000000284,2.0007160996122764,-1.5507160996122735,0.0,0.0
2017-09-01,2C,P2,882.0,90.6,96.55,-5.950000000000003,-5.504625985158484,-0.4453740148415193,0.0,0.0
2017-10-01,2C,P2,884.0,79.4,96.55,-17.14999999999999,-2.034401815848369,-15.115598184151622,1.0,0.17762817193164154
2017-11-01,2C,P2,884.0,98.9,96.55,2.3500000000000085,2.161157463158389,0.18884253684161934,0.0,0.0
2017-12-01,2C,P2,884.0,98.5,96.55,1.9500000000000028,2.7932826214476307,-0.8432826214476279,0.0,0.0
2018-01-01,2C,P2,912.0,90.1,97.5,-7.400000000000006,-1.6846375482906666,-5.715362451709339,0.0,0.0
2018-02-01,2C,P2,912.0,89.1,97.5,-8.400000000000006,-4.691675561087038,-3.7083244389129675,0.0,0.0
2018-03-01,2C,P2,912.0,89.5,97.5,-8.0,-1.543237473017797,-6.456762526982203,0.0,0.0
2018-04-01,2C,P2,912.0,98.0,97.5,0.5,-0.7025847497531146,1.2025847497531146,0.0,0.0
2018-05-01,2C,P2,912.0,102.0,97.25,4.75,0.9766870479464131,3.773312952053587,0.0,0.0
2018-06-01,2C,P2,912.0,98.8,97.25,1.5499999999999972,4.756702102519242,-3.2067021025192446,0.0,0.0
2018-07-01,2C,P2,912.0,92.6,97.25,-4.650000000000006,2.8454057962662205,-7.495405796266226,0.0,0.0
2018-08-01,2C,P2,912.0,100.9,94.55,6.3500000000000085,4.369430611523725,1.9805693884762832,0.0,0.0
2018-09-01,2C,P2,912.0,91.5,95.3,-3.799999999999997,1.1854342670446414,-4.9854342670446385,0.0,0.0
2018-10-01,2C,P2,914.0,74.2,95.3,-21.099999999999994,-2.9346981317058862,-18.165301868294108,1.0,0.2214060860440713
2018-11-01,2C,P2,914.0,89.3,95.3,-6.0,1.18699612759319,-7.18699612759319,0.0,0.0
2018-12-01,2C,P2,914.0,95.4,92.05,3.3500000000000085,2.084207320149261,1.2657926798507475,0.0,0.0
2019-01-01,2C,P2,923.0,97.9,92.05,5.8500000000000085,-2.350021763275919,8.200021763275927,0.0,0.0
2019-02-01,2C,P2,923.0,85.9,94.0,-8.099999999999994,-7.418829249053999,-0.681170750945995,0.0,0.0
2019-03-01,2C,P2,923.0,71.1,94.0,-22.900000000000006,-6.546741418759993,-16.353258581240013,1.0,0.24361702127659582
2019-04-01,2C,P2,923.0,84.9,94.0,-9.099999999999994,-4.573494568847721,-4.526505431152273,0.0,0.0
2019-05-01,2C,P2,923.0,91.9,92.05,-0.14999999999999147,-2.696488880081702,2.5464888800817107,0.0,0.0
2019-06-01,2C,P2,923.0,99.1,91.7,7.3999999999999915,1.8820585207223672,5.517941479277624,0.0,0.0
2019-07-01,2C,P2,923.0,98.4,91.7,6.700000000000003,1.8091466168465615,4.890853383153441,0.0,0.0
2019-08-01,2C,P2,923.0,101.4,91.7,9.700000000000003,2.6151703288993104,7.084829671100692,0.0,0.0
2019-09-01,2C,P2,923.0,100.6,91.7,8.899999999999991,-3.2529140987683007,12.152914098768292,0.0,0.0
2019-10-01,2C,P2,923.0,90.2,93.65,-3.450000000000003,-5.054577595831773,1.6045775958317705,0.0,0.0
2019-11-01,2C,P2,923.0,95.4,93.65,1.75,-0.19841831038331748,1.9484183103833175,0.0,0.0
2019-12-01,2C,P2,923.0,94.9,95.4,-0.5,1.874360678398645,-2.374360678398645,0.0,0.0
2020-01-01,2C,P2,927.0,86.4,95.15,-8.75,-1.7601471672117555,-6.9898528327882445,0.0,0.0
2020-02-01,2C,P2,927.0,89.4,93.4,-4.0,-2.795048236131521,-1.204951763868479,0.0,0.0
2020-03-01,2C,P2,927.0,76.4,93.4,-17.0,-6.728479939335571,-10.271520060664429,1.0,0.18201284796573874
2020-04-01,2C,P2,927.0,69.1,93.4,-24.30000000000001,-19.608449374411464,-4.6915506255885475,0.0,0.0
2020-05-01,2C,P2,927.0,71.6,93.4,-21.80000000000001,-17.749593955618465,-4.050406044381546,0.0,0.0
2020-06-01,2C,P2,927.0,84.8,92.55000000000001,-7.750000000000014,-12.53865358825172,4.788653588251705,0.0,0.0
2020-07-01,2C,P2,927.0,88.9,89.80000000000001,-0.9000000000000057,-8.311379576650793,7.411379576650788,0.0,0.0
2020-08-01,2C,P2,927.0,88.8,89.15,-0.3500000000000085,-7.452153046431349,7.10215304643134,0.0,0.0
2020-09-01,2C,P2,927.0,88.5,88.85,-0.3499999999999943,-7.516117990010656,7.166117990010662,0.0,0.0
2020-10-01,2C,P2,927.0,91.7,88.65,3.049999999999997,-6.021330173764042,9.07133017376404,0.0,0.0
2020-11-01,2C,P2,927.0,89.0,88.65,0.3499999999999943,0.03481843981231236,0.31518156018768195,0.0,0.0
2020-12-01,2C,P2,927.0,87.3,88.65,-1.3500000000000085,-0.026487466012298455,-1.32351253398771,0.0,0.0
2021-01-01,2C,P2,926.0,88.5,87.9,0.5999999999999943,3.6241423510696364,-3.024142351069642,0.0,0.0
2021-02-01,2C,P2,926.0,59.6,88.5,-28.9,-8.370016179461572,-20.529983820538426,1.0,0.32655367231638416
2021-03-01,2C,P2,926.0,80.8,87.9,-7.1000000000000085,3.9445651413525127,-11.044565141352521,1.0,0.08077360637087609
2021-04-01,2C,P2,926.0,84.2,87.9,-3.700000000000003,8.349970844921373,-12.049970844921376,1.0,0.042093287827076255
2021-05-01,2C,P2,926.0,97.3,87.9,9.399999999999991,9.985723243562333,-0.5857232435623416,0.0,0.0
2021-06-01,2C,P2,926.0,100.2,88.5,11.700000000000003,13.169392024765273,-1.4693920247652699,0.0,0.0
2021-07-01,2C,P2,926.0,97.3,88.65,8.649999999999991,11.447102849337057,-2.7971028493370653,0.0,0.0
2021-08-01,2C,P2,926.0,99.2,88.65,10.549999999999997,9.763881663206135,0.7861183367938622,0.0,0.0
2021-09-01,2C,P2,926.0,94.4,88.75,5.650000000000006,4.949066531351733,0.7009334686482731,0.0,0.0
2021-10-01,2C,P2,926.0,94.9,90.35,4.550000000000011,1.6196768040674954,2.930323195932516,0.0,0.0
2021-11-01,2C,P2,926.0,100.5,91.7,8.799999999999997,2.9547550627955985,5.845244937204399,0.0,0.0
2021-12-01,2C,P2,926.0,94.9,94.65,0.25,4.509675954944001,-4.259675954944001,0.0,0.0
2022-01-01,2C,P2,928.0,98.2,94.9,3.299999999999997,0.9717961709332457,2.3282038290667515,0.0,0.0
2022-02-01,2C,P2,928.0,95.9,96.1,-0.19999999999998863,-0.11785924044673379,-0.08214075955325484,0.0,0.0
2022-03-01,2C,P2,928.0,88.9,96.6,-7.699999999999989,2.498611347788568,-10.198611347788557,1.0,0.07971014492753611
2022-04-01,2C,P2,928.0,93.6,96.6,-3.0,0.8188208344334242,-3.8188208344334242,0.0,0.0
2022-05-01,2C,P2,928.0,95.9,96.6,-0.6999999999999886,3.8075718798753257,-4.507571879875314,0.0,0.0
2022-06-01,2C,P2,928.0,100.3,95.9,4.3999999999999915,5.296824045034697,-0.8968240450347054,0.0,0.0
2022-07-01,2C,P2,928.0,94.2,95.9,-1.7000000000000028,3.908843017409808,-5.608843017409811,0.0,0.0
2022-08-01,2C,P2,928.0,99.6,95.4,4.199999999999989,4.021646537124667,0.1783534628753216,0.0,0.0
2022-09-01,2C,P2,928.0,91.2,95.4,-4.200000000000003,1.9168325150909453,-6.116832515090948,0.0,0.0
2022-10-01,2C,P2,928.0,98.2,95.4,2.799999999999997,-1.0836130062756126,3.88361300627561,0.0,0.0
2022-11-01,2C,P2,928.0,96.1,95.9,0.19999999999998863,2.722868854267446,-2.5228688542674576,0.0,0.0
2022-12-01,2C,P2,928.0,95.0,95.9,-0.9000000000000057,-4.00716268388129,3.1071626838812847,0.0,0.0
2023-01-01,2C,P2,928.0,92.4,95.9,-3.5,-5.506346336437403,2.006346336437403,0.0,0.0
2023-02-01,2C,P2,928.0,92.9,95.45,-2.549999999999997,-5.361521367716023,2.8115213677160256,0.0,0.0
2023-03-01,2C,P2,928.0,78.1,94.6,-16.5,-4.281691673182095,-12.218308326817905,1.0,0.1744186046511628
2023-04-01,2C,P2,928.0,81.1,94.6,-13.5,-1.2957978870469589,-12.204202112953041,1.0,0.1427061310782241
2023-05-01,2C,P2,928.0,83.3,94.6,-11.299999999999997,0.33844951306251403,-11.638449513062511,1.0,0.11945031712473571
2023-06-01,2C,P2,928.0,93.5,93.55000000000001,-0.05000000000001137,2.105373768355207,-2.1553737683552185,0.0,0.0
2023-07-01,2C,P2,928.0,96.5,93.2,3.299999999999997,2.770969788885907,0.5290302111140903,0.0,0.0
2023-08-01,2C,P2,928.0,95.8,93.2,2.5999999999999943,3.135188265243187,-0.5351882652431925,0.0,0.0
2023-09-01,2C,P2,928.0,78.2,93.2,-15.0,0.4625470655934407,-15.46254706559344,1.0,0.1609442060085837
2023-10-01,2C,P2,928.0,82.9,93.2,-10.299999999999997,-4.20253740778314,-6.097462592216857,0.0,0.0
2023-11-01,2C,P2,928.0,98.3,92.65,5.6499999999999915,-0.9121479936960668,6.562147993696058,0.0,0.0
2023-12-01,2C,P2,928.0,97.1,92.65,4.449999999999989,3.094770982061121,1.3552290179388677,0.0,0.0
2024-01-01,2C,P2,955.0,90.4,92.65,-2.25,-4.678007099547997,2.4280070995479974,0.0,0.0
2024-02-01,2C,P2,955.0,87.2,91.65,-4.450000000000003,-8.066926209595309,3.616926209595306,0.0,0.0
2024-03-01,2C,P2,955.0,91.1,88.80000000000001,2.299999999999983,-2.0663207301703608,4.366320730170344,0.0,0.0
2024-04-01,2C,P2,955.0,93.9,90.75,3.1500000000000057,-1.3156876806178701,4.465687680617876,0.0,0.0
2024-05-01,2C,P2,955.0,91.3,92.3,-1.0,2.846553657251718,-3.846553657251718,0.0,0.0
2024-06-01,2C,P2,955.0,86.9,92.4,-5.5,3.5301973770254733,-9.030197377025473,0.0,0.0
2024-07-01,2C,P2,955.0,91.9,91.19999999999999,0.700000000000017,1.7560659344293583,-1.0560659344293413,0.0,0.0
2024-08-01,2C,P2,955.0,91.5,91.19999999999999,0.30000000000001137,3.3213672706715016,-3.0213672706714902,0.0,0.0
2024-09-01,2C,P2,955.0,90.0,91.19999999999999,-1.1999999999999886,-0.22300687713322986,-0.9769931228667588,0.0,0.0
2024-10-01,2C,P2,955.0,84.6,91.19999999999999,-6.599999999999994,-0.48206324847386384,-6.1179367515261305,0.0,0.0
2024-11-01,2C,P2,955.0,87.6,91.19999999999999,-3.5999999999999943,1.411020230486443,-5.011020230486437,0.0,0.0
2024-12-01,2C,P2,955.0,91.3,90.75,0.5499999999999972,2.0055192230598777,-1.4555192230598806,0.0,0.0
2025-01-01,2C,P2,941.0,90.8,90.75,0.04999999999999716,-3.864208728785343,3.91420872878534,0.0,0.0
2025-02-01,2C,P2,941.0,85.7,90.94999999999999,-5.249999999999986,-5.788562832128818,0.5385628321288323,0.0,0.0
2025-03-01,2C,P2,941.0,72.9,90.94999999999999,-18.049999999999983,-1.5488315282628662,-16.501168471737117,1.0,0.1984606926882901
2025-04-01,2C,P2,941.0,66.3,90.4,-24.10000000000001,-0.1902169145301542,-23.909783085469854,1.0,0.26659292035398235
2025-05-01,2C,P2,941.0,80.3,88.8,-8.5,3.116587780895756,-11.616587780895756,1.0,0.09572072072072073
2025-06-01,2C,P2,941.0,93.0,87.25,5.75,4.399165832765135,1.350834167234865,0.0,0.0
2025-07-01,2C,P2,941.0,95.2,88.8,6.400000000000006,4.556888425133408,1.8431115748665974,0.0,0.0
2025-08-01,2C,P2,941.0,96.7,88.8,7.900000000000006,4.182845145578327,3.717154854421679,0.0,0.0
2025-09-01,2C,P2,941.0,98.5,88.8,9.700000000000003,1.9734256330037283,7.7265743669962745,0.0,0.0
2025-10-01,2C,P2,941.0,96.8,89.19999999999999,7.6000000000000085,-4.165038185158082,11.76503818515809,0.0,0.0
2025-11-01,2C,P2,941.0,99.3,91.05,8.25,1.1476831666894185,7.1023168333105815,0.0,0.0
2025-12-01,2C,P2,941.0,97.3,92.15,5.1499999999999915,2.674922367080086,2.4750776329199056,0.0,0.0
2026-01-01,2C,P2,957.0,93.8,94.1,-0.29999999999999716,-1.8881275518184708,1.5881275518184736,0.0,0.0
2026-02-01,2C,P2,957.0,88.6,94.5,-5.900000000000006,-4.347140876342209,-1.5528591236577967,0.0,0.0
2026-03-01,2C,P2,957.0,95.5,94.5,1.0,-1.6661842624423713,2.6661842624423713,0.0,0.0
2026-04-01,2C,P2,957.0,91.9,95.35,-3.4499999999999886,-3.2261287531445646,-0.22387124685542403,0.0,0.0
2026-05-01,2C,P2,957.0,95.3,95.35,-0.04999999999999716,0.6417257502912719,-0.691725750291269,0.0,0.0
2026-06-01,2C,P2,957.0,98.6,95.4,3.1999999999999886,3.1450487282120463,0.054951271787942346,0.0,0.0
2026-07-01,2C,P2,957.0,99.3,96.1,3.200000000000003,3.2509939174965723,-0.05099391749656945,0.0,0.0
1985-01-01,3A,P3,565.0,86.6,,,,,,0.0
1985-02-01,3A,P3,563.0,85.4,,,,,,0.0
1985-03-01,3A,P3,562.0,85.4,,,,,,0.0
1985-04-01,3A,P3,562.0,80.8,,,,,,0.0
1985-05-01,3A,P3,562.0,80.7,,,,,,0.0
1985-06-01,3A,P3,562.0,88.1,,,,,,0.0
1985-07-01,3A,P3,562.0,89.1,,,,,,0.0
1985-08-01,3A,P3,562.0,84.0,,,,,,0.0
1985-09-01,3A,P3,562.0,85.3,,,,,,0.0
1985-10-01,3A,P3,562.0,88.0,,,,,,0.0
1985-11-01,3A,P3,562.0,85.2,,,,,,0.0
1985-12-01,3A,P3,562.0,82.7,,,,,,0.0
1986-01-01,3A,P3,561.0,83.3,85.35,-2.049999999999997,3.3794184225918826,-5.42941842259188,0.0,0.0
1986-02-01,3A,P3,563.0,79.8,85.25,-5.450000000000003,-0.5297312694749365,-4.920268730525066,0.0,0.0
1986-03-01,3A,P3,563.0,80.9,84.6,-3.6999999999999886,-2.532202086595561,-1.1677979134044278,0.0,0.0
1986-04-01,3A,P3,561.0,86.9,83.65,3.25,3.0102177084676924,0.23978229153230757,0.0,0.0
1986-05-01,3A,P3,562.0,87.0,84.6,2.4000000000000057,7.057715632446346,-4.65771563244634,0.0,0.0
1986-06-01,3A,P3,562.0,88.4,85.25,3.1500000000000057,6.515430974419743,-3.3654309744197377,0.0,0.0
1986-07-01,3A,P3,562.0,86.9,85.25,1.6500000000000057,3.5399241831872246,-1.8899241831872189,0.0,0.0
1986-08-01,3A,P3,562.0,88.4,85.25,3.1500000000000057,6.077403834738362,-2.9274038347383566,0.0,0.0
1986-09-01,3A,P3,567.0,89.3,86.1,3.200000000000003,4.1589583429821175,-0.9589583429821147,0.0,0.0
1986-10-01,3A,P3,567.0,78.2,86.9,-8.700000000000003,1.4049025435373892,-10.104902543537392,1.0,0.10011507479861913
1986-11-01,3A,P3,567.0,85.4,86.05000000000001,-0.6500000000000057,1.79466009831512,-2.4446600983151257,0.0,0.0
1986-12-01,3A,P3,567.0,81.2,86.15,-4.950000000000003,0.4101450931230204,-5.360145093123023,0.0,0.0
1987-01-01,3A,P3,569.0,82.6,86.15,-3.5500000000000114,-2.064585173255125,-1.4854148267448863,0.0,0.0
1987-02-01,3A,P3,569.0,77.6,86.15,-8.550000000000011,-3.913662311452697,-4.636337688547314,0.0,0.0
1987-03-01,3A,P3,569.0,83.0,86.15,-3.1500000000000057,-5.172055282045164,2.0220552820451587,0.0,0.0
1987-04-01,3A,P3,569.0,80.3,86.15,-5.8500000000000085,-2.6330799574459434,-3.216920042554065,0.0,0.0
1987-05-01,3A,P3,569.0,84.4,84.2,0.20000000000000284,-1.2674924967919878,1.4674924967919907,0.0,0.0
1987-06-01,3A,P3,569.0,82.1,83.7,-1.6000000000000085,2.1091823788544275,-3.709182378854436,0.0,0.0
1987-07-01,3A,P3,682.0,71.2,82.8,-11.599999999999994,3.4699698314957175,-15.069969831495712,1.0,0.14009661835748785
1987-08-01,3A,P3,575.0,85.9,82.35,3.5500000000000114,3.4847209843049995,0.06527901569501182,0.0,0.0
1987-09-01,3A,P3,580.0,81.3,82.35,-1.0499999999999972,2.225835224158331,-3.275835224158328,0.0,0.0
1987-10-01,3A,P3,580.0,82.2,81.69999999999999,0.5000000000000142,-0.5397043148731768,1.039704314873191,0.0,0.0
1987-11-01,3A,P3,580.0,80.4,82.15,-1.75,-0.9557356888449817,-0.7942643111550183,0.0,0.0
1987-12-01,3A,P3,580.0,80.7,81.69999999999999,-0.9999999999999858,1.2892766318278603,-2.289276631827846,0.0,0.0
1988-01-01,3A,P3,581.0,72.4,81.69999999999999,-9.299999999999983,0.15671516336347224,-9.456715163363455,0.0,0.0
1988-02-01,3A,P3,583.0,73.6,81.0,-7.400000000000006,-1.8875332356537342,-5.5124667643462715,0.0,0.0
1988-03-01,3A,P3,587.0,82.6,81.0,1.5999999999999943,0.5893341572292883,1.010665842770706,0.0,0.0
1988-04-01,3A,P3,587.0,84.9,81.0,3.9000000000000057,0.9483000846020104,2.9516999153979953,0.0,0.0
1988-05-01,3A,P3,587.0,84.7,81.69999999999999,3.000000000000014,2.103784141442702,0.8962158585573121,0.0,0.0
1988-06-01,3A,P3,587.0,86.0,81.69999999999999,4.300000000000011,2.093638832375845,2.2063611676241663,0.0,0.0
1988-07-01,3A,P3,587.0,86.3,81.75,4.549999999999997,2.5434321048283692,2.006567895171628,0.0,0.0
1988-08-01,3A,P3,587.0,84.6,82.4,2.1999999999999886,3.4706222289040767,-1.270622228904088,0.0,0.0
1988-09-01,3A,P3,587.0,81.0,82.4,-1.4000000000000057,-0.31863037031827446,-1.0813696296817312,0.0,0.0
1988-10-01,3A,P3,577.0,87.3,82.4,4.8999999999999915,-0.35992451597084596,5.259924515970837,0.0,0.0
1988-11-01,3A,P3,557.0,87.8,83.6,4.200000000000003,0.16059517060720907,4.039404829392794,0.0,0.0
1988-12-01,3A,P3,557.0,87.8,84.65,3.1499999999999915,1.2065172554753048,1.9434827445246867,0.0,0.0
1989-01-01,3A,P3,556.0,91.8,84.80000000000001,6.999999999999986,2.269736984831198,4.730263015168788,0.0,0.0
1989-02-01,3A,P3,556.0,90.0,85.45,4.549999999999997,-1.7612451867868089,6.311245186786806,0.0,0.0
1989-03-01,3A,P3,556.0,89.0,86.15,2.8499999999999943,-0.7554049041973059,3.6054049041973,0.0,0.0
1989-04-01,3A,P3,569.0,88.3,86.8,1.5,-0.9020813561787691,2.402081356178769,0.0,0.0
1989-05-01,3A,P3,569.0,88.9,87.55,1.3500000000000085,1.9151160375523801,-0.5651160375523716,0.0,0.0
1989-06-01,3A,P3,571.0,86.5,87.8,-1.2999999999999972,5.085430950566874,-6.385430950566871,0.0,0.0
1989-07-01,3A,P3,571.0,90.2,87.8,2.4000000000000057,4.378163434643298,-1.9781634346432924,0.0,0.0
1989-08-01,3A,P3,571.0,92.0,88.05,3.950000000000003,4.757523564335017,-0.807523564335014,0.0,0.0
1989-09-01,3A,P3,571.0,93.1,88.6,4.5,3.881265936515888,0.6187340634841121,0.0,0.0
1989-10-01,3A,P3,571.0,91.2,88.95,2.25,0.3897879640323083,1.8602120359676917,0.0,0.0
1989-11-01,3A,P3,571.0,89.4,89.5,-0.09999999999999432,-0.03257487330654385,-0.06742512669345047,0.0,0.0
1989-12-01,3A,P3,571.0,91.8,89.7,2.0999999999999943,-2.1720284790656734,4.272028479065668,0.0,0.0
1990-01-01,3A,P3,579.0,88.5,90.1,-1.5999999999999943,1.581614951387479,-3.1816149513874734,0.0,0.0
1990-02-01,3A,P3,579.0,85.4,89.7,-4.299999999999997,1.6187697258800853,-5.918769725880082,0.0,0.0
1990-03-01,3A,P3,579.0,88.4,89.2,-0.7999999999999972,-3.1699083007276982,2.369908300727701,0.0,0.0
1990-04-01,3A,P3,579.0,84.7,89.15,-4.450000000000003,-2.0899185689859365,-2.3600814310140663,0.0,0.0
1990-05-01,3A,P3,579.0,93.0,89.15,3.8499999999999943,0.004042411632724452,3.84595758836727,0.0,0.0
1990-06-01,3A,P3,579.0,93.0,89.80000000000001,3.1999999999999886,1.6272695346844301,1.5727304653155585,0.0,0.0
1990-07-01,3A,P3,579.0,92.2,90.7,1.5,4.972662091583999,-3.4726620915839987,0.0,0.0
1990-08-01,3A,P3,588.0,88.5,91.5,-3.0,3.2019299169562743,-6.201929916956274,0.0,0.0
1990-09-01,3A,P3,588.0,93.2,90.30000000000001,2.8999999999999915,3.6303504011071652,-0.7303504011071738,0.0,0.0
1990-10-01,3A,P3,587.0,87.4,90.30000000000001,-2.9000000000000057,-3.965306122660323,1.065306122660317,0.0,0.0
1990-11-01,3A,P3,587.0,86.5,88.95,-2.450000000000003,-3.255431864665809,0.8054318646658061,0.0,0.0
1990-12-01,3A,P3,587.0,86.5,88.5,-2.0,-4.639762070911615,2.6397620709116154,0.0,0.0
1991-01-01,3A,P3,582.0,84.0,88.45,-4.450000000000003,-4.929044213542824,0.4790442135428208,0.0,0.0
1991-02-01,3A,P3,587.0,81.7,87.9,-6.200000000000003,-1.670854802289611,-4.529145197710392,0.0,0.0
1991-03-01,3A,P3,588.0,84.0,87.9,-3.9000000000000057,-1.4981016708613737,-2.401898329138632,0.0,0.0
1991-04-01,3A,P3,588.0,76.4,86.95,-10.549999999999997,-0.09798619526898733,-10.45201380473101,1.0,0.12133410005750428
1991-05-01,3A,P3,594.0,88.1,86.95,1.1499999999999915,3.015339191201548,-1.8653391912015564,0.0,0.0
1991-06-01,3A,P3,594.0,93.5,86.95,6.549999999999997,5.324292424798159,1.225707575201838,0.0,0.0
1991-07-01,3A,P3,594.0,90.2,86.95,3.25,4.323740470846204,-1.0737404708462037,0.0,0.0
1991-08-01,3A,P3,618.0,88.1,86.95,1.1499999999999915,4.5434308869711515,-3.39343088697116,0.0,0.0
1991-09-01,3A,P3,618.0,88.0,86.95,1.0499999999999972,3.7865978186086835,-2.7365978186086863,0.0,0.0
1991-10-01,3A,P3,615.0,84.1,86.95,-2.8500000000000085,-1.0379432453344037,-1.8120567546656048,0.0,0.0
1991-11-01,3A,P3,615.0,82.6,86.5,-3.9000000000000057,-0.813569755956479,-3.0864302440435267,0.0,0.0
1991-12-01,3A,P3,613.0,82.7,85.3,-2.5999999999999943,2.07150678476323,-4.671506784763224,0.0,0.0
1992-01-01,3A,P3,611.0,79.3,84.05,-4.75,-2.153875126985895,-2.596124873014105,0.0,0.0
1992-02-01,3A,P3,611.0,76.5,84.05,-7.549999999999997,-4.27925124782071,-3.270748752179287,0.0,0.0
1992-03-01,3A,P3,603.0,85.2,84.05,1.1500000000000057,-0.5145356386749427,1.6645356386749484,0.0,0.0
1992-04-01,3A,P3,610.0,89.0,84.65,4.349999999999994,-0.37576609886409074,4.725766098864085,0.0,0.0
1992-05-01,3A,P3,610.0,87.7,86.6,1.1000000000000085,3.377657885260575,-2.2776578852605667,0.0,0.0
1992-06-01,3A,P3,589.0,94.3,86.45,7.849999999999994,6.395017998760622,1.4549820012393724,0.0,0.0
1992-07-01,3A,P3,589.0,95.3,86.45,8.849999999999994,5.860552572240266,2.9894474277597283,0.0,0.0
1992-08-01,3A,P3,587.0,93.6,86.45,7.1499999999999915,3.056884578210486,4.093115421789506,0.0,0.0
1992-09-01,3A,P3,573.0,92.8,86.45,6.349999999999994,4.69142788791298,1.6585721120870147,0.0,0.0
1992-10-01,3A,P3,573.0,86.2,86.45,-0.25,3.306484611184459,-3.556484611184459,0.0,0.0
1992-11-01,3A,P3,573.0,90.7,86.95,3.75,2.324635598731234,1.4253644012687658,0.0,0.0
1992-12-01,3A,P3,573.0,84.2,88.35,-4.1499999999999915,-1.661169596942031,-2.4888304030579604,0.0,0.0
1993-01-01,3A,P3,525.0,98.1,88.35,9.75,-2.4201088664155748,12.170108866415575,0.0,0.0
1993-02-01,3A,P3,525.0,99.9,89.85,10.050000000000011,-2.6271779867038134,12.677177986703825,0.0,0.0
1993-03-01,3A,P3,525.0,90.3,91.75,-1.4500000000000028,0.07597628938157186,-1.5259762893815747,0.0,0.0
1993-04-01,3A,P3,525.0,95.1,91.75,3.3499999999999943,1.988341524542264,1.3616584754577303,0.0,0.0
1993-05-01,3A,P3,552.0,96.8,93.19999999999999,3.6000000000000085,3.456248221341866,0.14375177865814237,0.0,0.0
1993-06-01,3A,P3,552.0,91.6,93.94999999999999,-2.3499999999999943,5.336087915725983,-7.686087915725977,0.0,0.0
1993-07-01,3A,P3,579.0,93.8,93.19999999999999,0.6000000000000085,5.387771200507956,-4.787771200507947,0.0,0.0
1993-08-01,3A,P3,579.0,93.2,93.19999999999999,1.4210854715202004e-14,3.001034727403649,-3.001034727403635,0.0,0.0
1993-09-01,3A,P3,579.0,95.4,93.0,2.4000000000000057,2.32488638671191,0.07511361328809585,0.0,0.0
1993-10-01,3A,P3,579.0,93.8,93.5,0.29999999999999716,1.1250374272366486,-0.8250374272366514,0.0,0.0
1993-11-01,3A,P3,579.0,95.4,93.8,1.6000000000000085,0.3829993806863712,1.2170006193136373,0.0,0.0
1993-12-01,3A,P3,579.0,90.5,94.44999999999999,-3.9499999999999886,-0.7266277160969423,-3.2233722839030463,0.0,0.0
1994-01-01,3A,P3,568.0,92.6,94.44999999999999,-1.8499999999999943,-2.084868289382996,0.23486828938300164,0.0,0.0
1994-02-01,3A,P3,568.0,90.5,93.8,-3.299999999999997,-3.1551670390244055,-0.14483296097559162,0.0,0.0
1994-03-01,3A,P3,568.0,99.5,93.5,6.0,-4.334127715050755,10.334127715050755,0.0,0.0
1994-04-01,3A,P3,569.0,102.1,93.8,8.299999999999997,0.512353824148903,7.787646175851094,0.0,0.0
1994-05-01,3A,P3,570.0,100.0,93.8,6.200000000000003,3.242904960896226,2.957095039103777,0.0,0.0
1994-06-01,3A,P3,570.0,97.7,93.8,3.9000000000000057,3.5961068338765045,0.30389316612350115,0.0,0.0
1994-07-01,3A,P3,570.0,98.3,94.6,3.700000000000003,3.3148506156177717,0.3851493843822311,0.0,0.0
1994-08-01,3A,P3,570.0,97.5,95.4,2.0999999999999943,4.230169349963404,-2.13016934996341,0.0,0.0
1994-09-01,3A,P3,570.0,100.3,96.45,3.8499999999999943,2.246250296830695,1.6037497031692993,0.0,0.0
1994-10-01,3A,P3,570.0,94.8,97.6,-2.799999999999997,-2.3911517399596676,-0.4088482600403296,0.0,0.0
1994-11-01,3A,P3,570.0,91.9,97.6,-5.699999999999989,0.4760509032583684,-6.176050903258357,0.0,0.0
1994-12-01,3A,P3,575.0,94.2,97.6,-3.3999999999999915,0.11830492387221625,-3.5183049238722077,0.0,0.0
1995-01-01,3A,P3,592.0,95.4,97.6,-2.1999999999999886,-3.0366052355474267,0.836605235547438,0.0,0.0
1995-02-01,3A,P3,592.0,87.1,97.6,-10.5,-3.6401625225276604,-6.85983747747234,0.0,0.0
1995-03-01,3A,P3,592.0,87.1,97.6,-10.5,-5.966108615572182,-4.533891384427818,0.0,0.0
1995-04-01,3A,P3,592.0,94.2,96.45,-2.25,-2.143383403474516,-0.10661659652548394,0.0,0.0
1995-05-01,3A,P3,592.0,93.6,95.1,-1.5,1.337832812647278,-2.837832812647278,0.0,0.0
1995-06-01,3A,P3,592.0,100.2,94.5,5.700000000000003,2.986864399804432,2.713135600195571,0.0,0.0
1995-07-01,3A,P3,592.0,97.5,94.5,3.0,1.4068195312713954,1.5931804687286046,0.0,0.0
1995-08-01,3A,P3,592.0,100.0,94.5,5.5,1.3668641553639418,4.133135844636058,0.0,0.0
1995-09-01,3A,P3,592.0,90.2,94.5,-4.299999999999997,2.910940476229996,-7.210940476229993,0.0,0.0
1995-10-01,3A,P3,592.0,95.7,94.2,1.5,-2.14870368864176,3.64870368864176,0.0,0.0
1995-11-01,3A,P3,592.0,95.2,94.2,1.0,-0.5103164611690261,1.510316461169026,0.0,0.0
1995-12-01,3A,P3,592.0,94.9,94.7,0.20000000000000284,0.9444343468755392,-0.7444343468755363,0.0,0.0
1996-01-01,3A,P3,602.0,89.9,95.05000000000001,-5.150000000000006,-2.1068500425796515,-3.043149957420354,0.0,0.0
1996-02-01,3A,P3,602.0,84.6,94.55000000000001,-9.950000000000017,-2.538001441794165,-7.411998558205852,0.0,0.0
1996-03-01,3A,P3,609.0,81.4,94.55000000000001,-13.150000000000006,-0.919995983909871,-12.230004016090135,1.0,0.1390798519301957
1996-04-01,3A,P3,609.0,94.5,94.55000000000001,-0.05000000000001137,2.3007520242550044,-2.3507520242550157,0.0,0.0
1996-05-01,3A,P3,609.0,92.1,94.7,-2.6000000000000085,2.1062332145862115,-4.70623321458622,0.0,0.0
1996-06-01,3A,P3,609.0,95.1,94.7,0.3999999999999915,2.738233913643228,-2.3382339136432364,0.0,0.0
1996-07-01,3A,P3,609.0,98.4,94.7,3.700000000000003,1.270060345612464,2.429939654387539,0.0,0.0
1996-08-01,3A,P3,609.0,98.2,94.7,3.5,1.2979568587820438,2.202043141217956,0.0,0.0
1996-09-01,3A,P3,609.0,96.6,94.7,1.8999999999999915,1.7753173567198246,0.12468264328016687,0.0,0.0
1996-10-01,3A,P3,609.0,92.3,95.0,-2.700000000000003,0.5071915375848306,-3.2071915375848334,0.0,0.0
1996-11-01,3A,P3,609.0,96.2,94.7,1.5,-0.5715760114305652,2.0715760114305652,0.0,0.0
1996-12-01,3A,P3,609.0,93.5,94.7,-1.2000000000000028,-0.4851802054017327,-0.7148197945982702,0.0,0.0
1997-01-01,3A,P3,621.0,91.1,94.0,-2.9000000000000057,-5.683388405386182,2.7833884053861766,0.0,0.0
1997-02-01,3A,P3,621.0,86.2,94.0,-7.799999999999997,-6.789044631117491,-1.010955368882506,0.0,0.0
1997-03-01,3A,P3,621.0,85.4,94.0,-8.599999999999994,-4.24393150998111,-4.356068490018885,0.0,0.0
1997-04-01,3A,P3,621.0,96.0,94.0,2.0,-2.158671024711296,4.158671024711296,0.0,0.0
1997-05-01,3A,P3,621.0,97.3,94.3,3.0,3.0551252185479143,-0.0551252185479143,0.0,0.0
1997-06-01,3A,P3,621.0,97.6,95.55,2.049999999999997,3.3535833514723095,-1.3035833514723123,0.0,0.0
1997-07-01,3A,P3,621.0,98.6,96.1,2.5,2.6698974027528237,-0.16989740275282372,0.0,0.0
1997-08-01,3A,P3,621.0,98.2,96.1,2.1000000000000085,4.4425399972080015,-2.342539997207993,0.0,0.0
1997-09-01,3A,P3,621.0,100.1,96.1,4.0,5.0840108390008965,-1.0840108390008965,0.0,0.0
1997-10-01,3A,P3,621.0,95.7,96.1,-0.3999999999999915,2.464776125502624,-2.8647761255026154,0.0,0.0
1997-11-01,3A,P3,621.0,95.2,96.1,-0.8999999999999915,0.12385636952483026,-1.0238563695248217,0.0,0.0
1997-12-01,3A,P3,621.0,95.1,95.85,-0.75,0.8414015916199418,-1.5914015916199418,0.0,0.0
1998-01-01,3A,P3,623.0,90.3,95.85,-5.549999999999997,-3.731281795628476,-1.818718204371521,0.0,0.0
1998-02-01,3A,P3,623.0,91.3,95.85,-4.549999999999997,-6.299894666136481,1.749894666136484,0.0,0.0
1998-03-01,3A,P3,626.0,91.2,95.85,-4.6499999999999915,-2.3419874799689353,-2.308012520031056,0.0,0.0
1998-04-01,3A,P3,584.0,96.1,95.85,0.25,0.4784273394841847,-0.2284273394841847,0.0,0.0
1998-05-01,3A,P3,584.0,104.6,95.9,8.699999999999989,1.275327071587597,7.424672928412392,0.0,0.0
1998-06-01,3A,P3,589.0,103.2,95.9,7.299999999999997,1.86417421357676,5.435825786423237,0.0,0.0
1998-07-01,3A,P3,591.0,101.8,95.9,5.8999999999999915,2.0503267549477755,3.849673245052216,0.0,0.0
1998-08-01,3A,P3,591.0,104.3,95.9,8.399999999999991,2.4106758104711616,5.98932418952883,0.0,0.0
1998-09-01,3A,P3,591.0,101.3,95.9,5.3999999999999915,-2.320993909662789,7.720993909662781,0.0,0.0
1998-10-01,3A,P3,591.0,94.0,95.9,-1.9000000000000057,-7.484719759987229,5.584719759987223,0.0,0.0
1998-11-01,3A,P3,563.0,98.1,95.65,2.4499999999999886,-1.6915600643901456,4.141560064390134,0.0,0.0
1998-12-01,3A,P3,563.0,101.6,97.1,4.5,-1.0364722287333876,5.536472228733388,0.0,0.0
1999-01-01,3A,P3,575.0,95.9,99.69999999999999,-3.799999999999983,-4.670101921727351,0.8701019217273682,0.0,0.0
1999-02-01,3A,P3,570.0,95.8,99.69999999999999,-3.8999999999999915,-5.041981842262189,1.1419818422621972,0.0,0.0
1999-03-01,3A,P3,570.0,91.1,99.69999999999999,-8.599999999999994,-4.116618887777307,-4.483381112222688,0.0,0.0
1999-04-01,3A,P3,570.0,100.9,99.69999999999999,1.200000000000017,-0.41492010748530106,1.6149201074853181,0.0,0.0
1999-05-01,3A,P3,575.0,102.0,101.1,0.9000000000000057,-0.9984638941545256,1.8984638941545313,0.0,0.0
1999-06-01,3A,P3,575.0,97.9,101.1,-3.1999999999999886,-1.2518633292066141,-1.9481366707933745,0.0,0.0
1999-07-01,3A,P3,575.0,95.4,99.5,-4.099999999999994,0.5955037160234724,-4.695503716023467,0.0,0.0
1999-08-01,3A,P3,575.0,99.6,98.0,1.5999999999999943,1.271357105021508,0.3286428949784863,0.0,0.0
1999-09-01,3A,P3,575.0,101.1,98.0,3.0999999999999943,-0.1559792907974895,3.255979290797484,0.0,0.0
1999-10-01,3A,P3,575.0,92.3,98.0,-5.700000000000003,-2.947474704746597,-2.752525295253406,0.0,0.0
1999-11-01,3A,P3,575.0,99.3,98.0,1.2999999999999972,-1.9919799124272686,3.2919799124272657,0.0,0.0
1999-12-01,3A,P3,575.0,98.8,98.6,0.20000000000000284,-3.320918038398162,3.5209180383981646,0.0,0.0
2000-01-01,3A,P3,573.0,95.2,98.35,-3.1499999999999915,-7.0134854895324,3.8634854895324082,0.0,0.0
2000-02-01,3A,P3,573.0,99.1,98.35,0.75,-6.361114860534315,7.111114860534315,0.0,0.0
2000-03-01,3A,P3,575.0,92.0,98.94999999999999,-6.949999999999989,-3.0279289394099322,-3.9220710605900564,0.0,0.0
2000-04-01,3A,P3,575.0,103.3,98.94999999999999,4.3500000000000085,-0.16935984750953992,4.5193598475095484,0.0,0.0
2000-05-01,3A,P3,575.0,101.3,98.94999999999999,2.3500000000000085,2.370287800078998,-0.02028780007898945,0.0,0.0
2000-06-01,3A,P3,575.0,103.8,98.94999999999999,4.8500000000000085,3.8827664780195335,0.9672335219804751,0.0,0.0
2000-07-01,3A,P3,575.0,104.0,99.19999999999999,4.800000000000011,4.526598689936847,0.27340131006316426,0.0,0.0
2000-08-01,3A,P3,575.0,104.2,99.44999999999999,4.750000000000014,3.5311147292024287,1.2188852707975855,0.0,0.0
2000-09-01,3A,P3,575.0,98.1,100.19999999999999,-2.0999999999999943,1.863294372590488,-3.9632943725904823,0.0,0.0
2000-10-01,3A,P3,575.0,96.7,99.19999999999999,-2.499999999999986,-0.09116159454174522,-2.4088384054582406,0.0,0.0
2000-11-01,3A,P3,575.0,102.6,99.19999999999999,3.4000000000000057,0.15813356118280808,3.2418664388171976,0.0,0.0
2000-12-01,3A,P3,575.0,100.6,100.19999999999999,0.4000000000000057,1.3237253486224034,-0.9237253486223977,0.0,0.0
2001-01-01,3A,P3,584.0,102.9,100.94999999999999,1.950000000000017,-3.0644353496679884,5.014435349668005,0.0,0.0
2001-02-01,3A,P3,584.0,95.6,101.94999999999999,-6.349999999999994,-2.7012653834680833,-3.648734616531911,0.0,0.0
2001-03-01,3A,P3,584.0,93.7,101.94999999999999,-8.249999999999986,-3.820162940761776,-4.42983705923821,0.0,0.0
2001-04-01,3A,P3,584.0,96.6,101.94999999999999,-5.349999999999994,1.6975147663683856,-7.04751476636838,0.0,0.0
2001-05-01,3A,P3,584.0,104.0,100.94999999999999,3.0500000000000114,2.3687306301680167,0.6812693698319947,0.0,0.0
2001-06-01,3A,P3,584.0,101.6,101.6,0.0,1.5804831764221774,-1.5804831764221774,0.0,0.0
2001-07-01,3A,P3,584.0,89.9,101.1,-11.199999999999989,-0.17265136841821516,-11.027348631581773,1.0,0.11078140454995043
2001-08-01,3A,P3,584.0,100.1,99.35,0.75,-0.5957843315693623,1.3457843315693623,0.0,0.0
2001-09-01,3A,P3,584.0,100.5,99.1,1.4000000000000057,-1.315326519697578,2.7153265196975838,0.0,0.0
2001-10-01,3A,P3,584.0,104.3,100.3,4.0,-0.8581393931142287,4.858139393114229,0.0,0.0
2001-11-01,3A,P3,584.0,97.9,100.55,-2.6499999999999915,-0.6380762939637776,-2.011923706036214,0.0,0.0
2001-12-01,3A,P3,584.0,99.9,100.3,-0.3999999999999915,-2.555984573518657,2.1559845735186656,0.0,0.0
2002-01-01,3A,P3,588.0,92.1,100.0,-7.900000000000006,-4.546323728480857,-3.3536762715191486,0.0,0.0
2002-02-01,3A,P3,588.0,77.4,98.9,-21.5,-5.6573526136563,-15.8426473863437,1.0,0.21739130434782608
2002-03-01,3A,P3,588.0,91.9,98.9,-7.0,-4.393059226213012,-2.606940773786988,0.0,0.0
2002-04-01,3A,P3,589.0,100.1,98.9,1.1999999999999886,0.7703493231306169,0.42965067686937175,0.0,0.0
2002-05-01,3A,P3,589.0,101.4,100.0,1.4000000000000057,-0.7768727333234011,2.176872733323407,0.0,0.0
2002-06-01,3A,P3,589.0,98.4,100.0,-1.5999999999999943,0.9667573681492172,-2.5667573681492115,0.0,0.0
2002-07-01,3A,P3,589.0,94.7,99.15,-4.450000000000003,1.3169303578891345,-5.766930357889137,0.0,0.0
2002-08-01,3A,P3,589.0,92.7,99.15,-6.450000000000003,0.7392639298290078,-7.189263929829011,0.0,0.0
2002-09-01,3A,P3,589.0,92.7,98.15,-5.450000000000003,-1.7691111596484461,-3.6808888403515567,0.0,0.0
2002-10-01,3A,P3,589.0,98.2,96.30000000000001,1.8999999999999915,-4.26052260476817,6.160522604768161,0.0,0.0
2002-11-01,3A,P3,589.0,100.8,96.30000000000001,4.499999999999986,1.6770098462183256,2.82299015378166,0.0,0.0
2002-12-01,3A,P3,589.0,93.8,96.45,-2.6500000000000057,0.19261463663748657,-2.8426146366374923,0.0,0.0
2003-01-01,3A,P3,603.0,88.8,94.25,-5.450000000000003,-4.113476375551556,-1.3365236244484464,0.0,0.0
2003-02-01,3A,P3,603.0,95.8,94.25,1.5499999999999972,-3.870703275127312,5.420703275127309,0.0,0.0
2003-03-01,3A,P3,603.0,101.0,95.25,5.75,-0.7931596878333096,6.54315968783331,0.0,0.0
2003-04-01,3A,P3,603.0,97.9,97.0,0.9000000000000057,2.7897278211229803,-1.8897278211229747,0.0,0.0
2003-05-01,3A,P3,603.0,100.2,96.85,3.3500000000000085,4.458536037029361,-1.1085360370293529,0.0,0.0
2003-06-01,3A,P3,603.0,93.6,96.85,-3.25,2.777877088907914,-6.027877088907914,0.0,0.0
2003-07-01,3A,P3,603.0,89.4,95.25,-5.849999999999994,2.166651867986019,-8.016651867986013,0.0,0.0
2003-08-01,3A,P3,603.0,99.0,94.8,4.200000000000003,3.135830277348333,1.0641697226516698,0.0,0.0
2003-09-01,3A,P3,603.0,95.3,96.85,-1.5499999999999972,1.2278352928725695,-2.7778352928725667,0.0,0.0
2003-10-01,3A,P3,603.0,92.9,96.85,-3.9499999999999886,-0.41247731072367344,-3.537522689276315,0.0,0.0
2003-11-01,3A,P3,603.0,95.9,95.55,0.3500000000000085,0.7756705278242038,-0.42567052782419523,0.0,0.0
2003-12-01,3A,P3,603.0,95.3,95.55,-0.25,-0.3491401958442708,0.0991401958442708,0.0,0.0
2004-01-01,3A,P3,615.0,91.3,95.55,-4.25,-4.283296713830225,0.033296713830225144,0.0,0.0
2004-02-01,3A,P3,615.0,97.1,95.55,1.5499999999999972,-4.517934377811358,6.067934377811355,0.0,0.0
2004-03-01,3A,P3,615.0,99.6,95.6,4.0,-4.848882836175505,8.848882836175505,0.0,0.0
2004-04-01,3A,P3,615.0,99.3,95.6,3.700000000000003,-0.8758278859428543,4.575827885942857,0.0,0.0
2004-05-01,3A,P3,615.0,101.8,95.6,6.200000000000003,2.5745665941418565,3.6254334058581463,0.0,0.0
2004-06-01,3A,P3,615.0,103.1,95.6,7.5,4.447916025792722,3.052083974207278,0.0,0.0
2004-07-01,3A,P3,615.0,101.9,96.5,5.400000000000006,3.722665323454109,1.6773346765458967,0.0,0.0
2004-08-01,3A,P3,615.0,97.1,98.05,-0.9500000000000028,4.0857156606357705,-5.035715660635773,0.0,0.0
2004-09-01,3A,P3,615.0,102.6,97.1,5.5,-2.8994719240276368,8.399471924027637,0.0,0.0
2004-10-01,3A,P3,615.0,97.2,98.19999999999999,-0.9999999999999858,-2.5775261384736297,1.5775261384736439,0.0,0.0
2004-11-01,3A,P3,615.0,98.4,98.25,0.15000000000000568,1.5843099232387772,-1.4343099232387715,0.0,0.0
2004-12-01,3A,P3,615.0,97.1,98.85,-1.75,2.2788512022400766,-4.028851202240077,0.0,0.0
2005-01-01,3A,P3,628.0,88.6,98.85,-10.25,-2.099562119439639,-8.15043788056036,0.0,0.0
2005-02-01,3A,P3,628.0,83.3,98.85,-15.549999999999997,-2.829120922335477,-12.72087907766452,1.0,0.15730905412240767
2005-03-01,3A,P3,628.0,86.0,98.85,-12.849999999999994,-2.6538391705106648,-10.19616082948933,1.0,0.12999494183105711
2005-04-01,3A,P3,632.0,82.9,97.80000000000001,-14.900000000000006,-0.5947233373289578,-14.305276662671048,1.0,0.15235173824130882
2005-05-01,3A,P3,632.0,88.7,97.15,-8.450000000000003,0.6756566743952845,-9.125656674395287,0.0,0.0
2005-06-01,3A,P3,632.0,97.3,97.1,0.20000000000000284,3.5453758380225366,-3.345375838022534,0.0,0.0
2005-07-01,3A,P3,632.0,99.6,97.1,2.5,0.6632089553397549,1.8367910446602451,0.0,0.0
2005-08-01,3A,P3,632.0,98.9,97.1,1.8000000000000114,-0.8184605836884344,2.618460583688446,0.0,0.0
2005-09-01,3A,P3,632.0,96.9,97.15,-0.25,-9.191544312469802,8.941544312469802,0.0,0.0
2005-10-01,3A,P3,632.0,96.8,97.0,-0.20000000000000284,-11.425540310542715,11.225540310542712,0.0,0.0
2005-11-01,3A,P3,632.0,90.6,96.85,-6.25,-3.4685824005281916,-2.7814175994718084,0.0,0.0
2005-12-01,3A,P3,632.0,93.5,93.69999999999999,-0.19999999999998863,-2.602369599393299,2.4023695993933103,0.0,0.0
2006-01-01,3A,P3,648.0,89.9,92.05,-2.1499999999999915,-4.032381491042884,1.8823814910428922,0.0,0.0
2006-02-01,3A,P3,650.0,96.7,92.05,4.650000000000006,-4.163386425933595,8.8133864259336,0.0,0.0
2006-03-01,3A,P3,651.0,87.4,95.1,-7.699999999999989,-4.318823069770787,-3.381176930229202,0.0,0.0
2006-04-01,3A,P3,651.0,98.1,95.1,3.0,-1.3219531943121012,4.321953194312101,0.0,0.0
2006-05-01,3A,P3,651.0,93.5,96.75,-3.25,2.561641153328324,-5.811641153328324,0.0,0.0
2006-06-01,3A,P3,651.0,97.5,96.75,0.75,4.360732637429294,-3.610732637429294,0.0,0.0
2006-07-01,3A,P3,653.0,97.0,96.75,0.25,3.8796418653251976,-3.6296418653251976,0.0,0.0
2006-08-01,3A,P3,653.0,98.7,96.75,1.9500000000000028,4.543213417098897,-2.5932134170988945,0.0,0.0
2006-09-01,3A,P3,654.0,99.7,96.75,2.950000000000003,4.368383683835546,-1.4183836838355433,0.0,0.0
2006-10-01,3A,P3,654.0,95.8,96.75,-0.9500000000000028,-1.4531368267017086,0.5031368267017058,0.0,0.0
2006-11-01,3A,P3,654.0,92.4,96.25,-3.8499999999999943,-1.32102372975325,-2.528976270246744,0.0,0.0
2006-12-01,3A,P3,654.0,95.3,96.25,-0.9500000000000028,1.8926155541108614,-2.842615554110864,0.0,0.0
2007-01-01,3A,P3,670.0,90.0,96.25,-6.25,-1.1324950463783523,-5.117504953621648,0.0,0.0
2007-02-01,3A,P3,670.0,81.1,96.25,-15.150000000000006,-4.700177756296782,-10.449822243703224,1.0,0.15740259740259746
2007-03-01,3A,P3,670.0,73.7,95.55,-21.849999999999994,-2.3389510437717007,-19.511048956228294,1.0,0.22867608581894291
2007-04-01,3A,P3,670.0,79.3,95.55,-16.25,-1.2509888769617277,-14.999011123038272,1.0,0.17006802721088435
2007-05-01,3A,P3,670.0,79.8,94.4,-14.600000000000009,0.2772066799283124,-14.877206679928321,1.0,0.15466101694915263
2007-06-01,3A,P3,670.0,68.9,93.85,-24.94999999999999,-0.4593958528907933,-24.490604147109195,1.0,0.2658497602557271
2007-07-01,3A,P3,670.0,95.0,91.2,3.799999999999997,2.8845539680305166,0.9154460319694806,0.0,0.0
2007-08-01,3A,P3,670.0,94.3,91.2,3.0999999999999943,2.504082086230028,0.5959179137699664,0.0,0.0
2007-09-01,3A,P3,670.0,98.2,91.2,7.0,0.5873269681074049,6.412673031892595,0.0,0.0
2007-10-01,3A,P3,670.0,93.9,91.2,2.700000000000003,-0.9131257799010939,3.6131257799010967,0.0,0.0
2007-11-01,3A,P3,670.0,89.5,91.2,-1.7000000000000028,0.5421610560207455,-2.2421610560207483,0.0,0.0
2007-12-01,3A,P3,670.0,94.0,89.75,4.25,0.03356179609686194,4.216438203903138,0.0,0.0
2008-01-01,3A,P3,671.0,88.6,89.75,-1.1500000000000057,-2.828478713726554,1.6784787137265482,0.0,0.0
2008-02-01,3A,P3,671.0,87.8,89.05,-1.25,-3.6312241238328653,2.3812241238328653,0.0,0.0
2008-03-01,3A,P3,671.0,85.2,89.05,-3.8499999999999943,-5.376867277359821,1.5268672773598269,0.0,0.0
2008-04-01,3A,P3,671.0,92.5,89.05,3.450000000000003,-2.4340888995959347,5.8840888995959375,0.0,0.0
2008-05-01,3A,P3,671.0,91.0,91.0,0.0,0.1955366025770644,-0.1955366025770644,0.0,0.0
2008-06-01,3A,P3,671.0,89.8,91.75,-1.9500000000000028,0.9692006301790173,-2.91920063017902,0.0,0.0
2008-07-01,3A,P3,671.0,91.1,91.75,-0.6500000000000057,0.09097925409621155,-0.7409792540962172,0.0,0.0
2008-08-01,3A,P3,671.0,90.3,91.05,-0.75,-1.6088503881525185,0.8588503881525185,0.0,0.0
2008-09-01,3A,P3,671.0,92.9,90.65,2.25,-13.41859555204428,15.66859555204428,0.0,0.0
2008-10-01,3A,P3,671.0,90.2,90.65,-0.45000000000000284,-1.9275309062004595,1.4775309062004567,0.0,0.0
2008-11-01,3A,P3,671.0,83.1,90.25,-7.150000000000006,-0.8558150817393084,-6.294184918260697,0.0,0.0
2008-12-01,3A,P3,671.0,79.2,90.25,-11.049999999999997,-2.0270559503843373,-9.02294404961566,0.0,0.0
2009-01-01,3A,P3,671.0,84.2,90.0,-5.799999999999997,-3.4817919654750824,-2.3182080345249148,0.0,0.0
2009-02-01,3A,P3,671.0,88.0,90.0,-2.0,-4.013498795716018,2.0134987957160178,0.0,0.0
2009-03-01,3A,P3,671.0,85.0,90.0,-5.0,-4.060969370636798,-0.9390306293632023,0.0,0.0
2009-04-01,3A,P3,671.0,82.9,90.0,-7.099999999999994,-2.858830393724176,-4.241169606275818,0.0,0.0
2009-05-01,3A,P3,671.0,68.5,88.9,-20.400000000000006,-0.6518880889116616,-19.748111911088344,1.0,0.22947131608548937
2009-06-01,3A,P3,671.0,88.3,86.5,1.7999999999999972,2.025930193064113,-0.22593019306411577,0.0,0.0
2009-07-01,3A,P3,671.0,94.6,86.5,8.099999999999994,0.271491705667799,7.828508294332195,0.0,0.0
2009-08-01,3A,P3,671.0,95.4,86.5,8.900000000000006,0.14533368293153615,8.75466631706847,0.0,0.0
2009-09-01,3A,P3,671.0,86.2,86.5,-0.29999999999999716,0.992129678633134,-1.292129678633131,0.0,0.0
2009-10-01,3A,P3,671.0,84.2,85.6,-1.3999999999999915,-2.5393707048585696,1.1393707048585782,0.0,0.0
2009-11-01,3A,P3,671.0,87.3,84.6,2.700000000000003,-2.905678369743484,5.605678369743487,0.0,0.0
2009-12-01,3A,P3,671.0,81.9,85.6,-3.6999999999999886,-2.045260143167795,-1.6547398568321938,0.0,0.0
2010-01-01,3A,P3,671.0,82.0,85.6,-3.5999999999999943,-2.544076315350978,-1.0559236846490165,0.0,0.0
2010-02-01,3A,P3,671.0,83.4,85.6,-2.1999999999999886,-0.9728210957448766,-1.227178904255112,0.0,0.0
2010-03-01,3A,P3,671.0,84.3,84.6,-0.29999999999999716,1.1390421221211682,-1.4390421221211653,0.0,0.0
2010-04-01,3A,P3,676.0,89.3,84.25,5.049999999999997,5.683231258784531,-0.6332312587845337,0.0,0.0
2010-05-01,3A,P3,676.0,91.4,85.25,6.150000000000006,4.576182251267923,1.5738177487320826,0.0,0.0
2010-06-01,3A,P3,676.0,77.9,86.75,-8.849999999999994,7.009532553880007,-15.859532553880001,1.0,0.10201729106628235
2010-07-01,3A,P3,676.0,80.8,85.25,-4.450000000000003,7.5007543973214155,-11.950754397321418,1.0,0.052199413489736106
2010-08-01,3A,P3,676.0,87.4,84.25,3.1500000000000057,5.4621446439964245,-2.312144643996419,0.0,0.0
2010-09-01,3A,P3,676.0,93.8,84.25,9.549999999999997,2.37174084871468,7.178259151285317,0.0,0.0
2010-10-01,3A,P3,676.0,92.0,84.25,7.75,-2.2929008124657884,10.042900812465788,0.0,0.0
2010-11-01,3A,P3,676.0,92.7,85.8,6.900000000000006,1.690177690500903,5.209822309499103,0.0,0.0
2010-12-01,3A,P3,676.0,92.1,85.85,6.25,1.9094557576161009,4.340544242383899,0.0,0.0
2011-01-01,3A,P3,658.0,86.3,88.35,-2.049999999999997,-2.5848725498490808,0.5348725498490836,0.0,0.0
2011-02-01,3A,P3,658.0,82.5,88.35,-5.849999999999994,-7.327799764146874,1.47779976414688,0.0,0.0
2011-03-01,3A,P3,658.0,94.0,88.35,5.650000000000006,-3.0169636588303064,8.666963658830312,0.0,0.0
2011-04-01,3A,P3,658.0,95.0,90.35,4.650000000000006,-4.413265175434006,9.063265175434012,0.0,0.0
2011-05-01,3A,P3,658.0,88.6,91.7,-3.1000000000000085,-1.2003964333927684,-1.8996035666072402,0.0,0.0
2011-06-01,3A,P3,658.0,96.0,90.3,5.700000000000003,3.0888931177295547,2.611106882270448,0.0,0.0
2011-07-01,3A,P3,658.0,91.2,92.05,-0.8499999999999943,4.34010809207696,-5.1901080920769544,0.0,0.0
2011-08-01,3A,P3,658.0,95.8,92.05,3.75,4.380295271419584,-0.630295271419584,0.0,0.0
2011-09-01,3A,P3,658.0,93.6,92.4,1.1999999999999886,2.8607993025409684,-1.6607993025409797,0.0,0.0
2011-10-01,3A,P3,658.0,85.1,92.4,-7.300000000000011,-1.0681303923017822,-6.231869607698229,0.0,0.0
2011-11-01,3A,P3,658.0,95.7,92.4,3.299999999999997,1.0873891858996387,2.2126108141003584,0.0,0.0
2011-12-01,3A,P3,668.0,91.6,92.85,-1.25,0.33269005987654054,-1.5826900598765405,0.0,0.0
2012-01-01,3A,P3,668.0,94.8,92.6,2.200000000000003,-0.32916998781435325,2.529169987814356,0.0,0.0
2012-02-01,3A,P3,668.0,90.8,93.8,-3.0,0.4897695021130488,-3.489769502113049,0.0,0.0
2012-03-01,3A,P3,668.0,95.0,93.8,1.2000000000000028,-0.9341682733947749,2.1341682733947778,0.0,0.0
2012-04-01,3A,P3,668.0,85.1,94.19999999999999,-9.099999999999994,0.04029340754989619,-9.14029340754989,0.0,0.0
2012-05-01,3A,P3,668.0,92.4,92.6,-0.19999999999998863,4.113698504641732,-4.313698504641721,0.0,0.0
2012-06-01,3A,P3,668.0,97.4,93.0,4.400000000000006,5.767586512812088,-1.3675865128120819,0.0,0.0
2012-07-01,3A,P3,668.0,97.9,93.0,4.900000000000006,5.701832934961772,-0.8018329349617659,0.0,0.0
2012-08-01,3A,P3,668.0,91.9,94.19999999999999,-2.299999999999983,4.320197952974922,-6.620197952974905,0.0,0.0
2012-09-01,3A,P3,668.0,98.3,93.0,5.299999999999997,0.8633927334268634,4.436607266573134,0.0,0.0
2012-10-01,3A,P3,669.0,81.6,93.6,-12.0,0.31574655403017005,-12.31574655403017,1.0,0.12820512820512822
2012-11-01,3A,P3,669.0,83.7,93.6,-9.899999999999991,1.4911961597054813,-11.391196159705473,1.0,0.10576923076923068
2012-12-01,3A,P3,669.0,97.4,92.15,5.25,2.993988010554702,2.256011989445298,0.0,0.0
2013-01-01,3A,P3,670.0,94.4,93.6,0.8000000000000114,-4.301054150965342,5.1010541509653535,0.0,0.0
2013-02-01,3A,P3,670.0,83.0,93.4,-10.400000000000006,-6.435909400926093,-3.964090599073913,0.0,0.0
2013-03-01,3A,P3,670.0,91.9,93.4,-1.5,-4.391741892225056,2.891741892225056,0.0,0.0
2013-04-01,3A,P3,670.0,86.2,92.15,-5.950000000000003,-2.2841748101547807,-3.665825189845222,0.0,0.0
2013-05-01,3A,P3,670.0,101.4,92.15,9.25,0.12441794500229264,9.125582054997707,0.0,0.0
2013-06-01,3A,P3,670.0,102.7,93.15,9.549999999999997,3.653008314087657,5.89699168591234,0.0,0.0
2013-07-01,3A,P3,670.0,99.9,93.15,6.75,4.572732235947299,2.1772677640527007,0.0,0.0
2013-08-01,3A,P3,670.0,101.8,93.15,8.649999999999991,3.508927600248697,5.141072399751295,0.0,0.0
2013-09-01,3A,P3,670.0,98.5,95.9,2.5999999999999943,2.7535011131555365,-0.15350111315554216,0.0,0.0
2013-10-01,3A,P3,670.0,91.5,95.9,-4.400000000000006,-1.5120132825487076,-2.887986717451298,0.0,0.0
2013-11-01,3A,P3,670.0,97.1,95.9,1.1999999999999886,2.1516567511213367,-0.9516567511213481,0.0,0.0
2013-12-01,3A,P3,670.0,96.8,97.25,-0.45000000000000284,2.60640406237944,-3.0564040623794426,0.0,0.0
2014-01-01,3A,P3,672.0,96.5,96.94999999999999,-0.44999999999998863,-2.0476621917683104,1.5976621917683218,0.0,0.0
2014-02-01,3A,P3,672.0,91.7,96.94999999999999,-5.249999999999986,-2.792859112442187,-2.4571408875577987,0.0,0.0
2014-03-01,3A,P3,672.0,84.4,96.94999999999999,-12.549999999999983,-3.53877556429201,-9.011224435707973,0.0,0.0
2014-04-01,3A,P3,672.0,99.9,96.94999999999999,2.950000000000017,1.2502238171200304,1.6997761828799867,0.0,0.0
2014-05-01,3A,P3,672.0,95.2,97.8,-2.5999999999999943,-0.36476077640813287,-2.2352392235918614,0.0,0.0
2014-06-01,3A,P3,672.0,92.1,96.94999999999999,-4.849999999999994,-0.31324120252595833,-4.536758797474036,0.0,0.0
2014-07-01,3A,P3,672.0,86.4,96.65,-10.25,4.252851151976785,-14.502851151976785,1.0,0.10605276771857217
2014-08-01,3A,P3,672.0,100.5,95.85,4.650000000000006,3.28449501831453,1.3655049816854756,0.0,0.0
2014-09-01,3A,P3,672.0,102.9,95.85,7.050000000000011,1.3394176467065506,5.710582353293461,0.0,0.0
2014-10-01,3A,P3,672.0,101.0,95.85,5.150000000000006,-2.6601266553334426,7.810126655333448,0.0,0.0
2014-11-01,3A,P3,672.0,104.9,96.65,8.25,1.4840699777208641,6.765930022279136,0.0,0.0
2014-12-01,3A,P3,672.0,102.8,96.65,6.1499999999999915,3.620533449613191,2.5294665503868003,0.0,0.0
2015-01-01,3A,P3,683.0,96.9,98.2,-1.2999999999999972,-2.6911980800303894,1.3911980800303922,0.0,0.0
2015-02-01,3A,P3,683.0,88.1,98.4,-10.300000000000011,-3.3310176178191284,-6.968982382180883,0.0,0.0
2015-03-01,3A,P3,683.0,91.3,98.4,-7.1000000000000085,-1.9847004794193026,-5.115299520580706,0.0,0.0
2015-04-01,3A,P3,695.0,93.3,98.4,-5.1000000000000085,1.5410739863350216,-6.64107398633503,0.0,0.0
2015-05-01,3A,P3,695.0,94.1,96.05000000000001,-1.950000000000017,1.4759285671822795,-3.4259285671822965,0.0,0.0
2015-06-01,3A,P3,695.0,94.8,95.5,-0.7000000000000028,1.9511171025490341,-2.651117102549037,0.0,0.0
2015-07-01,3A,P3,695.0,86.0,95.85,-9.849999999999994,3.0557377333776543,-12.905737733377649,1.0,0.10276473656755342
2015-08-01,3A,P3,695.0,97.6,95.85,1.75,1.8056859359291053,-0.05568593592910531,0.0,0.0
2015-09-01,3A,P3,698.0,97.8,95.85,1.9500000000000028,-1.3664700471523759,3.3164700471523787,0.0,0.0
2015-10-01,3A,P3,698.0,91.0,95.85,-4.849999999999994,-5.391860194227817,0.5418601942278229,0.0,0.0
2015-11-01,3A,P3,698.0,98.9,94.44999999999999,4.450000000000017,-0.17437136473932924,4.624371364739346,0.0,0.0
2015-12-01,3A,P3,698.0,96.2,94.44999999999999,1.7500000000000142,0.7643563390498116,0.9856436609502026,0.0,0.0
2016-01-01,3A,P3,704.0,94.9,94.44999999999999,0.45000000000001705,-2.8886621436113273,3.3386621436113444,0.0,0.0
2016-02-01,3A,P3,704.0,96.1,94.44999999999999,1.6500000000000057,-3.5245577597056865,5.174557759705692,0.0,0.0
2016-03-01,3A,P3,704.0,98.3,94.85,3.450000000000003,-2.9559891412146015,6.405989141214604,0.0,0.0
2016-04-01,3A,P3,704.0,94.3,95.5,-1.2000000000000028,-3.3241915540100706,2.1241915540100678,0.0,0.0
2016-05-01,3A,P3,704.0,99.0,95.5,3.5,-1.198061517499255,4.698061517499255,0.0,0.0
2016-06-01,3A,P3,704.0,96.1,96.15,-0.05000000000001137,0.8974965937010779,-0.9474965937010893,0.0,0.0
2016-07-01,3A,P3,704.0,100.9,96.15,4.75,1.9364538985348076,2.8135461014651924,0.0,0.0
2016-08-01,3A,P3,704.0,96.5,96.9,-0.4000000000000057,1.845090582742472,-2.2450905827424776,0.0,0.0
2016-09-01,3A,P3,704.0,94.9,96.35,-1.4499999999999886,0.15866812564314614,-1.6086681256431348,0.0,0.0
2016-10-01,3A,P3,704.0,96.2,96.15,0.04999999999999716,-4.723091402132766,4.7730914021327635,0.0,0.0
2016-11-01,3A,P3,704.0,91.9,96.2,-4.299999999999997,-0.7153253582996655,-3.5846746417003317,0.0,0.0
2016-12-01,3A,P3,704.0,90.6,96.15,-5.550000000000011,1.564604565051667,-7.114604565051678,0.0,0.0
2017-01-01,3A,P3,731.0,89.1,96.1,-7.0,-1.2909573956955285,-5.7090426043044715,0.0,0.0
2017-02-01,3A,P3,731.0,82.3,96.1,-13.799999999999997,-4.720935372813216,-9.079064627186781,0.0,0.0
2017-03-01,3A,P3,731.0,83.3,95.5,-12.200000000000003,-1.5336044617988591,-10.666395538201144,1.0,0.12774869109947648
2017-04-01,3A,P3,731.0,95.4,94.6,0.8000000000000114,3.0628079979218796,-2.2628079979218683,0.0,0.0
2017-05-01,3A,P3,731.0,97.6,95.15,2.4499999999999886,4.190061117009321,-1.7400611170093327,0.0,0.0
2017-06-01,3A,P3,731.0,99.3,95.15,4.1499999999999915,3.60813550230921,0.5418644976907814,0.0,0.0
2017-07-01,3A,P3,731.0,97.1,95.15,1.9499999999999886,4.277367966874067,-2.3273679668740783,0.0,0.0
2017-08-01,3A,P3,731.0,91.7,95.15,-3.450000000000003,2.0007160996122764,-5.450716099612279,0.0,0.0
2017-09-01,3A,P3,731.0,95.4,93.4,2.0,-5.504625985158484,7.504625985158484,0.0,0.0
2017-10-01,3A,P3,731.0,86.9,93.65,-6.75,-2.034401815848369,-4.715598184151631,0.0,0.0
2017-11-01,3A,P3,731.0,78.5,91.80000000000001,-13.300000000000011,2.161157463158389,-15.4611574631584,1.0,0.1448801742919391
2017-12-01,3A,P3,744.0,93.3,91.15,2.1499999999999915,2.7932826214476307,-0.6432826214476393,0.0,0.0
2018-01-01,3A,P3,747.0,89.3,92.5,-3.200000000000003,-1.6846375482906666,-1.5153624517093363,0.0,0.0
2018-02-01,3A,P3,747.0,71.6,92.5,-20.900000000000006,-4.691675561087038,-16.208324438912967,1.0,0.225945945945946
2018-03-01,3A,P3,747.0,73.9,92.5,-18.599999999999994,-1.543237473017797,-17.056762526982197,1.0,0.20108108108108103
2018-04-01,3A,P3,747.0,88.9,92.5,-3.5999999999999943,-0.7025847497531146,-2.8974152502468797,0.0,0.0
2018-05-01,3A,P3,747.0,96.6,90.5,6.099999999999994,0.9766870479464131,5.123312952053581,0.0,0.0
2018-06-01,3A,P3,747.0,98.6,90.5,8.099999999999994,4.756702102519242,3.3432978974807526,0.0,0.0
2018-07-01,3A,P3,747.0,97.5,90.5,7.0,2.8454057962662205,4.1545942037337795,0.0,0.0
2018-08-01,3A,P3,747.0,96.9,90.5,6.400000000000006,4.369430611523725,2.0305693884762803,0.0,0.0
2018-09-01,3A,P3,747.0,92.6,91.3,1.2999999999999972,1.1854342670446414,0.11456573295535577,0.0,0.0
2018-10-01,3A,P3,747.0,94.1,90.94999999999999,3.1500000000000057,-2.9346981317058862,6.084698131705892,0.0,0.0
2018-11-01,3A,P3,747.0,88.6,92.94999999999999,-4.349999999999994,1.18699612759319,-5.536996127593184,0.0,0.0
2018-12-01,3A,P3,747.0,91.3,92.94999999999999,-1.6499999999999915,2.084207320149261,-3.7342073201492525,0.0,0.0
2019-01-01,3A,P3,745.0,86.7,91.94999999999999,-5.249999999999986,-2.350021763275919,-2.899978236724067,0.0,0.0
2019-02-01,3A,P3,745.0,91.7,91.94999999999999,-0.2499999999999858,-7.418829249053999,7.1688292490540135,0.0,0.0
2019-03-01,3A,P3,745.0,85.2,92.15,-6.950000000000003,-6.546741418759993,-0.40325858124001,0.0,0.0
2019-04-01,3A,P3,745.0,90.9,92.15,-1.25,-4.573494568847721,3.323494568847721,0.0,0.0
2019-05-01,3A,P3,745.0,93.9,92.15,1.75,-2.696488880081702,4.446488880081702,0.0,0.0
2019-06-01,3A,P3,745.0,95.3,92.15,3.1499999999999915,1.8820585207223672,1.2679414792776242,0.0,0.0
2019-07-01,3A,P3,745.0,93.2,92.15,1.0499999999999972,1.8091466168465615,-0.7591466168465644,0.0,0.0
2019-08-01,3A,P3,745.0,94.6,92.15,2.4499999999999886,2.6151703288993104,-0.16517032889932182,0.0,0.0
2019-09-01,3A,P3,745.0,97.1,92.15,4.949999999999989,-3.2529140987683007,8.20291409876829,0.0,0.0
2019-10-01,3A,P3,745.0,93.7,92.45,1.25,-5.054577595831773,6.304577595831773,0.0,0.0
2019-11-01,3A,P3,745.0,97.8,92.45,5.349999999999994,-0.19841831038331748,5.548418310383312,0.0,0.0
2019-12-01,3A,P3,745.0,99.2,93.45,5.75,1.874360678398645,3.875639321601355,0.0,0.0
2020-01-01,3A,P3,742.0,75.5,93.80000000000001,-18.30000000000001,-1.7601471672117555,-16.539852832788256,1.0,0.1950959488272922
2020-02-01,3A,P3,742.0,73.5,93.80000000000001,-20.30000000000001,-2.795048236131521,-17.50495176386849,1.0,0.2164179104477613
2020-03-01,3A,P3,742.0,82.5,93.80000000000001,-11.300000000000011,-6.728479939335571,-4.57152006066444,0.0,0.0
2020-04-01,3A,P3,742.0,72.5,93.80000000000001,-21.30000000000001,-19.608449374411464,-1.6915506255885475,0.0,0.0
2020-05-01,3A,P3,742.0,74.7,93.80000000000001,-19.10000000000001,-17.749593955618465,-1.3504060443815433,0.0,0.0
2020-06-01,3A,P3,742.0,84.6,93.45,-8.850000000000009,-12.53865358825172,3.688653588251711,0.0,0.0
2020-07-01,3A,P3,742.0,90.6,88.9,1.6999999999999886,-8.311379576650793,10.011379576650782,0.0,0.0
2020-08-01,3A,P3,742.0,92.2,87.6,4.6000000000000085,-7.452153046431349,12.052153046431357,0.0,0.0
2020-09-01,3A,P3,742.0,92.4,87.6,4.800000000000011,-7.516117990010656,12.316117990010667,0.0,0.0
2020-10-01,3A,P3,742.0,86.7,87.6,-0.8999999999999915,-6.021330173764042,5.121330173764051,0.0,0.0
2020-11-01,3A,P3,742.0,89.3,85.65,3.6499999999999915,0.03481843981231236,3.615181560187679,0.0,0.0
2020-12-01,3A,P3,742.0,78.1,85.65,-7.550000000000011,-0.026487466012298455,-7.523512533987713,0.0,0.0
2021-01-01,3A,P3,746.0,86.9,83.55,3.3500000000000085,3.6241423510696364,-0.2741423510696279,0.0,0.0
2021-02-01,3A,P3,746.0,66.0,85.65,-19.650000000000006,-8.370016179461572,-11.279983820538433,1.0,0.22942206654991248
2021-03-01,3A,P3,746.0,79.9,85.65,-5.75,3.9445651413525127,-9.694565141352513,0.0,0.0
2021-04-01,3A,P3,746.0,95.8,85.65,10.149999999999991,8.349970844921373,1.8000291550786187,0.0,0.0
2021-05-01,3A,P3,746.0,93.0,86.80000000000001,6.199999999999989,9.985723243562333,-3.7857232435623445,0.0,0.0
2021-06-01,3A,P3,746.0,84.6,88.1,-3.5,13.169392024765273,-16.669392024765273,1.0,0.03972758229284904
2021-07-01,3A,P3,746.0,92.5,88.1,4.400000000000006,11.447102849337057,-7.047102849337051,0.0,0.0
2021-08-01,3A,P3,746.0,93.9,88.1,5.800000000000011,9.763881663206135,-3.9638816632061236,0.0,0.0
2021-09-01,3A,P3,746.0,93.4,88.1,5.300000000000011,4.949066531351733,0.3509334686482788,0.0,0.0
2021-10-01,3A,P3,746.0,94.5,88.1,6.400000000000006,1.6196768040674954,4.78032319593251,0.0,0.0
2021-11-01,3A,P3,746.0,89.7,90.9,-1.2000000000000028,2.9547550627955985,-4.154755062795601,0.0,0.0
2021-12-01,3A,P3,746.0,92.2,91.1,1.1000000000000085,4.509675954944001,-3.4096759549439923,0.0,0.0
2022-01-01,3A,P3,746.0,88.5,92.35,-3.8499999999999943,0.9717961709332457,-4.82179617093324,0.0,0.0
2022-02-01,3A,P3,746.0,87.3,92.35,-5.049999999999997,-0.11785924044673379,-4.932140759553263,0.0,0.0
2022-03-01,3A,P3,746.0,81.4,92.35,-10.949999999999989,2.498611347788568,-13.448611347788557,1.0,0.11857065511640487
2022-04-01,3A,P3,746.0,88.6,92.35,-3.75,0.8188208344334242,-4.568820834433424,0.0,0.0
2022-05-01,3A,P3,746.0,90.6,90.95,-0.3500000000000085,3.8075718798753257,-4.157571879875334,0.0,0.0
2022-06-01,3A,P3,746.0,97.0,90.15,6.849999999999994,5.296824045034697,1.5531759549652975,0.0,0.0
2022-07-01,3A,P3,746.0,88.8,91.4,-2.6000000000000085,3.908843017409808,-6.508843017409816,0.0,0.0
2022-08-01,3A,P3,746.0,90.2,90.15,0.04999999999999716,4.021646537124667,-3.97164653712467,0.0,0.0
2022-09-01,3A,P3,746.0,96.2,89.95,6.25,1.9168325150909453,4.333167484909055,0.0,0.0
2022-10-01,3A,P3,746.0,88.0,89.95,-1.9500000000000028,-1.0836130062756126,-0.8663869937243902,0.0,0.0
2022-11-01,3A,P3,746.0,91.1,89.25,1.8499999999999943,2.722868854267446,-0.8728688542674519,0.0,0.0
2022-12-01,3A,P3,746.0,83.9,89.5,-5.599999999999994,-4.00716268388129,-1.592837316118704,0.0,0.0
2023-01-01,3A,P3,744.0,81.2,88.69999999999999,-7.499999999999986,-5.506346336437403,-1.9936536635625828,0.0,0.0
2023-02-01,3A,P3,744.0,82.2,88.69999999999999,-6.499999999999986,-5.361521367716023,-1.138478632283963,0.0,0.0
2023-03-01,3A,P3,744.0,87.8,88.69999999999999,-0.8999999999999915,-4.281691673182095,3.381691673182104,0.0,0.0
2023-04-01,3A,P3,744.0,85.5,88.69999999999999,-3.1999999999999886,-1.2957978870469589,-1.9042021129530298,0.0,0.0
2023-05-01,3A,P3,744.0,84.6,88.4,-3.8000000000000114,0.33844951306251403,-4.138449513062525,0.0,0.0
2023-06-01,3A,P3,744.0,79.0,87.9,-8.900000000000006,2.105373768355207,-11.005373768355213,1.0,0.10125142207053475
2023-07-01,3A,P3,744.0,93.6,86.65,6.949999999999989,2.770969788885907,4.179030211114082,0.0,0.0
2023-08-01,3A,P3,744.0,87.1,86.65,0.44999999999998863,3.135188265243187,-2.685188265243198,0.0,0.0
2023-09-01,3A,P3,744.0,86.7,86.3,0.4000000000000057,0.4625470655934407,-0.06254706559343504,0.0,0.0
2023-10-01,3A,P3,744.0,68.5,86.1,-17.599999999999994,-4.20253740778314,-13.397462592216854,1.0,0.2044134727061556
2023-11-01,3A,P3,744.0,75.0,85.05,-10.049999999999997,-0.9121479936960668,-9.13785200630393,0.0,0.0
2023-12-01,3A,P3,744.0,86.4,84.25,2.1500000000000057,3.094770982061121,-0.9447709820611152,0.0,0.0
2024-01-01,3A,P3,747.0,81.9,85.05,-3.1499999999999915,-4.678007099547997,1.528007099548006,0.0,0.0
2024-02-01,3A,P3,747.0,85.6,85.05,0.5499999999999972,-8.066926209595309,8.616926209595306,0.0,0.0
2024-03-01,3A,P3,747.0,88.0,85.55,2.450000000000003,-2.0663207301703608,4.516320730170364,0.0,0.0
2024-04-01,3A,P3,747.0,87.1,85.55,1.5499999999999972,-1.3156876806178701,2.8656876806178673,0.0,0.0
2024-05-01,3A,P3,747.0,88.4,86.0,2.4000000000000057,2.846553657251718,-0.44655365725171237,0.0,0.0
2024-06-01,3A,P3,747.0,97.3,86.55000000000001,10.749999999999986,3.5301973770254733,7.2198026229745125,0.0,0.0
2024-07-01,3A,P3,747.0,97.3,86.9,10.399999999999991,1.7560659344293583,8.643934065570633,0.0,0.0
2024-08-01,3A,P3,747.0,83.6,86.9,-3.3000000000000114,3.3213672706715016,-6.621367270671513,0.0,0.0
2024-09-01,3A,P3,747.0,84.0,86.55000000000001,-2.5500000000000114,-0.22300687713322986,-2.3269931228667815,0.0,0.0
2024-10-01,3A,P3,747.0,91.9,86.0,5.900000000000006,-0.48206324847386384,6.3820632484738695,0.0,0.0
2024-11-01,3A,P3,747.0,95.7,86.75,8.950000000000003,1.411020230486443,7.53897976951356,0.0,0.0
2024-12-01,3A,P3,747.0,94.6,87.55,7.049999999999997,2.0055192230598777,5.044480776940119,0.0,0.0
2025-01-01,3A,P3,747.0,87.4,88.2,-0.7999999999999972,-3.864208728785343,3.0642087287853457,0.0,0.0
2025-02-01,3A,P3,747.0,85.4,88.2,-2.799999999999997,-5.788562832128818,2.988562832128821,0.0,0.0
2025-03-01,3A,P3,747.0,88.0,88.2,-0.20000000000000284,-1.5488315282628662,1.3488315282628633,0.0,0.0
2025-04-01,3A,P3,747.0,92.7,88.2,4.5,-0.1902169145301542,4.690216914530154,0.0,0.0
2025-05-01,3A,P3,747.0,97.1,90.15,6.949999999999989,3.116587780895756,3.8334122191042326,0.0,0.0
2025-06-01,3A,P3,747.0,93.5,92.30000000000001,1.1999999999999886,4.399165832765135,-3.1991658327651464,0.0,0.0
2025-07-01,3A,P3,747.0,95.0,92.30000000000001,2.6999999999999886,4.556888425133408,-1.8568884251334197,0.0,0.0
2025-08-01,3A,P3,747.0,90.9,92.30000000000001,-1.4000000000000057,4.182845145578327,-5.582845145578332,0.0,0.0
2025-09-01,3A,P3,747.0,99.7,92.30000000000001,7.3999999999999915,1.9734256330037283,5.426574366996263,0.0,0.0
2025-10-01,3A,P3,747.0,90.1,93.1,-3.0,-4.165038185158082,1.1650381851580818,0.0,0.0
2025-11-01,3A,P3,747.0,96.8,93.1,3.700000000000003,1.1476831666894185,2.5523168333105843,0.0,0.0
2025-12-01,3A,P3,747.0,96.9,93.1,3.8000000000000114,2.674922367080086,1.1250776329199255,0.0,0.0
2026-01-01,3A,P3,747.0,74.7,93.1,-18.39999999999999,-1.8881275518184708,-16.51187244818152,1.0,0.19763694951664867
2026-02-01,3A,P3,747.0,86.3,93.1,-6.799999999999997,-4.347140876342209,-2.452859123657788,0.0,0.0
2026-03-01,3A,P3,747.0,90.0,93.1,-3.0999999999999943,-1.6661842624423713,-1.433815737557623,0.0,0.0
2026-04-01,3A,P3,747.0,90.2,93.1,-2.8999999999999915,-3.2261287531445646,0.3261287531445731,0.0,0.0
2026-05-01,3A,P3,747.0,96.8,92.2,4.599999999999994,0.6417257502912719,3.9582742497087224,0.0,0.0
2026-06-01,3A,P3,747.0,99.6,92.2,7.3999999999999915,3.1450487282120463,4.254951271787945,0.0,0.0
2026-07-01,3A,P3,747.0,99.3,92.95,6.349999999999994,3.2509939174965723,3.099006082503422,0.0,0.0
1985-01-01,3B,P3,3706.0,75.3,,,,,,0.0
1985-02-01,3B,P3,3706.0,74.2,,,,,,0.0
1985-03-01,3B,P3,3709.0,70.1,,,,,,0.0
1985-04-01,3B,P3,3709.0,76.3,,,,,,0.0
1985-05-01,3B,P3,3709.0,79.2,,,,,,0.0
1985-06-01,3B,P3,3709.0,75.5,,,,,,0.0
1985-07-01,3B,P3,3709.0,77.8,,,,,,0.0
1985-08-01,3B,P3,3739.0,75.7,,,,,,0.0
1985-09-01,3B,P3,3739.0,77.4,,,,,,0.0
1985-10-01,3B,P3,3739.0,76.8,,,,,,0.0
1985-11-01,3B,P3,3739.0,81.6,,,,,,0.0
1985-12-01,3B,P3,3706.0,82.9,,,,,,0.0
1986-01-01,3B,P3,3612.0,81.9,76.55,5.3500000000000085,3.3794184225918826,1.970581577408126,0.0,0.0
1986-02-01,3B,P3,3581.0,81.6,77.1,4.5,-0.5297312694749365,5.0297312694749365,0.0,0.0
1986-03-01,3B,P3,3581.0,78.5,77.6,0.9000000000000057,-2.532202086595561,3.4322020865955665,0.0,0.0
1986-04-01,3B,P3,3579.0,87.1,78.15,8.949999999999989,3.0102177084676924,5.939782291532296,0.0,0.0
1986-05-01,3B,P3,3589.0,89.5,78.85,10.650000000000006,7.057715632446346,3.5922843675536598,0.0,0.0
1986-06-01,3B,P3,3589.0,87.8,80.05,7.75,6.515430974419743,1.2345690255802566,0.0,0.0
1986-07-01,3B,P3,3589.0,85.8,81.6,4.200000000000003,3.5399241831872246,0.6600758168127783,0.0,0.0
1986-08-01,3B,P3,3589.0,88.4,81.75,6.650000000000006,6.077403834738362,0.5725961652616434,0.0,0.0
1986-09-01,3B,P3,3589.0,87.4,82.4,5.0,4.1589583429821175,0.8410416570178825,0.0,0.0
1986-10-01,3B,P3,3589.0,82.9,84.35,-1.4499999999999886,1.4049025435373892,-2.854902543537378,0.0,0.0
1986-11-01,3B,P3,3589.0,83.6,84.35,-0.75,1.79466009831512,-2.54466009831512,0.0,0.0
1986-12-01,3B,P3,3589.0,85.5,84.69999999999999,0.8000000000000114,0.4101450931230204,0.389854906876991,0.0,0.0
1987-01-01,3B,P3,3558.0,83.1,85.65,-2.5500000000000114,-2.064585173255125,-0.48541482674488634,0.0,0.0
1987-02-01,3B,P3,3558.0,80.3,85.65,-5.3500000000000085,-3.913662311452697,-1.4363376885473116,0.0,0.0
1987-03-01,3B,P3,3558.0,79.5,85.65,-6.150000000000006,-5.172055282045164,-0.9779447179548413,0.0,0.0
1987-04-01,3B,P3,3558.0,75.6,85.65,-10.050000000000011,-2.6330799574459434,-7.416920042554068,0.0,0.0
1987-05-01,3B,P3,3558.0,81.2,84.55,-3.3499999999999943,-1.2674924967919878,-2.0825075032080065,0.0,0.0
1987-06-01,3B,P3,3558.0,85.3,83.35,1.9500000000000028,2.1091823788544275,-0.15918237885442466,0.0,0.0
1987-07-01,3B,P3,3558.0,87.7,83.35,4.3500000000000085,3.4699698314957175,0.880030168504291,0.0,0.0
1987-08-01,3B,P3,3558.0,84.3,83.35,0.9500000000000028,3.4847209843049995,-2.5347209843049967,0.0,0.0
1987-09-01,3B,P3,3558.0,83.4,83.35,0.05000000000001137,2.225835224158331,-2.1758352241583196,0.0,0.0
1987-10-01,3B,P3,3558.0,82.4,83.25,-0.8499999999999943,-0.5397043148731768,-0.3102956851268175,0.0,0.0
1987-11-01,3B,P3,3558.0,84.8,83.25,1.5499999999999972,-0.9557356888449817,2.505735688844979,0.0,0.0
1987-12-01,3B,P3,3558.0,86.6,83.25,3.3499999999999943,1.2892766318278603,2.060723368172134,0.0,0.0
1988-01-01,3B,P3,3558.0,85.0,83.25,1.75,0.15671516336347224,1.5932848366365278,0.0,0.0
1988-02-01,3B,P3,3578.0,79.0,83.85,-4.849999999999994,-1.8875332356537342,-2.96246676434626,0.0,0.0
1988-03-01,3B,P3,3578.0,83.8,83.85,-0.04999999999999716,0.5893341572292883,-0.6393341572292854,0.0,0.0
1988-04-01,3B,P3,3578.0,88.4,84.05,4.3500000000000085,0.9483000846020104,3.401699915397998,0.0,0.0
1988-05-01,3B,P3,3578.0,89.5,84.55,4.950000000000003,2.103784141442702,2.8462158585573007,0.0,0.0
1988-06-01,3B,P3,3603.0,88.6,84.9,3.6999999999999886,2.093638832375845,1.6063611676241436,0.0,0.0
1988-07-01,3B,P3,3603.0,87.5,84.9,2.5999999999999943,2.5434321048283692,0.05656789517162508,0.0,0.0
1988-08-01,3B,P3,3603.0,87.9,84.9,3.0,3.4706222289040767,-0.4706222289040767,0.0,0.0
1988-09-01,3B,P3,3603.0,81.0,85.8,-4.799999999999997,-0.31863037031827446,-4.481369629681723,0.0,0.0
1988-10-01,3B,P3,3603.0,86.2,85.8,0.4000000000000057,-0.35992451597084596,0.7599245159708516,0.0,0.0
1988-11-01,3B,P3,3603.0,83.8,86.4,-2.6000000000000085,0.16059517060720907,-2.7605951706072176,0.0,0.0
1988-12-01,3B,P3,3603.0,80.3,86.4,-6.1000000000000085,1.2065172554753048,-7.306517255475313,0.0,0.0
1989-01-01,3B,P3,3523.0,80.3,85.6,-5.299999999999997,2.269736984831198,-7.569736984831195,0.0,0.0
1989-02-01,3B,P3,3528.0,73.7,85.0,-11.299999999999997,-1.7612451867868089,-9.538754813213188,0.0,0.0
1989-03-01,3B,P3,3528.0,84.2,85.0,-0.7999999999999972,-0.7554049041973059,-0.044595095802691276,0.0,0.0
1989-04-01,3B,P3,3528.0,88.4,85.2,3.200000000000003,-0.9020813561787691,4.102081356178772,0.0,0.0
1989-05-01,3B,P3,3528.0,91.0,85.2,5.799999999999997,1.9151160375523801,3.884883962447617,0.0,0.0
1989-06-01,3B,P3,3528.0,90.6,85.2,5.3999999999999915,5.085430950566874,0.3145690494331177,0.0,0.0
1989-07-01,3B,P3,3528.0,87.4,85.2,2.200000000000003,4.378163434643298,-2.178163434643295,0.0,0.0
1989-08-01,3B,P3,3528.0,88.7,85.2,3.5,4.757523564335017,-1.2575235643350169,0.0,0.0
1989-09-01,3B,P3,3528.0,90.3,85.2,5.099999999999994,3.881265936515888,1.2187340634841064,0.0,0.0
1989-10-01,3B,P3,3528.0,89.3,86.80000000000001,2.499999999999986,0.3897879640323083,2.1102120359676775,0.0,0.0
1989-11-01,3B,P3,3528.0,88.4,87.9,0.5,-0.03257487330654385,0.5325748733065439,0.0,0.0
1989-12-01,3B,P3,3535.0,83.5,88.4,-4.900000000000006,-2.1720284790656734,-2.7279715209343323,0.0,0.0
1990-01-01,3B,P3,3339.0,91.0,88.4,2.5999999999999943,1.581614951387479,1.0183850486125152,0.0,0.0
1990-02-01,3B,P3,3339.0,89.2,88.55000000000001,0.6499999999999915,1.6187697258800853,-0.9687697258800938,0.0,0.0
1990-03-01,3B,P3,3339.0,81.0,88.95,-7.950000000000003,-3.1699083007276982,-4.780091699272305,0.0,0.0
1990-04-01,3B,P3,3339.0,91.5,88.95,2.549999999999997,-2.0899185689859365,4.639918568985934,0.0,0.0
1990-05-01,3B,P3,3339.0,90.4,89.25,1.1500000000000057,0.004042411632724452,1.1459575883672812,0.0,0.0
1990-06-01,3B,P3,3339.0,92.4,89.25,3.1500000000000057,1.6272695346844301,1.5227304653155755,0.0,0.0
1990-07-01,3B,P3,3339.0,95.3,89.25,6.049999999999997,4.972662091583999,1.0773379084159984,0.0,0.0
1990-08-01,3B,P3,3332.0,93.5,89.8,3.700000000000003,3.2019299169562743,0.4980700830437286,0.0,0.0
1990-09-01,3B,P3,3332.0,86.8,90.35,-3.549999999999997,3.6303504011071652,-7.180350401107162,0.0,0.0
1990-10-01,3B,P3,3332.0,83.9,89.85,-5.949999999999989,-3.965306122660323,-1.9846938773396658,0.0,0.0
1990-11-01,3B,P3,3332.0,87.1,89.80000000000001,-2.700000000000017,-3.255431864665809,0.5554318646657919,0.0,0.0
1990-12-01,3B,P3,3332.0,84.8,89.80000000000001,-5.000000000000014,-4.639762070911615,-0.3602379290883988,0.0,0.0
1991-01-01,3B,P3,3351.0,81.9,89.80000000000001,-7.900000000000006,-4.929044213542824,-2.970955786457182,0.0,0.0
1991-02-01,3B,P3,3346.0,83.5,88.15,-4.650000000000006,-1.670854802289611,-2.9791451977103947,0.0,0.0
1991-03-01,3B,P3,3346.0,79.8,86.94999999999999,-7.1499999999999915,-1.4981016708613737,-5.651898329138618,0.0,0.0
1991-04-01,3B,P3,3346.0,82.3,86.94999999999999,-4.6499999999999915,-0.09798619526898733,-4.552013804731004,0.0,0.0
1991-05-01,3B,P3,3351.0,89.3,85.8,3.5,3.015339191201548,0.4846608087984521,0.0,0.0
1991-06-01,3B,P3,3351.0,89.6,85.8,3.799999999999997,5.324292424798159,-1.524292424798162,0.0,0.0
1991-07-01,3B,P3,3351.0,88.3,85.8,2.5,4.323740470846204,-1.8237404708462037,0.0,0.0
1991-08-01,3B,P3,3351.0,90.6,85.8,4.799999999999997,4.5434308869711515,0.25656911302884566,0.0,0.0
1991-09-01,3B,P3,3351.0,87.2,85.8,1.4000000000000057,3.7865978186086835,-2.386597818608678,0.0,0.0
1991-10-01,3B,P3,3351.0,85.5,85.94999999999999,-0.44999999999998863,-1.0379432453344037,0.5879432453344151,0.0,0.0
1991-11-01,3B,P3,3351.0,85.5,86.3,-0.7999999999999972,-0.813569755956479,0.0135697559564818,0.0,0.0
1991-12-01,3B,P3,3353.0,89.2,85.5,3.700000000000003,2.07150678476323,1.628493215236773,0.0,0.0
1992-01-01,3B,P3,3328.0,80.5,86.35,-5.849999999999994,-2.153875126985895,-3.6961248730140994,0.0,0.0
1992-02-01,3B,P3,3328.0,79.2,86.35,-7.1499999999999915,-4.27925124782071,-2.8707487521792814,0.0,0.0
1992-03-01,3B,P3,3328.0,86.2,86.35,-0.14999999999999147,-0.5145356386749427,0.3645356386749512,0.0,0.0
1992-04-01,3B,P3,3328.0,87.8,86.7,1.0999999999999943,-0.37576609886409074,1.475766098864085,0.0,0.0
1992-05-01,3B,P3,3192.0,94.0,87.5,6.5,3.377657885260575,3.122342114739425,0.0,0.0
1992-06-01,3B,P3,3192.0,97.1,87.5,9.599999999999994,6.395017998760622,3.2049820012393724,0.0,0.0
1992-07-01,3B,P3,3192.0,95.1,87.5,7.599999999999994,5.860552572240266,1.7394474277597283,0.0,0.0
1992-08-01,3B,P3,3192.0,89.9,87.5,2.4000000000000057,3.056884578210486,-0.6568845782104802,0.0,0.0
1992-09-01,3B,P3,3192.0,93.2,87.5,5.700000000000003,4.69142788791298,1.0085721120870232,0.0,0.0
1992-10-01,3B,P3,3192.0,88.9,88.5,0.4000000000000057,3.306484611184459,-2.906484611184453,0.0,0.0
1992-11-01,3B,P3,3192.0,94.9,89.05000000000001,5.849999999999994,2.324635598731234,3.52536440126876,0.0,0.0
1992-12-01,3B,P3,3192.0,92.2,89.55000000000001,2.6499999999999915,-1.661169596942031,4.3111695969420225,0.0,0.0
1993-01-01,3B,P3,3233.0,85.4,91.05000000000001,-5.650000000000006,-2.4201088664155748,-3.229891133584431,0.0,0.0
1993-02-01,3B,P3,3233.0,91.5,91.05000000000001,0.44999999999998863,-2.6271779867038134,3.077177986703802,0.0,0.0
1993-03-01,3B,P3,3233.0,92.9,91.85,1.0500000000000114,0.07597628938157186,0.9740237106184395,0.0,0.0
1993-04-01,3B,P3,3233.0,93.9,92.55000000000001,1.3499999999999943,1.988341524542264,-0.6383415245422697,0.0,0.0
1993-05-01,3B,P3,3218.0,94.3,93.05000000000001,1.2499999999999858,3.456248221341866,-2.2062482213418804,0.0,0.0
1993-06-01,3B,P3,3218.0,95.9,93.05000000000001,2.8499999999999943,5.336087915725983,-2.4860879157259888,0.0,0.0
1993-07-01,3B,P3,3218.0,95.6,93.05000000000001,2.549999999999983,5.387771200507956,-2.837771200507973,0.0,0.0
1993-08-01,3B,P3,3218.0,92.4,93.05000000000001,-0.6500000000000057,3.001034727403649,-3.6510347274036548,0.0,0.0
1993-09-01,3B,P3,3218.0,93.7,93.05000000000001,0.6499999999999915,2.32488638671191,-1.6748863867119184,0.0,0.0
1993-10-01,3B,P3,3218.0,87.2,93.30000000000001,-6.1000000000000085,1.1250374272366486,-7.225037427236657,0.0,0.0
1993-11-01,3B,P3,3218.0,90.2,93.30000000000001,-3.1000000000000085,0.3829993806863712,-3.4829993806863797,0.0,0.0
1993-12-01,3B,P3,3218.0,89.9,92.65,-2.75,-0.7266277160969423,-2.0233722839030577,0.0,0.0
1994-01-01,3B,P3,3226.0,89.9,92.65,-2.75,-2.084868289382996,-0.665131710617004,0.0,0.0
1994-02-01,3B,P3,3226.0,89.3,92.65,-3.3500000000000085,-3.1551670390244055,-0.194832960975603,0.0,0.0
1994-03-01,3B,P3,3226.0,89.1,92.65,-3.5500000000000114,-4.334127715050755,0.7841277150507437,0.0,0.0
1994-04-01,3B,P3,3376.0,91.1,91.30000000000001,-0.20000000000001705,0.512353824148903,-0.71235382414892,0.0,0.0
1994-05-01,3B,P3,3376.0,93.1,90.65,2.4499999999999886,3.242904960896226,-0.7929049608962373,0.0,0.0
1994-06-01,3B,P3,3376.0,93.0,90.65,2.3499999999999943,3.5961068338765045,-1.2461068338765102,0.0,0.0
1994-07-01,3B,P3,3376.0,91.7,90.65,1.0499999999999972,3.3148506156177717,-2.2648506156177746,0.0,0.0
1994-08-01,3B,P3,3376.0,94.5,90.65,3.8499999999999943,4.230169349963404,-0.3801693499634098,0.0,0.0
1994-09-01,3B,P3,3412.0,91.0,90.65,0.3499999999999943,2.246250296830695,-1.8962502968307007,0.0,0.0
1994-10-01,3B,P3,3412.0,84.9,90.6,-5.699999999999989,-2.3911517399596676,-3.308848260040321,0.0,0.0
1994-11-01,3B,P3,3417.0,89.6,90.6,-1.0,0.4760509032583684,-1.4760509032583684,0.0,0.0
1994-12-01,3B,P3,3417.0,91.4,90.45,0.9500000000000028,0.11830492387221625,0.8316950761277866,0.0,0.0
1995-01-01,3B,P3,3412.0,90.4,91.05,-0.6499999999999915,-3.0366052355474267,2.386605235547435,0.0,0.0
1995-02-01,3B,P3,3412.0,88.3,91.05,-2.75,-3.6401625225276604,0.8901625225276604,0.0,0.0
1995-03-01,3B,P3,3412.0,89.8,91.05,-1.25,-5.966108615572182,4.716108615572182,0.0,0.0
1995-04-01,3B,P3,3412.0,91.1,91.05,0.04999999999999716,-2.143383403474516,2.193383403474513,0.0,0.0
1995-05-01,3B,P3,3347.0,94.9,91.05,3.8500000000000085,1.337832812647278,2.5121671873527305,0.0,0.0
1995-06-01,3B,P3,3347.0,96.6,91.05,5.549999999999997,2.986864399804432,2.563135600195565,0.0,0.0
1995-07-01,3B,P3,3347.0,96.2,91.05,5.150000000000006,1.4068195312713954,3.7431804687286103,0.0,0.0
1995-08-01,3B,P3,3347.0,93.1,91.05,2.049999999999997,1.3668641553639418,0.6831358446360554,0.0,0.0
1995-09-01,3B,P3,3307.0,97.2,91.05,6.150000000000006,2.910940476229996,3.2390595237700097,0.0,0.0
1995-10-01,3B,P3,3307.0,92.2,91.25,0.9500000000000028,-2.14870368864176,3.0987036886417627,0.0,0.0
1995-11-01,3B,P3,3307.0,95.2,91.80000000000001,3.3999999999999915,-0.5103164611690261,3.9103164611690175,0.0,0.0
1995-12-01,3B,P3,3307.0,96.8,92.65,4.1499999999999915,0.9444343468755392,3.2055656531244523,0.0,0.0
1996-01-01,3B,P3,3340.0,92.4,94.0,-1.5999999999999943,-2.1068500425796515,0.5068500425796572,0.0,0.0
1996-02-01,3B,P3,3340.0,90.7,94.0,-3.299999999999997,-2.538001441794165,-0.761998558205832,0.0,0.0
1996-03-01,3B,P3,3355.0,95.2,94.0,1.2000000000000028,-0.919995983909871,2.119995983909874,0.0,0.0
1996-04-01,3B,P3,3355.0,100.3,95.05000000000001,5.249999999999986,2.3007520242550044,2.9492479757449814,0.0,0.0
1996-05-01,3B,P3,3355.0,100.7,95.2,5.5,2.1062332145862115,3.3937667854137885,0.0,0.0
1996-06-01,3B,P3,3357.0,99.2,95.7,3.5,2.738233913643228,0.7617660863567721,0.0,0.0
1996-07-01,3B,P3,3357.0,97.1,95.7,1.3999999999999915,1.270060345612464,0.12993965438752753,0.0,0.0
1996-08-01,3B,P3,3357.0,94.7,96.0,-1.2999999999999972,1.2979568587820438,-2.597956858782041,0.0,0.0
1996-09-01,3B,P3,3357.0,97.4,96.0,1.4000000000000057,1.7753173567198246,-0.3753173567198189,0.0,0.0
1996-10-01,3B,P3,3357.0,97.3,96.0,1.2999999999999972,0.5071915375848306,0.7928084624151666,0.0,0.0
1996-11-01,3B,P3,3357.0,97.4,96.94999999999999,0.45000000000001705,-0.5715760114305652,1.0215760114305823,0.0,0.0
1996-12-01,3B,P3,3357.0,97.7,97.19999999999999,0.5000000000000142,-0.4851802054017327,0.9851802054017469,0.0,0.0
1997-01-01,3B,P3,3422.0,92.2,97.35,-5.1499999999999915,-5.683388405386182,0.5333884053861908,0.0,0.0
1997-02-01,3B,P3,3422.0,82.4,97.35,-14.949999999999989,-6.789044631117491,-8.160955368882497,0.0,0.0
1997-03-01,3B,P3,3422.0,92.2,97.35,-5.1499999999999915,-4.24393150998111,-0.9060684900188818,0.0,0.0
1997-04-01,3B,P3,3422.0,95.5,97.35,-1.8499999999999943,-2.158671024711296,0.3086710247113018,0.0,0.0
1997-05-01,3B,P3,3422.0,99.5,97.19999999999999,2.3000000000000114,3.0551252185479143,-0.7551252185479029,0.0,0.0
1997-06-01,3B,P3,3422.0,99.3,97.19999999999999,2.1000000000000085,3.3535833514723095,-1.253583351472301,0.0,0.0
1997-07-01,3B,P3,3422.0,97.6,97.19999999999999,0.4000000000000057,2.6698974027528237,-2.269897402752818,0.0,0.0
1997-08-01,3B,P3,3422.0,101.3,97.35,3.950000000000003,4.4425399972080015,-0.4925399972079987,0.0,0.0
1997-09-01,3B,P3,3428.0,100.4,97.4,3.0,5.0840108390008965,-2.0840108390008965,0.0,0.0
1997-10-01,3B,P3,3428.0,97.0,97.5,-0.5,2.464776125502624,-2.964776125502624,0.0,0.0
1997-11-01,3B,P3,3428.0,98.6,97.5,1.0999999999999943,0.12385636952483026,0.9761436304751641,0.0,0.0
1997-12-01,3B,P3,3428.0,101.0,97.65,3.3499999999999943,0.8414015916199418,2.5085984083800525,0.0,0.0
1998-01-01,3B,P3,3462.0,98.7,98.1,0.6000000000000085,-3.731281795628476,4.331281795628485,0.0,0.0
1998-02-01,3B,P3,3462.0,91.5,98.65,-7.150000000000006,-6.299894666136481,-0.8501053338635245,0.0,0.0
1998-03-01,3B,P3,3462.0,99.2,98.65,0.5499999999999972,-2.3419874799689353,2.8919874799689325,0.0,0.0
1998-04-01,3B,P3,3462.0,103.3,98.95,4.349999999999994,0.4784273394841847,3.8715726605158096,0.0,0.0
1998-05-01,3B,P3,3488.0,101.8,99.25,2.549999999999997,1.275327071587597,1.2746729284124,0.0,0.0
1998-06-01,3B,P3,3494.0,102.6,99.25,3.3499999999999943,1.86417421357676,1.4858257864232343,0.0,0.0
1998-07-01,3B,P3,3494.0,103.1,99.80000000000001,3.299999999999983,2.0503267549477755,1.2496732450522074,0.0,0.0
1998-08-01,3B,P3,3490.0,102.1,100.7,1.3999999999999915,2.4106758104711616,-1.0106758104711702,0.0,0.0
1998-09-01,3B,P3,3490.0,94.5,100.7,-6.200000000000003,-2.320993909662789,-3.8790060903372137,0.0,0.0
1998-10-01,3B,P3,3490.0,95.9,100.1,-4.199999999999989,-7.484719759987229,3.28471975998724,0.0,0.0
1998-11-01,3B,P3,3490.0,101.6,100.1,1.5,-1.6915600643901456,3.1915600643901456,0.0,0.0
1998-12-01,3B,P3,3515.0,99.0,101.3,-2.299999999999997,-1.0364722287333876,-1.2635277712666095,0.0,0.0
1999-01-01,3B,P3,3610.0,87.6,100.4,-12.800000000000011,-4.670101921727351,-8.12989807827266,0.0,0.0
1999-02-01,3B,P3,3610.0,89.3,100.4,-11.100000000000009,-5.041981842262189,-6.05801815773782,0.0,0.0
1999-03-01,3B,P3,3610.0,96.2,100.4,-4.200000000000003,-4.116618887777307,-0.08338111222269617,0.0,0.0
1999-04-01,3B,P3,3610.0,97.6,100.3,-2.700000000000003,-0.41492010748530106,-2.285079892514702,0.0,0.0
1999-05-01,3B,P3,3610.0,93.7,98.3,-4.599999999999994,-0.9984638941545256,-3.6015361058454687,0.0,0.0
1999-06-01,3B,P3,3610.0,92.7,96.9,-4.200000000000003,-1.2518633292066141,-2.9481366707933887,0.0,0.0
1999-07-01,3B,P3,3610.0,93.3,96.05000000000001,-2.750000000000014,0.5955037160234724,-3.3455037160234866,0.0,0.0
1999-08-01,3B,P3,3610.0,92.2,95.2,-3.0,1.271357105021508,-4.271357105021508,0.0,0.0
1999-09-01,3B,P3,3610.0,95.6,94.1,1.5,-0.1559792907974895,1.6559792907974895,0.0,0.0
1999-10-01,3B,P3,3610.0,92.9,94.65,-1.75,-2.947474704746597,1.1974747047465968,0.0,0.0
1999-11-01,3B,P3,3610.0,94.0,93.5,0.5,-1.9919799124272686,2.4919799124272686,0.0,0.0
1999-12-01,3B,P3,3610.0,93.1,93.5,-0.4000000000000057,-3.320918038398162,2.920918038398156,0.0,0.0
2000-01-01,3B,P3,3673.0,89.1,93.19999999999999,-4.099999999999994,-7.0134854895324,2.9134854895324054,0.0,0.0
2000-02-01,3B,P3,3673.0,86.1,93.19999999999999,-7.099999999999994,-6.361114860534315,-0.7388851394656797,0.0,0.0
2000-03-01,3B,P3,3673.0,90.9,93.19999999999999,-2.299999999999983,-3.0279289394099322,0.7279289394099493,0.0,0.0
2000-04-01,3B,P3,3673.0,89.8,93.0,-3.200000000000003,-0.16935984750953992,-3.030640152490463,0.0,0.0
2000-05-01,3B,P3,3673.0,92.7,92.80000000000001,-0.10000000000000853,2.370287800078998,-2.4702878000790065,0.0,0.0
2000-06-01,3B,P3,3673.0,92.6,92.7,-0.10000000000000853,3.8827664780195335,-3.982766478019542,0.0,0.0
2000-07-01,3B,P3,3673.0,95.8,92.65,3.1499999999999915,4.526598689936847,-1.3765986899368556,0.0,0.0
2000-08-01,3B,P3,3716.0,91.8,92.65,-0.8500000000000085,3.5311147292024287,-4.381114729202437,0.0,0.0
2000-09-01,3B,P3,3716.0,92.9,92.65,0.25,1.863294372590488,-1.613294372590488,0.0,0.0
2000-10-01,3B,P3,3716.0,96.1,92.65,3.4499999999999886,-0.09116159454174522,3.541161594541734,0.0,0.0
2000-11-01,3B,P3,3716.0,96.3,92.65,3.6499999999999915,0.15813356118280808,3.4918664388171834,0.0,0.0
2000-12-01,3B,P3,3716.0,96.5,92.65,3.8499999999999943,1.3237253486224034,2.526274651377591,0.0,0.0
2001-01-01,3B,P3,3682.0,86.8,92.65,-5.8500000000000085,-3.0644353496679884,-2.78556465033202,0.0,0.0
2001-02-01,3B,P3,3682.0,87.8,92.65,-4.8500000000000085,-2.7012653834680833,-2.148734616531925,0.0,0.0
2001-03-01,3B,P3,3734.0,95.8,92.65,3.1499999999999915,-3.820162940761776,6.970162940761767,0.0,0.0
2001-04-01,3B,P3,3793.0,99.4,92.80000000000001,6.599999999999994,1.6975147663683856,4.902485233631609,0.0,0.0
2001-05-01,3B,P3,3803.0,98.2,94.35,3.8500000000000085,2.3687306301680167,1.4812693698319919,0.0,0.0
2001-06-01,3B,P3,3803.0,94.5,95.8,-1.2999999999999972,1.5804831764221774,-2.8804831764221746,0.0,0.0
2001-07-01,3B,P3,3803.0,91.2,95.8,-4.599999999999994,-0.17265136841821516,-4.427348631581779,0.0,0.0
2001-08-01,3B,P3,3803.0,93.6,95.15,-1.5500000000000114,-0.5957843315693623,-0.9542156684306491,0.0,0.0
2001-09-01,3B,P3,3803.0,90.2,95.15,-4.950000000000003,-1.315326519697578,-3.6346734803024248,0.0,0.0
2001-10-01,3B,P3,3803.0,94.5,95.15,-0.6500000000000057,-0.8581393931142287,0.20813939311422303,0.0,0.0
2001-11-01,3B,P3,3803.0,94.6,94.5,0.09999999999999432,-0.6380762939637776,0.738076293963772,0.0,0.0
2001-12-01,3B,P3,3803.0,93.9,94.5,-0.5999999999999943,-2.555984573518657,1.9559845735186627,0.0,0.0
2002-01-01,3B,P3,3831.0,93.5,94.2,-0.7000000000000028,-4.546323728480857,3.8463237284808542,0.0,0.0
2002-02-01,3B,P3,3831.0,89.4,94.2,-4.799999999999997,-5.6573526136563,0.8573526136563032,0.0,0.0
2002-03-01,3B,P3,3831.0,83.3,94.2,-10.900000000000006,-4.393059226213012,-6.506940773786994,0.0,0.0
2002-04-01,3B,P3,3831.0,89.3,93.75,-4.450000000000003,0.7703493231306169,-5.22034932313062,0.0,0.0
2002-05-01,3B,P3,3831.0,85.6,93.55,-7.950000000000003,-0.7768727333234011,-7.173127266676602,0.0,0.0
2002-06-01,3B,P3,3831.0,91.2,92.35,-1.1499999999999915,0.9667573681492172,-2.1167573681492087,0.0,0.0
2002-07-01,3B,P3,3831.0,91.1,91.2,-0.10000000000000853,1.3169303578891345,-1.416930357889143,0.0,0.0
2002-08-01,3B,P3,3831.0,90.4,91.15,-0.75,0.7392639298290078,-1.4892639298290078,0.0,0.0
2002-09-01,3B,P3,3831.0,89.1,90.75,-1.6500000000000057,-1.7691111596484461,0.11911115964844043,0.0,0.0
2002-10-01,3B,P3,3831.0,87.4,90.75,-3.3499999999999943,-4.26052260476817,0.9105226047681754,0.0,0.0
2002-11-01,3B,P3,3831.0,95.0,89.9,5.099999999999994,1.6770098462183256,3.4229901537816687,0.0,0.0
2002-12-01,3B,P3,3831.0,91.7,89.9,1.7999999999999972,0.19261463663748657,1.6073853633625106,0.0,0.0
2003-01-01,3B,P3,3826.0,86.7,89.9,-3.200000000000003,-4.113476375551556,0.9134763755515536,0.0,0.0
2003-02-01,3B,P3,3816.0,91.1,89.35,1.75,-3.870703275127312,5.620703275127312,0.0,0.0
2003-03-01,3B,P3,3816.0,92.2,89.85,2.3500000000000085,-0.7931596878333096,3.143159687833318,0.0,0.0
2003-04-01,3B,P3,3816.0,96.7,90.75,5.950000000000003,2.7897278211229803,3.1602721788770225,0.0,0.0
2003-05-01,3B,P3,3816.0,99.1,91.1,8.0,4.458536037029361,3.5414639629706386,0.0,0.0
2003-06-01,3B,P3,3816.0,94.3,91.15,3.1499999999999915,2.777877088907914,0.3721229110920774,0.0,0.0
2003-07-01,3B,P3,3816.0,95.7,91.4,4.299999999999997,2.166651867986019,2.133348132013978,0.0,0.0
2003-08-01,3B,P3,3816.0,95.9,91.95,3.950000000000003,3.135830277348333,0.8141697226516698,0.0,0.0
2003-09-01,3B,P3,3816.0,95.2,93.25,1.9500000000000028,1.2278352928725695,0.7221647071274333,0.0,0.0
2003-10-01,3B,P3,3816.0,94.8,94.65,0.14999999999999147,-0.41247731072367344,0.5624773107236649,0.0,0.0
2003-11-01,3B,P3,3816.0,95.2,94.9,0.29999999999999716,0.7756705278242038,-0.4756705278242066,0.0,0.0
2003-12-01,3B,P3,3816.0,94.6,95.0,-0.4000000000000057,-0.3491401958442708,-0.05085980415573488,0.0,0.0
2004-01-01,3B,P3,3912.0,86.8,95.0,-8.200000000000003,-4.283296713830225,-3.9167032861697777,0.0,0.0
2004-02-01,3B,P3,3912.0,85.6,95.0,-9.400000000000006,-4.517934377811358,-4.882065622188648,0.0,0.0
2004-03-01,3B,P3,3912.0,89.1,95.0,-5.900000000000006,-4.848882836175505,-1.0511171638245003,0.0,0.0
2004-04-01,3B,P3,3912.0,89.2,95.0,-5.799999999999997,-0.8758278859428543,-4.924172114057143,0.0,0.0
2004-05-01,3B,P3,3912.0,97.5,94.69999999999999,2.8000000000000114,2.5745665941418565,0.22543340585815486,0.0,0.0
2004-06-01,3B,P3,3912.0,97.9,94.69999999999999,3.200000000000017,4.447916025792722,-1.2479160257927049,0.0,0.0
2004-07-01,3B,P3,3912.0,97.5,95.0,2.5,3.722665323454109,-1.222665323454109,0.0,0.0
2004-08-01,3B,P3,3912.0,99.5,95.0,4.5,4.0857156606357705,0.4142843393642295,0.0,0.0
2004-09-01,3B,P3,3912.0,96.6,95.0,1.5999999999999943,-2.8994719240276368,4.499471924027631,0.0,0.0
2004-10-01,3B,P3,3912.0,96.2,95.0,1.2000000000000028,-2.5775261384736297,3.7775261384736325,0.0,0.0
2004-11-01,3B,P3,3912.0,99.5,95.7,3.799999999999997,1.5843099232387772,2.21569007676122,0.0,0.0
2004-12-01,3B,P3,3912.0,98.9,96.4,2.5,2.2788512022400766,0.22114879775992335,0.0,0.0
2005-01-01,3B,P3,4001.0,88.5,97.05,-8.549999999999997,-2.099562119439639,-6.450437880560358,0.0,0.0
2005-02-01,3B,P3,4001.0,92.2,97.05,-4.849999999999994,-2.829120922335477,-2.0208790776645174,0.0,0.0
2005-03-01,3B,P3,4001.0,94.0,97.05,-3.049999999999997,-2.6538391705106648,-0.3961608294893324,0.0,0.0
2005-04-01,3B,P3,4001.0,93.0,97.05,-4.049999999999997,-0.5947233373289578,-3.4552766626710394,0.0,0.0
2005-05-01,3B,P3,4001.0,94.2,97.05,-2.8499999999999943,0.6756566743952845,-3.525656674395279,0.0,0.0
2005-06-01,3B,P3,4001.0,97.7,96.4,1.2999999999999972,3.5453758380225366,-2.2453758380225395,0.0,0.0
2005-07-01,3B,P3,4001.0,98.9,96.4,2.5,0.6632089553397549,1.8367910446602451,0.0,0.0
2005-08-01,3B,P3,4001.0,96.5,96.4,0.09999999999999432,-0.8184605836884344,0.9184605836884288,0.0,0.0
2005-09-01,3B,P3,4001.0,74.1,96.35,-22.25,-9.191544312469802,-13.058455687530198,1.0,0.2309289050337312
2005-10-01,3B,P3,4001.0,65.1,95.2,-30.10000000000001,-11.425540310542715,-18.674459689457294,1.0,0.3161764705882354
2005-11-01,3B,P3,4001.0,81.5,94.1,-12.599999999999994,-3.4685824005281916,-9.131417599471803,0.0,0.0
2005-12-01,3B,P3,4000.0,83.0,93.5,-10.5,-2.602369599393299,-7.897630400606701,0.0,0.0
2006-01-01,3B,P3,4031.0,80.4,92.6,-12.199999999999989,-4.032381491042884,-8.167618508957105,0.0,0.0
2006-02-01,3B,P3,4031.0,80.6,92.6,-12.0,-4.163386425933595,-7.836613574066405,0.0,0.0
2006-03-01,3B,P3,4031.0,83.7,88.0,-4.299999999999997,-4.318823069770787,0.018823069770789402,0.0,0.0
2006-04-01,3B,P3,4031.0,88.1,83.35,4.75,-1.3219531943121012,6.071953194312101,0.0,0.0
2006-05-01,3B,P3,4031.0,91.1,83.35,7.75,2.561641153328324,5.188358846671676,0.0,0.0
2006-06-01,3B,P3,4031.0,92.1,83.35,8.75,4.360732637429294,4.389267362570706,0.0,0.0
2006-07-01,3B,P3,4031.0,88.9,83.35,5.550000000000011,3.8796418653251976,1.6703581346748138,0.0,0.0
2006-08-01,3B,P3,4031.0,86.3,83.35,2.950000000000003,4.543213417098897,-1.5932134170988945,0.0,0.0
2006-09-01,3B,P3,4031.0,88.7,83.35,5.3500000000000085,4.368383683835546,0.9816163161644624,0.0,0.0
2006-10-01,3B,P3,4031.0,88.1,85.0,3.0999999999999943,-1.4531368267017086,4.553136826701703,0.0,0.0
2006-11-01,3B,P3,4031.0,85.3,87.19999999999999,-1.8999999999999915,-1.32102372975325,-0.5789762702467414,0.0,0.0
2006-12-01,3B,P3,4031.0,85.7,87.19999999999999,-1.4999999999999858,1.8926155541108614,-3.392615554110847,0.0,0.0
2007-01-01,3B,P3,4016.0,83.4,87.19999999999999,-3.799999999999983,-1.1324950463783523,-2.6675049536216306,0.0,0.0
2007-02-01,3B,P3,4016.0,78.7,87.19999999999999,-8.499999999999986,-4.700177756296782,-3.799822243703204,0.0,0.0
2007-03-01,3B,P3,4016.0,87.3,87.19999999999999,0.10000000000000853,-2.3389510437717007,2.4389510437717092,0.0,0.0
2007-04-01,3B,P3,4016.0,83.2,87.69999999999999,-4.499999999999986,-1.2509888769617277,-3.249011123038258,0.0,0.0
2007-05-01,3B,P3,4016.0,83.5,86.8,-3.299999999999997,0.2772066799283124,-3.5772066799283095,0.0,0.0
2007-06-01,3B,P3,4016.0,84.3,86.0,-1.7000000000000028,-0.4593958528907933,-1.2406041471092095,0.0,0.0
2007-07-01,3B,P3,4016.0,89.0,85.5,3.5,2.8845539680305166,0.6154460319694834,0.0,0.0
2007-08-01,3B,P3,4016.0,90.1,85.5,4.599999999999994,2.504082086230028,2.0959179137699664,0.0,0.0
2007-09-01,3B,P3,4016.0,84.6,85.5,-0.9000000000000057,0.5873269681074049,-1.4873269681074106,0.0,0.0
2007-10-01,3B,P3,4016.0,87.6,84.94999999999999,2.6500000000000057,-0.9131257799010939,3.5631257799010996,0.0,0.0
2007-11-01,3B,P3,4016.0,89.3,84.94999999999999,4.3500000000000085,0.5421610560207455,3.807838943979263,0.0,0.0
2007-12-01,3B,P3,4016.0,85.6,85.15,0.44999999999998863,0.03356179609686194,0.4164382039031267,0.0,0.0
2008-01-01,3B,P3,4081.0,83.3,85.1,-1.7999999999999972,-2.828478713726554,1.0284787137265567,0.0,0.0
2008-02-01,3B,P3,4081.0,79.4,85.1,-5.699999999999989,-3.6312241238328653,-2.0687758761671233,0.0,0.0
2008-03-01,3B,P3,4081.0,79.8,85.1,-5.299999999999997,-5.376867277359821,0.07686727735982402,0.0,0.0
2008-04-01,3B,P3,4081.0,85.1,84.44999999999999,0.6500000000000057,-2.4340888995959347,3.0840888995959403,0.0,0.0
2008-05-01,3B,P3,4081.0,89.5,84.85,4.650000000000006,0.1955366025770644,4.454463397422941,0.0,0.0
2008-06-01,3B,P3,4081.0,90.5,85.35,5.150000000000006,0.9692006301790173,4.180799369820988,0.0,0.0
2008-07-01,3B,P3,4081.0,88.9,86.6,2.3000000000000114,0.09097925409621155,2.2090207459038,0.0,0.0
2008-08-01,3B,P3,4081.0,86.2,86.6,-0.3999999999999915,-1.6088503881525185,1.208850388152527,0.0,0.0
2008-09-01,3B,P3,4081.0,49.5,85.9,-36.400000000000006,-13.41859555204428,-22.981404447955725,1.0,0.42374854481955765
2008-10-01,3B,P3,4081.0,77.7,85.9,-8.200000000000003,-1.9275309062004595,-6.272469093799543,0.0,0.0
2008-11-01,3B,P3,4081.0,83.0,85.35,-2.3499999999999943,-0.8558150817393084,-1.494184918260686,0.0,0.0
2008-12-01,3B,P3,4081.0,82.1,84.19999999999999,-2.0999999999999943,-2.0270559503843373,-0.07294404961565704,0.0,0.0
2009-01-01,3B,P3,4076.0,82.1,83.15,-1.0500000000000114,-3.4817919654750824,2.431791965475071,0.0,0.0
2009-02-01,3B,P3,4076.0,79.5,82.55,-3.049999999999997,-4.013498795716018,0.9634987957160206,0.0,0.0
2009-03-01,3B,P3,4076.0,84.0,82.55,1.4500000000000028,-4.060969370636798,5.510969370636801,0.0,0.0
2009-04-01,3B,P3,4076.0,85.2,83.5,1.7000000000000028,-2.858830393724176,4.558830393724179,0.0,0.0
2009-05-01,3B,P3,4076.0,84.1,83.5,0.5999999999999943,-0.6518880889116616,1.251888088911656,0.0,0.0
2009-06-01,3B,P3,4076.0,84.7,83.5,1.2000000000000028,2.025930193064113,-0.8259301930641101,0.0,0.0
2009-07-01,3B,P3,4076.0,86.5,83.5,3.0,0.271491705667799,2.728508294332201,0.0,0.0
2009-08-01,3B,P3,4076.0,88.1,83.5,4.599999999999994,0.14533368293153615,4.454666317068458,0.0,0.0
2009-09-01,3B,P3,4076.0,87.2,83.5,3.700000000000003,0.992129678633134,2.707870321366869,0.0,0.0
2009-10-01,3B,P3,4076.0,83.3,84.05,-0.75,-2.5393707048585696,1.7893707048585696,0.0,0.0
2009-11-01,3B,P3,4076.0,84.3,84.05,0.25,-2.905678369743484,3.155678369743484,0.0,0.0
2009-12-01,3B,P3,4076.0,82.6,84.19999999999999,-1.5999999999999943,-2.045260143167795,0.4452601431678005,0.0,0.0
2010-01-01,3B,P3,4069.0,83.5,84.19999999999999,-0.6999999999999886,-2.544076315350978,1.8440763153509891,0.0,0.0
2010-02-01,3B,P3,4069.0,86.3,84.19999999999999,2.1000000000000085,-0.9728210957448766,3.072821095744885,0.0,0.0
2010-03-01,3B,P3,4069.0,92.4,84.5,7.900000000000006,1.1390421221211682,6.7609578778788375,0.0,0.0
2010-04-01,3B,P3,4069.0,94.8,84.95,9.849999999999994,5.683231258784531,4.1667687412154635,0.0,0.0
2010-05-01,3B,P3,4069.0,90.8,85.5,5.299999999999997,4.576182251267923,0.723817748732074,0.0,0.0
2010-06-01,3B,P3,4069.0,93.2,86.4,6.799999999999997,7.009532553880007,-0.2095325538800097,0.0,0.0
2010-07-01,3B,P3,4069.0,94.7,86.85,7.8500000000000085,7.5007543973214155,0.34924560267859306,0.0,0.0
2010-08-01,3B,P3,4069.0,92.7,87.65,5.049999999999997,5.4621446439964245,-0.41214464399642736,0.0,0.0
2010-09-01,3B,P3,4069.0,85.2,89.0,-3.799999999999997,2.37174084871468,-6.171740848714677,0.0,0.0
2010-10-01,3B,P3,4069.0,84.6,88.55,-3.950000000000003,-2.2929008124657884,-1.6570991875342145,0.0,0.0
2010-11-01,3B,P3,4069.0,88.2,88.55,-0.3499999999999943,1.690177690500903,-2.0401776905008973,0.0,0.0
2010-12-01,3B,P3,4069.0,93.8,89.5,4.299999999999997,1.9094557576161009,2.3905442423838963,0.0,0.0
2011-01-01,3B,P3,4059.0,88.5,91.6,-3.0999999999999943,-2.5848725498490808,-0.5151274501509135,0.0,0.0
2011-02-01,3B,P3,4059.0,70.4,91.6,-21.19999999999999,-7.327799764146874,-13.872200235853114,1.0,0.2314410480349344
2011-03-01,3B,P3,4059.0,81.8,91.6,-9.799999999999997,-3.0169636588303064,-6.783036341169691,0.0,0.0
2011-04-01,3B,P3,4059.0,82.8,89.65,-6.8500000000000085,-4.413265175434006,-2.4367348245660025,0.0,0.0
2011-05-01,3B,P3,4059.0,85.7,88.35,-2.6499999999999915,-1.2003964333927684,-1.4496035666072231,0.0,0.0
2011-06-01,3B,P3,4059.0,92.2,86.95,5.25,3.0888931177295547,2.1611068822704453,0.0,0.0
2011-07-01,3B,P3,4059.0,92.2,86.95,5.25,4.34010809207696,0.9098919079230399,0.0,0.0
2011-08-01,3B,P3,4059.0,93.3,86.95,6.349999999999994,4.380295271419584,1.9697047285804103,0.0,0.0
2011-09-01,3B,P3,4059.0,89.7,86.95,2.75,2.8607993025409684,-0.11079930254096837,0.0,0.0
2011-10-01,3B,P3,4059.0,85.6,88.35,-2.75,-1.0681303923017822,-1.6818696076982178,0.0,0.0
2011-11-01,3B,P3,4053.0,91.5,88.35,3.1500000000000057,1.0873891858996387,2.062610814100367,0.0,0.0
2011-12-01,3B,P3,4053.0,91.4,89.1,2.3000000000000114,0.33269005987654054,1.9673099401234708,0.0,0.0
2012-01-01,3B,P3,4094.0,86.3,89.1,-2.799999999999997,-0.32916998781435325,-2.470830012185644,0.0,0.0
2012-02-01,3B,P3,4094.0,90.2,88.0,2.200000000000003,0.4897695021130488,1.710230497886954,0.0,0.0
2012-03-01,3B,P3,4094.0,91.0,89.95,1.0499999999999972,-0.9341682733947749,1.984168273394772,0.0,0.0
2012-04-01,3B,P3,4094.0,89.0,90.6,-1.5999999999999943,0.04029340754989619,-1.6402934075498905,0.0,0.0
2012-05-01,3B,P3,4094.0,93.5,90.6,2.9000000000000057,4.113698504641732,-1.2136985046417266,0.0,0.0
2012-06-01,3B,P3,4094.0,94.0,91.2,2.799999999999997,5.767586512812088,-2.9675865128120904,0.0,0.0
2012-07-01,3B,P3,4094.0,92.4,91.2,1.2000000000000028,5.701832934961772,-4.501832934961769,0.0,0.0
2012-08-01,3B,P3,4094.0,94.0,91.2,2.799999999999997,4.320197952974922,-1.5201979529749252,0.0,0.0
2012-09-01,3B,P3,4094.0,92.2,91.2,1.0,0.8633927334268634,0.1366072665731366,0.0,0.0
2012-10-01,3B,P3,4094.0,89.7,91.45,-1.75,0.31574655403017005,-2.06574655403017,0.0,0.0
2012-11-01,3B,P3,4099.0,94.3,91.45,2.8499999999999943,1.4911961597054813,1.358803840294513,0.0,0.0
2012-12-01,3B,P3,4099.0,95.9,91.80000000000001,4.099999999999994,2.993988010554702,1.1060119894452924,0.0,0.0
2013-01-01,3B,P3,4459.0,81.0,92.30000000000001,-11.300000000000011,-4.301054150965342,-6.998945849034669,0.0,0.0
2013-02-01,3B,P3,4449.0,80.9,92.30000000000001,-11.400000000000006,-6.435909400926093,-4.964090599073913,0.0,0.0
2013-03-01,3B,P3,4449.0,78.5,92.30000000000001,-13.800000000000011,-4.391741892225056,-9.408258107774955,0.0,0.0
2013-04-01,3B,P3,4449.0,85.9,92.30000000000001,-6.400000000000006,-2.2841748101547807,-4.115825189845225,0.0,0.0
2013-05-01,3B,P3,4449.0,90.7,92.30000000000001,-1.6000000000000085,0.12441794500229264,-1.7244179450023012,0.0,0.0
2013-06-01,3B,P3,4449.0,95.7,91.45,4.25,3.653008314087657,0.596991685912343,0.0,0.0
2013-07-01,3B,P3,4449.0,96.9,91.45,5.450000000000003,4.572732235947299,0.8772677640527036,0.0,0.0
2013-08-01,3B,P3,4449.0,90.9,91.45,-0.5499999999999972,3.508927600248697,-4.058927600248694,0.0,0.0
2013-09-01,3B,P3,4449.0,93.2,90.80000000000001,2.3999999999999915,2.7535011131555365,-0.353501113155545,0.0,0.0
2013-10-01,3B,P3,4449.0,93.5,90.80000000000001,2.6999999999999886,-1.5120132825487076,4.212013282548696,0.0,0.0
2013-11-01,3B,P3,4449.0,96.1,92.05000000000001,4.049999999999983,2.1516567511213367,1.8983432488786462,0.0,0.0
2013-12-01,3B,P3,4449.0,94.2,92.05000000000001,2.1499999999999915,2.60640406237944,-0.4564040623794483,0.0,0.0
2014-01-01,3B,P3,4503.0,87.5,92.05000000000001,-4.550000000000011,-2.0476621917683104,-2.502337808231701,0.0,0.0
2014-02-01,3B,P3,4503.0,83.9,92.05000000000001,-8.150000000000006,-2.792859112442187,-5.357140887557819,0.0,0.0
2014-03-01,3B,P3,4503.0,88.9,92.05000000000001,-3.1500000000000057,-3.53877556429201,0.3887755642920041,0.0,0.0
2014-04-01,3B,P3,4503.0,94.8,92.05000000000001,2.749999999999986,1.2502238171200304,1.4997761828799554,0.0,0.0
2014-05-01,3B,P3,4503.0,92.1,93.35,-1.25,-0.36476077640813287,-0.8852392235918671,0.0,0.0
2014-06-01,3B,P3,4503.0,90.2,93.35,-3.1499999999999915,-0.31324120252595833,-2.836758797474033,0.0,0.0
2014-07-01,3B,P3,4503.0,96.9,92.65,4.25,4.252851151976785,-0.0028511519767846494,0.0,0.0
2014-08-01,3B,P3,4503.0,95.1,92.65,2.4499999999999886,3.28449501831453,-0.8344950183145414,0.0,0.0
2014-09-01,3B,P3,4503.0,89.0,93.35,-4.349999999999994,1.3394176467065506,-5.689417646706545,0.0,0.0
2014-10-01,3B,P3,4503.0,87.5,92.8,-5.299999999999997,-2.6601266553334426,-2.6398733446665545,0.0,0.0
2014-11-01,3B,P3,4503.0,94.4,91.15,3.25,1.4840699777208641,1.7659300222791359,0.0,0.0
2014-12-01,3B,P3,4503.0,94.9,91.15,3.75,3.620533449613191,0.12946655038680888,0.0,0.0
2015-01-01,3B,P3,4550.0,90.3,91.15,-0.8500000000000085,-2.6911980800303894,1.8411980800303809,0.0,0.0
2015-02-01,3B,P3,4550.0,90.5,91.19999999999999,-0.6999999999999886,-3.3310176178191284,2.63101761781914,0.0,0.0
2015-03-01,3B,P3,4550.0,87.9,91.3,-3.3999999999999915,-1.9847004794193026,-1.4152995205806889,0.0,0.0
2015-04-01,3B,P3,4550.0,93.9,91.3,2.6000000000000085,1.5410739863350216,1.058926013664987,0.0,0.0
2015-05-01,3B,P3,4550.0,93.0,91.3,1.7000000000000028,1.4759285671822795,0.22407143281772335,0.0,0.0
2015-06-01,3B,P3,4606.0,95.5,91.75,3.75,1.9511171025490341,1.7988828974509659,0.0,0.0
2015-07-01,3B,P3,4631.0,94.5,93.45,1.0499999999999972,3.0557377333776543,-2.005737733377657,0.0,0.0
2015-08-01,3B,P3,4631.0,91.2,93.45,-2.25,1.8056859359291053,-4.055685935929105,0.0,0.0
2015-09-01,3B,P3,4641.0,89.0,92.1,-3.0999999999999943,-1.3664700471523759,-1.7335299528476185,0.0,0.0
2015-10-01,3B,P3,4641.0,88.2,92.1,-3.8999999999999915,-5.391860194227817,1.4918601942278258,0.0,0.0
2015-11-01,3B,P3,4688.0,91.2,92.1,-0.8999999999999915,-0.17437136473932924,-0.7256286352606622,0.0,0.0
2015-12-01,3B,P3,4688.0,92.7,91.2,1.5,0.7643563390498116,0.7356436609501884,0.0,0.0
2016-01-01,3B,P3,4748.0,82.6,91.2,-8.600000000000009,-2.8886621436113273,-5.711337856388681,0.0,0.0
2016-02-01,3B,P3,4748.0,82.6,91.2,-8.600000000000009,-3.5245577597056865,-5.075442240294322,0.0,0.0
2016-03-01,3B,P3,4748.0,90.3,91.2,-0.9000000000000057,-2.9559891412146015,2.055989141214596,0.0,0.0
2016-04-01,3B,P3,4748.0,85.9,91.2,-5.299999999999997,-3.3241915540100706,-1.9758084459899266,0.0,0.0
2016-05-01,3B,P3,4748.0,86.9,90.75,-3.8499999999999943,-1.198061517499255,-2.6519384825007393,0.0,0.0
2016-06-01,3B,P3,4838.0,87.4,89.65,-2.25,0.8974965937010779,-3.147496593701078,0.0,0.0
2016-07-01,3B,P3,4838.0,92.0,88.6,3.4000000000000057,1.9364538985348076,1.463546101465198,0.0,0.0
2016-08-01,3B,P3,4838.0,91.6,88.6,3.0,1.845090582742472,1.154909417257528,0.0,0.0
2016-09-01,3B,P3,4838.0,86.9,88.6,-1.6999999999999886,0.15866812564314614,-1.8586681256431348,0.0,0.0
2016-10-01,3B,P3,4838.0,83.4,87.80000000000001,-4.400000000000006,-4.723091402132766,0.32309140213276066,0.0,0.0
2016-11-01,3B,P3,4856.0,89.2,87.15,2.049999999999997,-0.7153253582996655,2.7653253582996626,0.0,0.0
2016-12-01,3B,P3,4856.0,93.8,87.15,6.6499999999999915,1.564604565051667,5.085395434948325,0.0,0.0
2017-01-01,3B,P3,4941.0,86.5,87.15,-0.6500000000000057,-1.2909573956955285,0.6409573956955228,0.0,0.0
2017-02-01,3B,P3,4941.0,83.1,87.15,-4.050000000000011,-4.720935372813216,0.6709353728132044,0.0,0.0
2017-03-01,3B,P3,4944.0,89.2,87.15,2.049999999999997,-1.5336044617988591,3.5836044617988563,0.0,0.0
2017-04-01,3B,P3,4944.0,93.8,87.15,6.6499999999999915,3.0628079979218796,3.587192002078112,0.0,0.0
2017-05-01,3B,P3,4944.0,97.1,88.30000000000001,8.799999999999983,4.190061117009321,4.609938882990662,0.0,0.0
2017-06-01,3B,P3,4944.0,94.7,89.2,5.5,3.60813550230921,1.89186449769079,0.0,0.0
2017-07-01,3B,P3,4944.0,95.6,90.4,5.199999999999989,4.277367966874067,0.9226320331259217,0.0,0.0
2017-08-01,3B,P3,4944.0,84.1,90.4,-6.300000000000011,2.0007160996122764,-8.300716099612288,0.0,0.0
2017-09-01,3B,P3,4954.0,58.4,89.2,-30.800000000000004,-5.504625985158484,-25.29537401484152,1.0,0.34529147982062786
2017-10-01,3B,P3,4954.0,89.4,89.2,0.20000000000000284,-2.034401815848369,2.234401815848372,0.0,0.0
2017-11-01,3B,P3,4962.0,94.2,89.30000000000001,4.8999999999999915,2.161157463158389,2.7388425368416023,0.0,0.0
2017-12-01,3B,P3,4966.0,93.6,91.6,2.0,2.7932826214476307,-0.7932826214476307,0.0,0.0
2018-01-01,3B,P3,4955.0,91.4,91.5,-0.09999999999999432,-1.6846375482906666,1.5846375482906723,0.0,0.0
2018-02-01,3B,P3,4955.0,88.0,92.5,-4.5,-4.691675561087038,0.1916755610870382,0.0,0.0
2018-03-01,3B,P3,4955.0,95.4,92.5,2.9000000000000057,-1.543237473017797,4.443237473017803,0.0,0.0
2018-04-01,3B,P3,4955.0,92.4,93.69999999999999,-1.299999999999983,-0.7025847497531146,-0.5974152502468684,0.0,0.0
2018-05-01,3B,P3,4955.0,91.7,93.0,-1.2999999999999972,0.9766870479464131,-2.2766870479464103,0.0,0.0
2018-06-01,3B,P3,4955.0,96.9,92.05000000000001,4.849999999999994,4.756702102519242,0.09329789748075257,0.0,0.0
2018-07-01,3B,P3,4955.0,98.0,92.05000000000001,5.949999999999989,2.8454057962662205,3.104594203733768,0.0,0.0
2018-08-01,3B,P3,4955.0,98.6,92.05000000000001,6.549999999999983,4.369430611523725,2.1805693884762576,0.0,0.0
2018-09-01,3B,P3,4955.0,97.1,93.0,4.099999999999994,1.1854342670446414,2.914565732955353,0.0,0.0
2018-10-01,3B,P3,4955.0,96.2,93.9,2.299999999999997,-2.9346981317058862,5.234698131705883,0.0,0.0
2018-11-01,3B,P3,4955.0,96.7,94.80000000000001,1.8999999999999915,1.18699612759319,0.7130038724068015,0.0,0.0
2018-12-01,3B,P3,4955.0,96.9,95.80000000000001,1.0999999999999943,2.084207320149261,-0.9842073201492667,0.0,0.0
2019-01-01,3B,P3,5042.0,88.9,96.45,-7.549999999999997,-2.350021763275919,-5.199978236724078,0.0,0.0
2019-02-01,3B,P3,5042.0,85.9,96.45,-10.549999999999997,-7.418829249053999,-3.131170750945998,0.0,0.0
2019-03-01,3B,P3,5042.0,85.3,96.45,-11.150000000000006,-6.546741418759993,-4.603258581240013,0.0,0.0
2019-04-01,3B,P3,5042.0,88.2,96.45,-8.25,-4.573494568847721,-3.676505431152279,0.0,0.0
2019-05-01,3B,P3,5042.0,90.3,96.45,-6.150000000000006,-2.696488880081702,-3.4535111199183035,0.0,0.0
2019-06-01,3B,P3,5042.0,94.3,96.45,-2.1500000000000057,1.8820585207223672,-4.032058520722373,0.0,0.0
2019-07-01,3B,P3,5042.0,94.8,95.25,-0.45000000000000284,1.8091466168465615,-2.2591466168465644,0.0,0.0
2019-08-01,3B,P3,5042.0,95.4,94.55,0.8500000000000085,2.6151703288993104,-1.765170328899302,0.0,0.0
2019-09-01,3B,P3,5042.0,86.2,94.55,-8.349999999999994,-3.2529140987683007,-5.097085901231694,0.0,0.0
2019-10-01,3B,P3,5042.0,83.5,92.3,-8.799999999999997,-5.054577595831773,-3.745422404168224,0.0,0.0
2019-11-01,3B,P3,5042.0,92.9,89.6,3.3000000000000114,-0.19841831038331748,3.498418310383329,0.0,0.0
2019-12-01,3B,P3,5042.0,95.7,89.6,6.1000000000000085,1.874360678398645,4.2256393216013635,0.0,0.0
2020-01-01,3B,P3,5114.0,92.6,89.6,3.0,-1.7601471672117555,4.7601471672117555,0.0,0.0
2020-02-01,3B,P3,5114.0,92.9,91.44999999999999,1.450000000000017,-2.795048236131521,4.245048236131538,0.0,0.0
2020-03-01,3B,P3,5114.0,90.5,92.75,-2.25,-6.728479939335571,4.478479939335571,0.0,0.0
2020-04-01,3B,P3,5114.0,77.8,92.75,-14.950000000000003,-19.608449374411464,4.658449374411461,0.0,0.0
2020-05-01,3B,P3,5114.0,74.7,92.75,-18.049999999999997,-17.749593955618465,-0.30040604438153196,0.0,0.0
2020-06-01,3B,P3,5114.0,79.0,92.75,-13.75,-12.53865358825172,-1.2113464117482806,0.0,0.0
2020-07-01,3B,P3,5114.0,80.7,91.55,-10.849999999999994,-8.311379576650793,-2.538620423349201,0.0,0.0
2020-08-01,3B,P3,5114.0,76.6,88.35,-11.75,-7.452153046431349,-4.297846953568651,0.0,0.0
2020-09-01,3B,P3,5114.0,78.9,84.85,-5.949999999999989,-7.516117990010656,1.5661179900106674,0.0,0.0
2020-10-01,3B,P3,5114.0,81.2,82.1,-0.8999999999999915,-6.021330173764042,5.121330173764051,0.0,0.0
2020-11-01,3B,P3,5114.0,83.4,80.95,2.450000000000003,0.03481843981231236,2.4151815601876905,0.0,0.0
2020-12-01,3B,P3,5114.0,85.6,80.95,4.6499999999999915,-0.026487466012298455,4.67648746601229,0.0,0.0
2021-01-01,3B,P3,5106.0,85.5,80.95,4.549999999999997,3.6241423510696364,0.9258576489303607,0.0,0.0
2021-02-01,3B,P3,5106.0,50.2,80.95,-30.75,-8.370016179461572,-22.379983820538428,1.0,0.37986411365040146
2021-03-01,3B,P3,5106.0,73.2,79.85,-6.6499999999999915,3.9445651413525127,-10.594565141352504,1.0,0.08328115216030046
2021-04-01,3B,P3,5106.0,89.7,78.95,10.75,8.349970844921373,2.4000291550786272,0.0,0.0
2021-05-01,3B,P3,5106.0,91.0,79.85,11.150000000000006,9.985723243562333,1.1642767564376726,0.0,0.0
2021-06-01,3B,P3,5106.0,92.5,80.95,11.549999999999997,13.169392024765273,-1.6193920247652756,0.0,0.0
2021-07-01,3B,P3,5106.0,90.4,82.30000000000001,8.099999999999994,11.447102849337057,-3.3471028493370625,0.0,0.0
2021-08-01,3B,P3,5106.0,92.0,84.45,7.549999999999997,9.763881663206135,-2.2138816632061378,0.0,0.0
2021-09-01,3B,P3,5106.0,91.5,85.55,5.950000000000003,4.949066531351733,1.0009334686482703,0.0,0.0
2021-10-01,3B,P3,5106.0,90.7,87.65,3.049999999999997,1.6196768040674954,1.4303231959325018,0.0,0.0
2021-11-01,3B,P3,5106.0,94.7,90.05000000000001,4.6499999999999915,2.9547550627955985,1.695244937204393,0.0,0.0
2021-12-01,3B,P3,5106.0,93.5,90.55000000000001,2.9499999999999886,4.509675954944001,-1.5596759549440122,0.0,0.0
2022-01-01,3B,P3,5203.0,85.9,90.85,-4.949999999999989,0.9717961709332457,-5.921796170933234,0.0,0.0
2022-02-01,3B,P3,5203.0,85.4,90.85,-5.449999999999989,-0.11785924044673379,-5.332140759553255,0.0,0.0
2022-03-01,3B,P3,5203.0,95.8,90.85,4.950000000000003,2.498611347788568,2.4513886522114348,0.0,0.0
2022-04-01,3B,P3,5203.0,93.6,91.25,2.3499999999999943,0.8188208344334242,1.53117916556657,0.0,0.0
2022-05-01,3B,P3,5203.0,98.2,91.75,6.450000000000003,3.8075718798753257,2.642428120124677,0.0,0.0
2022-06-01,3B,P3,5203.0,97.1,92.25,4.849999999999994,5.296824045034697,-0.4468240450347025,0.0,0.0
2022-07-01,3B,P3,5224.0,96.6,92.75,3.8499999999999943,3.908843017409808,-0.05884301740981357,0.0,0.0
2022-08-01,3B,P3,5224.0,95.2,93.55,1.6500000000000057,4.021646537124667,-2.3716465371246613,0.0,0.0
2022-09-01,3B,P3,5224.0,95.1,94.15,0.9499999999999886,1.9168325150909453,-0.9668325150909567,0.0,0.0
2022-10-01,3B,P3,5224.0,90.2,94.9,-4.700000000000003,-1.0836130062756126,-3.61638699372439,0.0,0.0
2022-11-01,3B,P3,5224.0,94.1,94.9,-0.8000000000000114,2.722868854267446,-3.5228688542674576,0.0,0.0
2022-12-01,3B,P3,5224.0,83.4,94.6,-11.199999999999989,-4.00716268388129,-7.192837316118698,0.0,0.0
2023-01-01,3B,P3,5232.0,86.3,94.6,-8.299999999999997,-5.506346336437403,-2.793653663562594,0.0,0.0
2023-02-01,3B,P3,5232.0,85.1,94.6,-9.5,-5.361521367716023,-4.138478632283977,0.0,0.0
2023-03-01,3B,P3,5472.0,84.8,94.6,-9.799999999999997,-4.281691673182095,-5.518308326817902,0.0,0.0
2023-04-01,3B,P3,5472.0,92.0,93.85,-1.8499999999999943,-1.2957978870469589,-0.5542021129530355,0.0,0.0
2023-05-01,3B,P3,5472.0,94.7,93.05,1.6500000000000057,0.33844951306251403,1.3115504869374917,0.0,0.0
2023-06-01,3B,P3,5472.0,94.4,93.05,1.3500000000000085,2.105373768355207,-0.7553737683551986,0.0,0.0
2023-07-01,3B,P3,5472.0,94.1,93.05,1.0499999999999972,2.770969788885907,-1.7209697888859097,0.0,0.0
2023-08-01,3B,P3,5472.0,92.1,93.05,-0.9500000000000028,3.135188265243187,-4.08518826524319,0.0,0.0
2023-09-01,3B,P3,5472.0,91.1,92.05,-0.9500000000000028,0.4625470655934407,-1.4125470655934436,0.0,0.0
2023-10-01,3B,P3,5472.0,88.3,91.55,-3.25,-4.20253740778314,0.9525374077831401,0.0,0.0
2023-11-01,3B,P3,5472.0,92.1,91.55,0.5499999999999972,-0.9121479936960668,1.462147993696064,0.0,0.0
2023-12-01,3B,P3,5472.0,95.0,91.55,3.450000000000003,3.094770982061121,0.35522901793888195,0.0,0.0
2024-01-01,3B,P3,5532.0,82.5,92.05,-9.549999999999997,-4.678007099547997,-4.871992900452,0.0,0.0
2024-02-01,3B,P3,5532.0,79.9,92.05,-12.149999999999991,-8.066926209595309,-4.083073790404683,0.0,0.0
2024-03-01,3B,P3,5532.0,90.7,92.05,-1.3499999999999943,-2.0663207301703608,0.7163207301703665,0.0,0.0
2024-04-01,3B,P3,5532.0,89.8,92.05,-2.25,-1.3156876806178701,-0.9343123193821299,0.0,0.0
2024-05-01,3B,P3,5532.0,94.0,91.6,2.4000000000000057,2.846553657251718,-0.44655365725171237,0.0,0.0
2024-06-01,3B,P3,5532.0,93.1,91.6,1.5,3.5301973770254733,-2.0301973770254733,0.0,0.0
2024-07-01,3B,P3,5532.0,88.9,91.6,-2.6999999999999886,1.7560659344293583,-4.456065934429347,0.0,0.0
2024-08-01,3B,P3,5532.0,93.1,90.9,2.1999999999999886,3.3213672706715016,-1.121367270671513,0.0,0.0
2024-09-01,3B,P3,5532.0,92.9,90.9,2.0,-0.22300687713322986,2.22300687713323,0.0,0.0
2024-10-01,3B,P3,5545.0,91.5,91.4,0.09999999999999432,-0.48206324847386384,0.5820632484738582,0.0,0.0
2024-11-01,3B,P3,5553.0,92.8,91.8,1.0,1.411020230486443,-0.411020230486443,0.0,0.0
2024-12-01,3B,P3,5553.0,94.3,92.15,2.1499999999999915,2.0055192230598777,0.14448077694011374,0.0,0.0
2025-01-01,3B,P3,5596.0,79.3,92.15,-12.850000000000009,-3.864208728785343,-8.985791271214666,0.0,0.0
2025-02-01,3B,P3,5596.0,78.2,92.15,-13.950000000000003,-5.788562832128818,-8.161437167871185,0.0,0.0
2025-03-01,3B,P3,5333.0,93.1,92.15,0.9499999999999886,-1.5488315282628662,2.498831528262855,0.0,0.0
2025-04-01,3B,P3,5333.0,97.9,92.85,5.050000000000011,-0.1902169145301542,5.240216914530166,0.0,0.0
2025-05-01,3B,P3,5333.0,98.7,93.0,5.700000000000003,3.116587780895756,2.583412219104247,0.0,0.0
2025-06-01,3B,P3,5333.0,95.9,93.0,2.9000000000000057,4.399165832765135,-1.4991658327651294,0.0,0.0
2025-07-01,3B,P3,5333.0,95.1,93.0,2.0999999999999943,4.556888425133408,-2.456888425133414,0.0,0.0
2025-08-01,3B,P3,5333.0,95.2,93.1,2.1000000000000085,4.182845145578327,-2.082845145578318,0.0,0.0
2025-09-01,3B,P3,5333.0,94.5,93.69999999999999,0.8000000000000114,1.9734256330037283,-1.173425633003717,0.0,0.0
2025-10-01,3B,P3,5333.0,86.8,94.4,-7.6000000000000085,-4.165038185158082,-3.4349618148419268,0.0,0.0
2025-11-01,3B,P3,5333.0,91.6,94.4,-2.8000000000000114,1.1476831666894185,-3.94768316668943,0.0,0.0
2025-12-01,3B,P3,5333.0,97.2,94.4,2.799999999999997,2.674922367080086,0.12507763291991125,0.0,0.0
2026-01-01,3B,P3,5388.0,91.1,94.8,-3.700000000000003,-1.8881275518184708,-1.811872448181532,0.0,0.0
2026-02-01,3B,P3,5388.0,87.0,94.8,-7.799999999999997,-4.347140876342209,-3.452859123657788,0.0,0.0
2026-03-01,3B,P3,5388.0,90.9,94.8,-3.8999999999999915,-1.6661842624423713,-2.23381573755762,0.0,0.0
2026-04-01,3B,P3,5388.0,91.7,94.8,-3.0999999999999943,-3.2261287531445646,0.12612875314457028,0.0,0.0
2026-05-01,3B,P3,5399.0,94.7,93.1,1.6000000000000085,0.6417257502912719,0.9582742497087366,0.0,0.0
2026-06-01,3B,P3,5399.0,95.3,93.1,2.200000000000003,3.1450487282120463,-0.9450487282120434,0.0,0.0
2026-07-01,3B,P3,5399.0,96.7,93.1,3.6000000000000085,3.2509939174965723,0.34900608250343623,0.0,0.0
1985-01-01,3C,P3,2575.0,67.2,,,,,,0.0
1985-02-01,3C,P3,2546.0,73.9,,,,,,0.0
1985-03-01,3C,P3,2550.0,76.8,,,,,,0.0
1985-04-01,3C,P3,2607.0,78.5,,,,,,0.0
1985-05-01,3C,P3,2607.0,78.4,,,,,,0.0
1985-06-01,3C,P3,2607.0,77.5,,,,,,0.0
1985-07-01,3C,P3,2607.0,79.8,,,,,,0.0
1985-08-01,3C,P3,2607.0,70.5,,,,,,0.0
1985-09-01,3C,P3,2607.0,70.1,,,,,,0.0
1985-10-01,3C,P3,2607.0,78.9,,,,,,0.0
1985-11-01,3C,P3,2607.0,81.1,,,,,,0.0
1985-12-01,3C,P3,2607.0,86.7,,,,,,0.0
1986-01-01,3C,P3,2611.0,82.4,77.95,4.450000000000003,3.3794184225918826,1.0705815774081202,0.0,0.0
1986-02-01,3C,P3,2610.0,80.6,78.45,2.1499999999999915,-0.5297312694749365,2.679731269474928,0.0,0.0
1986-03-01,3C,P3,2610.0,70.8,78.7,-7.900000000000006,-2.532202086595561,-5.367797913404445,0.0,0.0
1986-04-01,3C,P3,2610.0,82.3,78.7,3.5999999999999943,3.0102177084676924,0.5897822915323019,0.0,0.0
1986-05-01,3C,P3,2610.0,88.6,79.35,9.25,7.057715632446346,2.192284367553654,0.0,0.0
1986-06-01,3C,P3,2610.0,85.2,80.19999999999999,5.000000000000014,6.515430974419743,-1.5154309744197292,0.0,0.0
1986-07-01,3C,P3,2642.0,78.3,80.85,-2.549999999999997,3.5399241831872246,-6.089924183187222,0.0,0.0
1986-08-01,3C,P3,2642.0,82.9,80.85,2.0500000000000114,6.077403834738362,-4.027403834738351,0.0,0.0
1986-09-01,3C,P3,2642.0,84.4,81.69999999999999,2.700000000000017,4.1589583429821175,-1.4589583429821005,0.0,0.0
1986-10-01,3C,P3,2642.0,82.1,82.35,-0.25,1.4049025435373892,-1.6549025435373892,0.0,0.0
1986-11-01,3C,P3,2642.0,85.6,82.35,3.25,1.79466009831512,1.45533990168488,0.0,0.0
1986-12-01,3C,P3,2642.0,87.5,82.65,4.849999999999994,0.4101450931230204,4.439854906876974,0.0,0.0
1987-01-01,3C,P3,2632.0,88.2,82.65,5.549999999999997,-2.064585173255125,7.614585173255122,0.0,0.0
1987-02-01,3C,P3,2632.0,79.1,83.65,-4.550000000000011,-3.913662311452697,-0.6363376885473144,0.0,0.0
1987-03-01,3C,P3,2632.0,80.6,83.65,-3.0500000000000114,-5.172055282045164,2.122055282045153,0.0,0.0
1987-04-01,3C,P3,2632.0,79.0,83.65,-4.650000000000006,-2.6330799574459434,-2.0169200425540623,0.0,0.0
1987-05-01,3C,P3,2632.0,80.7,83.65,-2.950000000000003,-1.2674924967919878,-1.682507503208015,0.0,0.0
1987-06-01,3C,P3,2655.0,86.6,82.5,4.099999999999994,2.1091823788544275,1.9908176211455668,0.0,0.0
1987-07-01,3C,P3,2655.0,87.5,82.5,5.0,3.4699698314957175,1.5300301685042825,0.0,0.0
1987-08-01,3C,P3,2655.0,87.3,83.65,3.6499999999999915,3.4847209843049995,0.16527901569499193,0.0,0.0
1987-09-01,3C,P3,2655.0,89.4,85.0,4.400000000000006,2.225835224158331,2.1741647758416747,0.0,0.0
1987-10-01,3C,P3,2655.0,90.2,86.1,4.1000000000000085,-0.5397043148731768,4.639704314873185,0.0,0.0
1987-11-01,3C,P3,2951.0,81.2,86.94999999999999,-5.749999999999986,-0.9557356888449817,-4.794264311155004,0.0,0.0
1987-12-01,3C,P3,3001.0,80.9,86.94999999999999,-6.049999999999983,1.2892766318278603,-7.339276631827843,0.0,0.0
1988-01-01,3C,P3,2974.0,80.0,83.9,-3.9000000000000057,0.15671516336347224,-4.056715163363478,0.0,0.0
1988-02-01,3C,P3,2974.0,79.7,81.05000000000001,-1.3500000000000085,-1.8875332356537342,0.5375332356537257,0.0,0.0
1988-03-01,3C,P3,2947.0,80.2,81.05000000000001,-0.8500000000000085,0.5893341572292883,-1.4393341572292968,0.0,0.0
1988-04-01,3C,P3,2947.0,76.6,81.05000000000001,-4.450000000000017,0.9483000846020104,-5.3983000846020275,0.0,0.0
1988-05-01,3C,P3,2947.0,78.4,81.05000000000001,-2.6500000000000057,2.103784141442702,-4.753784141442708,0.0,0.0
1988-06-01,3C,P3,2947.0,74.7,81.05000000000001,-6.3500000000000085,2.093638832375845,-8.443638832375854,0.0,0.0
1988-07-01,3C,P3,2947.0,75.9,80.55000000000001,-4.650000000000006,2.5434321048283692,-7.193432104828375,0.0,0.0
1988-08-01,3C,P3,2947.0,77.8,80.1,-2.299999999999997,3.4706222289040767,-5.770622228904074,0.0,0.0
1988-09-01,3C,P3,2947.0,76.1,79.85,-3.75,-0.31863037031827446,-3.4313696296817255,0.0,0.0
1988-10-01,3C,P3,2942.0,78.6,79.05000000000001,-0.45000000000001705,-0.35992451597084596,-0.0900754840291711,0.0,0.0
1988-11-01,3C,P3,2925.0,80.0,78.5,1.5,0.16059517060720907,1.339404829392791,0.0,0.0
1988-12-01,3C,P3,2925.0,82.4,78.5,3.9000000000000057,1.2065172554753048,2.693482744524701,0.0,0.0
1989-01-01,3C,P3,2953.0,87.0,78.5,8.5,2.269736984831198,6.230263015168802,0.0,0.0
1989-02-01,3C,P3,2950.0,86.3,78.5,7.799999999999997,-1.7612451867868089,9.561245186786806,0.0,0.0
1989-03-01,3C,P3,2950.0,80.0,78.5,1.5,-0.7554049041973059,2.255404904197306,0.0,0.0
1989-04-01,3C,P3,2950.0,81.1,78.5,2.5999999999999943,-0.9020813561787691,3.5020813561787634,0.0,0.0
1989-05-01,3C,P3,2950.0,84.0,79.3,4.700000000000003,1.9151160375523801,2.7848839624476227,0.0,0.0
1989-06-01,3C,P3,2950.0,83.4,80.0,3.4000000000000057,5.085430950566874,-1.685430950566868,0.0,0.0
1989-07-01,3C,P3,2950.0,82.2,80.55,1.6500000000000057,4.378163434643298,-2.7281634346432924,0.0,0.0
1989-08-01,3C,P3,2950.0,79.9,81.65,-1.75,4.757523564335017,-6.507523564335017,0.0,0.0
1989-09-01,3C,P3,2950.0,78.3,81.65,-3.3500000000000085,3.881265936515888,-7.231265936515896,0.0,0.0
1989-10-01,3C,P3,2950.0,82.4,81.65,0.75,0.3897879640323083,0.3602120359676917,0.0,0.0
1989-11-01,3C,P3,2950.0,84.4,82.30000000000001,2.0999999999999943,-0.03257487330654385,2.132574873306538,0.0,0.0
1989-12-01,3C,P3,2950.0,73.8,82.4,-8.600000000000009,-2.1720284790656734,-6.427971520934335,0.0,0.0
1990-01-01,3C,P3,2907.0,78.6,82.30000000000001,-3.700000000000017,1.581614951387479,-5.281614951387496,0.0,0.0
1990-02-01,3C,P3,2907.0,82.3,81.65,0.6499999999999915,1.6187697258800853,-0.9687697258800938,0.0,0.0
1990-03-01,3C,P3,2907.0,77.1,81.65,-4.550000000000011,-3.1699083007276982,-1.3800916992723131,0.0,0.0
1990-04-01,3C,P3,2907.0,75.4,81.65,-6.25,-2.0899185689859365,-4.1600814310140635,0.0,0.0
1990-05-01,3C,P3,2907.0,84.0,81.05000000000001,2.9499999999999886,0.004042411632724452,2.945957588367264,0.0,0.0
1990-06-01,3C,P3,2922.0,84.8,81.05000000000001,3.749999999999986,1.6272695346844301,2.1227304653155556,0.0,0.0
1990-07-01,3C,P3,2922.0,86.4,81.05000000000001,5.349999999999994,4.972662091583999,0.37733790841599557,0.0,0.0
1990-08-01,3C,P3,2922.0,86.3,81.1,5.200000000000003,3.2019299169562743,1.9980700830437286,0.0,0.0
1990-09-01,3C,P3,2922.0,87.6,82.35,5.25,3.6303504011071652,1.6196495988928348,0.0,0.0
1990-10-01,3C,P3,2922.0,82.2,83.2,-1.0,-3.965306122660323,2.965306122660323,0.0,0.0
1990-11-01,3C,P3,2922.0,82.3,83.15,-0.8500000000000085,-3.255431864665809,2.4054318646658004,0.0,0.0
1990-12-01,3C,P3,2922.0,79.5,82.3,-2.799999999999997,-4.639762070911615,1.8397620709116183,0.0,0.0
1991-01-01,3C,P3,2955.0,81.9,82.3,-0.3999999999999915,-4.929044213542824,4.529044213542832,0.0,0.0
1991-02-01,3C,P3,2955.0,83.5,82.3,1.2000000000000028,-1.670854802289611,2.870854802289614,0.0,0.0
1991-03-01,3C,P3,2955.0,82.5,82.9,-0.4000000000000057,-1.4981016708613737,1.098101670861368,0.0,0.0
1991-04-01,3C,P3,2965.0,82.5,83.0,-0.5,-0.09798619526898733,-0.40201380473101267,0.0,0.0
1991-05-01,3C,P3,2965.0,76.7,83.0,-6.299999999999997,3.015339191201548,-9.315339191201545,0.0,0.0
1991-06-01,3C,P3,2965.0,79.8,82.5,-2.700000000000003,5.324292424798159,-8.024292424798162,0.0,0.0
1991-07-01,3C,P3,2965.0,80.2,82.4,-2.200000000000003,4.323740470846204,-6.523740470846207,0.0,0.0
1991-08-01,3C,P3,2965.0,82.4,82.25,0.15000000000000568,4.5434308869711515,-4.393430886971146,0.0,0.0
1991-09-01,3C,P3,2965.0,81.9,82.25,-0.3499999999999943,3.7865978186086835,-4.136597818608678,0.0,0.0
1991-10-01,3C,P3,2965.0,81.2,82.05000000000001,-0.8500000000000085,-1.0379432453344037,0.18794324533439521,0.0,0.0
1991-11-01,3C,P3,2965.0,80.1,81.9,-1.8000000000000114,-0.813569755956479,-0.9864302440435324,0.0,0.0
1991-12-01,3C,P3,2965.0,83.9,81.55000000000001,2.3499999999999943,2.07150678476323,0.2784932152367645,0.0,0.0
1992-01-01,3C,P3,2971.0,81.8,81.9,-0.10000000000000853,-2.153875126985895,2.0538751269858864,0.0,0.0
1992-02-01,3C,P3,2971.0,74.4,81.85,-7.449999999999989,-4.27925124782071,-3.1707487521792785,0.0,0.0
1992-03-01,3C,P3,2971.0,83.9,81.5,2.4000000000000057,-0.5145356386749427,2.9145356386749484,0.0,0.0
1992-04-01,3C,P3,2971.0,82.4,81.5,0.9000000000000057,-0.37576609886409074,1.2757660988640964,0.0,0.0
1992-05-01,3C,P3,2971.0,81.0,81.5,-0.5,3.377657885260575,-3.877657885260575,0.0,0.0
1992-06-01,3C,P3,2959.0,85.5,81.5,4.0,6.395017998760622,-2.395017998760622,0.0,0.0
1992-07-01,3C,P3,2959.0,83.5,81.85,1.6500000000000057,5.860552572240266,-4.21055257224026,0.0,0.0
1992-08-01,3C,P3,2959.0,77.4,82.15,-4.75,3.056884578210486,-7.806884578210486,0.0,0.0
1992-09-01,3C,P3,2959.0,83.7,81.85,1.8500000000000085,4.69142788791298,-2.841427887912971,0.0,0.0
1992-10-01,3C,P3,2959.0,85.8,82.1,3.700000000000003,3.306484611184459,0.39351538881554404,0.0,0.0
1992-11-01,3C,P3,2959.0,83.2,82.95,0.25,2.324635598731234,-2.074635598731234,0.0,0.0
1992-12-01,3C,P3,2959.0,83.0,83.35,-0.3499999999999943,-1.661169596942031,1.3111695969420367,0.0,0.0
1993-01-01,3C,P3,2663.0,92.1,83.1,9.0,-2.4201088664155748,11.420108866415575,0.0,0.0
1993-02-01,3C,P3,2663.0,87.8,83.35,4.450000000000003,-2.6271779867038134,7.077177986703816,0.0,0.0
1993-03-01,3C,P3,2663.0,92.1,83.6,8.5,0.07597628938157186,8.424023710618428,0.0,0.0
1993-04-01,3C,P3,2663.0,93.7,83.6,10.100000000000009,1.988341524542264,8.111658475457745,0.0,0.0
1993-05-01,3C,P3,2663.0,90.4,84.6,5.800000000000011,3.456248221341866,2.343751778658145,0.0,0.0
1993-06-01,3C,P3,2663.0,95.4,85.65,9.75,5.336087915725983,4.413912084274017,0.0,0.0
1993-07-01,3C,P3,2663.0,97.7,86.8,10.900000000000006,5.387771200507956,5.51222879949205,0.0,0.0
1993-08-01,3C,P3,2663.0,93.4,89.1,4.300000000000011,3.001034727403649,1.2989652725963623,0.0,0.0
1993-09-01,3C,P3,2663.0,89.4,91.25,-1.8499999999999943,2.32488638671191,-4.174886386711904,0.0,0.0
1993-10-01,3C,P3,2663.0,93.6,91.25,2.3499999999999943,1.1250374272366486,1.2249625727633457,0.0,0.0
1993-11-01,3C,P3,2663.0,94.8,92.1,2.700000000000003,0.3829993806863712,2.3170006193136317,0.0,0.0
1993-12-01,3C,P3,2663.0,97.0,92.75,4.25,-0.7266277160969423,4.976627716096942,0.0,0.0
1994-01-01,3C,P3,2675.0,92.6,93.5,-0.9000000000000057,-2.084868289382996,1.1848682893829903,0.0,0.0
1994-02-01,3C,P3,2675.0,87.5,93.5,-6.0,-3.1551670390244055,-2.8448329609755945,0.0,0.0
1994-03-01,3C,P3,2675.0,87.6,93.5,-5.900000000000006,-4.334127715050755,-1.5658722849492506,0.0,0.0
1994-04-01,3C,P3,2675.0,95.1,93.5,1.5999999999999943,0.512353824148903,1.0876461758510914,0.0,0.0
1994-05-01,3C,P3,2675.0,97.9,93.5,4.400000000000006,3.242904960896226,1.1570950391037798,0.0,0.0
1994-06-01,3C,P3,2675.0,94.8,94.19999999999999,0.6000000000000085,3.5961068338765045,-2.996106833876496,0.0,0.0
1994-07-01,3C,P3,2675.0,98.0,94.19999999999999,3.8000000000000114,3.3148506156177717,0.48514938438223965,0.0,0.0
1994-08-01,3C,P3,2675.0,99.8,94.19999999999999,5.6000000000000085,4.230169349963404,1.3698306500366044,0.0,0.0
1994-09-01,3C,P3,2675.0,98.3,94.8,3.5,2.246250296830695,1.253749703169305,0.0,0.0
1994-10-01,3C,P3,2675.0,91.7,94.94999999999999,-3.249999999999986,-2.3911517399596676,-0.8588482600403182,0.0,0.0
1994-11-01,3C,P3,2675.0,92.8,94.94999999999999,-2.1499999999999915,0.4760509032583684,-2.62605090325836,0.0,0.0
1994-12-01,3C,P3,2680.0,94.6,94.94999999999999,-0.3499999999999943,0.11830492387221625,-0.46830492387221057,0.0,0.0
1995-01-01,3C,P3,2697.0,87.0,94.69999999999999,-7.699999999999989,-3.0366052355474267,-4.663394764452562,0.0,0.0
1995-02-01,3C,P3,2697.0,92.1,94.69999999999999,-2.5999999999999943,-3.6401625225276604,1.040162522527666,0.0,0.0
1995-03-01,3C,P3,2697.0,83.7,94.69999999999999,-10.999999999999986,-5.966108615572182,-5.033891384427804,0.0,0.0
1995-04-01,3C,P3,2697.0,93.9,94.69999999999999,-0.799999999999983,-2.143383403474516,1.343383403474533,0.0,0.0
1995-05-01,3C,P3,2697.0,95.2,94.25,0.9500000000000028,1.337832812647278,-0.3878328126472752,0.0,0.0
1995-06-01,3C,P3,2697.0,95.7,94.25,1.4500000000000028,2.986864399804432,-1.5368643998044291,0.0,0.0
1995-07-01,3C,P3,2697.0,91.2,94.25,-3.049999999999997,1.4068195312713954,-4.4568195312713925,0.0,0.0
1995-08-01,3C,P3,2697.0,89.9,93.35,-3.4499999999999886,1.3668641553639418,-4.81686415536393,0.0,0.0
1995-09-01,3C,P3,2657.0,97.1,92.44999999999999,4.650000000000006,2.910940476229996,1.7390595237700097,0.0,0.0
1995-10-01,3C,P3,2657.0,90.7,92.44999999999999,-1.7499999999999858,-2.14870368864176,0.3987036886417741,0.0,0.0
1995-11-01,3C,P3,2657.0,93.0,92.44999999999999,0.5500000000000114,-0.5103164611690261,1.0603164611690374,0.0,0.0
1995-12-01,3C,P3,2657.0,95.4,92.55,2.8500000000000085,0.9444343468755392,1.9055656531244693,0.0,0.0
1996-01-01,3C,P3,2723.0,90.8,92.55,-1.75,-2.1068500425796515,0.35685004257965147,0.0,0.0
1996-02-01,3C,P3,2723.0,93.5,92.55,0.9500000000000028,-2.538001441794165,3.488001441794168,0.0,0.0
1996-03-01,3C,P3,2723.0,91.2,93.25,-2.049999999999997,-0.919995983909871,-1.1300040160901261,0.0,0.0
1996-04-01,3C,P3,2723.0,95.5,93.25,2.25,2.3007520242550044,-0.05075202425500436,0.0,0.0
1996-05-01,3C,P3,2723.0,96.9,93.25,3.6500000000000057,2.1062332145862115,1.5437667854137942,0.0,0.0
1996-06-01,3C,P3,2723.0,97.7,93.25,4.450000000000003,2.738233913643228,1.711766086356775,0.0,0.0
1996-07-01,3C,P3,2723.0,94.7,93.25,1.4500000000000028,1.270060345612464,0.1799396543875389,0.0,0.0
1996-08-01,3C,P3,2723.0,97.4,94.1,3.3000000000000114,1.2979568587820438,2.0020431412179676,0.0,0.0
1996-09-01,3C,P3,2727.0,94.8,95.05000000000001,-0.2500000000000142,1.7753173567198246,-2.025317356719839,0.0,0.0
1996-10-01,3C,P3,2727.0,96.0,94.75,1.25,0.5071915375848306,0.7428084624151694,0.0,0.0
1996-11-01,3C,P3,2727.0,95.9,95.1,0.8000000000000114,-0.5715760114305652,1.3715760114305766,0.0,0.0
1996-12-01,3C,P3,2727.0,97.8,95.45,2.3499999999999943,-0.4851802054017327,2.835180205401727,0.0,0.0
1997-01-01,3C,P3,2755.0,87.9,95.7,-7.799999999999997,-5.683388405386182,-2.116611594613815,0.0,0.0
1997-02-01,3C,P3,2755.0,92.8,95.7,-2.9000000000000057,-6.789044631117491,3.8890446311174856,0.0,0.0
1997-03-01,3C,P3,2755.0,99.6,95.7,3.8999999999999915,-4.24393150998111,8.143931509981101,0.0,0.0
1997-04-01,3C,P3,2739.0,99.2,95.95,3.25,-2.158671024711296,5.408671024711296,0.0,0.0
1997-05-01,3C,P3,2739.0,98.7,96.45,2.25,3.0551252185479143,-0.8051252185479143,0.0,0.0
1997-06-01,3C,P3,2751.0,99.7,96.7,3.0,3.3535833514723095,-0.35358335147230946,0.0,0.0
1997-07-01,3C,P3,2751.0,97.0,96.7,0.29999999999999716,2.6698974027528237,-2.3698974027528266,0.0,0.0
1997-08-01,3C,P3,2751.0,97.6,97.2,0.3999999999999915,4.4425399972080015,-4.04253999720801,0.0,0.0
1997-09-01,3C,P3,2756.0,101.5,97.3,4.200000000000003,5.0840108390008965,-0.8840108390008936,0.0,0.0
1997-10-01,3C,P3,2756.0,101.9,97.69999999999999,4.200000000000017,2.464776125502624,1.7352238744973931,0.0,0.0
1997-11-01,3C,P3,2756.0,101.2,98.25,2.950000000000003,0.12385636952483026,2.8261436304751726,0.0,0.0
1997-12-01,3C,P3,2757.0,100.6,98.95,1.6499999999999915,0.8414015916199418,0.8085984083800497,0.0,0.0
1998-01-01,3C,P3,2774.0,84.2,99.4,-15.200000000000003,-3.731281795628476,-11.468718204371527,1.0,0.15291750503018112
1998-02-01,3C,P3,2774.0,83.6,99.4,-15.800000000000011,-6.299894666136481,-9.50010533386353,0.0,0.0
1998-03-01,3C,P3,2774.0,96.4,99.4,-3.0,-2.3419874799689353,-0.6580125200310647,0.0,0.0
1998-04-01,3C,P3,2774.0,99.9,98.95,0.9500000000000028,0.4784273394841847,0.47157266051581814,0.0,0.0
1998-05-01,3C,P3,2764.0,98.7,99.2,-0.5,1.275327071587597,-1.775327071587597,0.0,0.0
1998-06-01,3C,P3,2851.0,97.7,99.2,-1.5,1.86417421357676,-3.36417421357676,0.0,0.0
1998-07-01,3C,P3,2854.0,99.3,98.2,1.0999999999999943,2.0503267549477755,-0.9503267549477812,0.0,0.0
1998-08-01,3C,P3,2854.0,102.7,99.0,3.700000000000003,2.4106758104711616,1.2893241895288412,0.0,0.0
1998-09-01,3C,P3,2854.0,94.2,99.6,-5.3999999999999915,-2.320993909662789,-3.0790060903372023,0.0,0.0
1998-10-01,3C,P3,2854.0,78.9,99.0,-20.099999999999994,-7.484719759987229,-12.615280240012765,1.0,0.20303030303030298
1998-11-01,3C,P3,2854.0,88.1,98.2,-10.100000000000009,-1.6915600643901456,-8.408439935609863,0.0,0.0
1998-12-01,3C,P3,2854.0,97.9,97.05000000000001,0.8499999999999943,-1.0364722287333876,1.886472228733382,0.0,0.0
1999-01-01,3C,P3,2930.0,93.8,97.05000000000001,-3.250000000000014,-4.670101921727351,1.420101921727337,0.0,0.0
1999-02-01,3C,P3,2930.0,94.0,97.05000000000001,-3.0500000000000114,-5.041981842262189,1.9919818422621773,0.0,0.0
1999-03-01,3C,P3,2930.0,97.7,97.05000000000001,0.6499999999999915,-4.116618887777307,4.766618887777298,0.0,0.0
1999-04-01,3C,P3,2930.0,100.1,97.7,2.3999999999999915,-0.41492010748530106,2.8149201074852925,0.0,0.0
1999-05-01,3C,P3,2937.0,99.1,97.7,1.3999999999999915,-0.9984638941545256,2.398463894154517,0.0,0.0
1999-06-01,3C,P3,2937.0,98.0,97.7,0.29999999999999716,-1.2518633292066141,1.5518633292066113,0.0,0.0
1999-07-01,3C,P3,2937.0,98.9,97.80000000000001,1.0999999999999943,0.5955037160234724,0.5044962839765219,0.0,0.0
1999-08-01,3C,P3,2937.0,98.9,97.80000000000001,1.0999999999999943,1.271357105021508,-0.1713571050215137,0.0,0.0
1999-09-01,3C,P3,2937.0,98.2,97.80000000000001,0.3999999999999915,-0.1559792907974895,0.555979290797481,0.0,0.0
1999-10-01,3C,P3,2937.0,92.7,97.95,-5.25,-2.947474704746597,-2.302525295253403,0.0,0.0
1999-11-01,3C,P3,2937.0,93.8,97.95,-4.150000000000006,-1.9919799124272686,-2.158020087572737,0.0,0.0
1999-12-01,3C,P3,2937.0,92.6,97.95,-5.3500000000000085,-3.320918038398162,-2.0290819616018467,0.0,0.0
2000-01-01,3C,P3,3008.0,82.3,97.85,-15.549999999999997,-7.0134854895324,-8.536514510467597,0.0,0.0
2000-02-01,3C,P3,3008.0,88.3,97.85,-9.549999999999997,-6.361114860534315,-3.1888851394656825,0.0,0.0
2000-03-01,3C,P3,3008.0,94.6,97.85,-3.25,-3.0279289394099322,-0.22207106059006776,0.0,0.0
2000-04-01,3C,P3,3008.0,95.5,96.3,-0.7999999999999972,-0.16935984750953992,-0.6306401524904572,0.0,0.0
2000-05-01,3C,P3,3008.0,96.3,95.05,1.25,2.370287800078998,-1.120287800078998,0.0,0.0
2000-06-01,3C,P3,3008.0,97.7,95.05,2.6500000000000057,3.8827664780195335,-1.2327664780195278,0.0,0.0
2000-07-01,3C,P3,3008.0,98.4,95.05,3.3500000000000085,4.526598689936847,-1.1765986899368386,0.0,0.0
2000-08-01,3C,P3,3008.0,100.6,95.05,5.549999999999997,3.5311147292024287,2.0188852707975684,0.0,0.0
2000-09-01,3C,P3,3008.0,98.9,95.05,3.8500000000000085,1.863294372590488,1.9867056274095205,0.0,0.0
2000-10-01,3C,P3,3008.0,93.1,95.05,-1.9500000000000028,-0.09116159454174522,-1.8588384054582576,0.0,0.0
2000-11-01,3C,P3,3008.0,93.7,95.05,-1.3499999999999943,0.15813356118280808,-1.5081335611828024,0.0,0.0
2000-12-01,3C,P3,3008.0,99.2,95.05,4.150000000000006,1.3237253486224034,2.8262746513776023,0.0,0.0
2001-01-01,3C,P3,3001.0,97.7,95.9,1.7999999999999972,-3.0644353496679884,4.8644353496679855,0.0,0.0
2001-02-01,3C,P3,3001.0,97.2,97.0,0.20000000000000284,-2.7012653834680833,2.901265383468086,0.0,0.0
2001-03-01,3C,P3,3001.0,86.1,97.45,-11.350000000000009,-3.820162940761776,-7.529837059238233,0.0,0.0
2001-04-01,3C,P3,3001.0,101.0,97.45,3.549999999999997,1.6975147663683856,1.8524852336316115,0.0,0.0
2001-05-01,3C,P3,3001.0,100.5,97.7,2.799999999999997,2.3687306301680167,0.4312693698319805,0.0,0.0
2001-06-01,3C,P3,3001.0,99.6,98.05000000000001,1.549999999999983,1.5804831764221774,-0.030483176422194447,0.0,0.0
2001-07-01,3C,P3,3036.0,98.7,98.65,0.04999999999999716,-0.17265136841821516,0.22265136841821231,0.0,0.0
2001-08-01,3C,P3,3036.0,99.3,98.80000000000001,0.4999999999999858,-0.5957843315693623,1.095784331569348,0.0,0.0
2001-09-01,3C,P3,3036.0,99.5,98.80000000000001,0.6999999999999886,-1.315326519697578,2.0153265196975667,0.0,0.0
2001-10-01,3C,P3,3036.0,95.4,98.95,-3.549999999999997,-0.8581393931142287,-2.6918606068857684,0.0,0.0
2001-11-01,3C,P3,3036.0,98.0,98.95,-0.9500000000000028,-0.6380762939637776,-0.3119237060362252,0.0,0.0
2001-12-01,3C,P3,3036.0,96.2,98.95,-2.75,-2.555984573518657,-0.19401542648134296,0.0,0.0
2002-01-01,3C,P3,3030.0,93.3,98.35,-5.049999999999997,-4.546323728480857,-0.5036762715191401,0.0,0.0
2002-02-01,3C,P3,3030.0,94.3,98.35,-4.049999999999997,-5.6573526136563,1.6073526136563032,0.0,0.0
2002-03-01,3C,P3,3030.0,99.0,98.35,0.6500000000000057,-4.393059226213012,5.043059226213018,0.0,0.0
2002-04-01,3C,P3,3030.0,100.4,98.85,1.5500000000000114,0.7703493231306169,0.7796506768693945,0.0,0.0
2002-05-01,3C,P3,3030.0,98.7,98.85,-0.14999999999999147,-0.7768727333234011,0.6268727333234096,0.0,0.0
2002-06-01,3C,P3,3030.0,95.0,98.7,-3.700000000000003,0.9667573681492172,-4.66675736814922,0.0,0.0
2002-07-01,3C,P3,3030.0,95.5,98.35,-2.8499999999999943,1.3169303578891345,-4.166930357889129,0.0,0.0
2002-08-01,3C,P3,3030.0,94.8,97.1,-2.299999999999997,0.7392639298290078,-3.039263929829005,0.0,0.0
2002-09-01,3C,P3,3030.0,86.3,95.85,-9.549999999999997,-1.7691111596484461,-7.780888840351551,0.0,0.0
2002-10-01,3C,P3,3030.0,84.3,95.45,-11.150000000000006,-4.26052260476817,-6.889477395231836,0.0,0.0
2002-11-01,3C,P3,3030.0,97.0,95.25,1.75,1.6770098462183256,0.0729901537816744,0.0,0.0
2002-12-01,3C,P3,3030.0,100.0,95.25,4.75,0.19261463663748657,4.557385363362513,0.0,0.0
2003-01-01,3C,P3,3073.0,86.9,95.25,-8.349999999999994,-4.113476375551556,-4.236523624448438,0.0,0.0
2003-02-01,3C,P3,3073.0,84.4,95.25,-10.849999999999994,-3.870703275127312,-6.9792967248726825,0.0,0.0
2003-03-01,3C,P3,3073.0,92.5,95.25,-2.75,-0.7931596878333096,-1.9568403121666904,0.0,0.0
2003-04-01,3C,P3,3073.0,98.4,94.9,3.5,2.7897278211229803,0.7102721788770197,0.0,0.0
2003-05-01,3C,P3,3073.0,96.7,94.9,1.7999999999999972,4.458536037029361,-2.6585360370293643,0.0,0.0
2003-06-01,3C,P3,3073.0,93.3,94.9,-1.6000000000000085,2.777877088907914,-4.377877088907923,0.0,0.0
2003-07-01,3C,P3,3073.0,93.0,94.05,-1.0499999999999972,2.166651867986019,-3.216651867986016,0.0,0.0
2003-08-01,3C,P3,3073.0,96.0,93.15,2.8499999999999943,3.135830277348333,-0.28583027734833877,0.0,0.0
2003-09-01,3C,P3,3073.0,96.4,93.15,3.25,1.2278352928725695,2.0221647071274305,0.0,0.0
2003-10-01,3C,P3,3073.0,95.1,94.65,0.44999999999998863,-0.41247731072367344,0.8624773107236621,0.0,0.0
2003-11-01,3C,P3,3073.0,98.4,95.55,2.8500000000000085,0.7756705278242038,2.0743294721758048,0.0,0.0
2003-12-01,3C,P3,3073.0,100.6,95.55,5.049999999999997,-0.3491401958442708,5.399140195844268,0.0,0.0
2004-01-01,3C,P3,3108.0,92.7,95.55,-2.8499999999999943,-4.283296713830225,1.4332967138302308,0.0,0.0
2004-02-01,3C,P3,3108.0,86.3,95.55,-9.25,-4.517934377811358,-4.732065622188642,0.0,0.0
2004-03-01,3C,P3,3121.0,92.2,95.55,-3.3499999999999943,-4.848882836175505,1.498882836175511,0.0,0.0
2004-04-01,3C,P3,3121.0,99.0,95.55,3.450000000000003,-0.8758278859428543,4.325827885942857,0.0,0.0
2004-05-01,3C,P3,3121.0,100.1,95.55,4.549999999999997,2.5745665941418565,1.9754334058581406,0.0,0.0
2004-06-01,3C,P3,3121.0,102.3,95.55,6.75,4.447916025792722,2.302083974207278,0.0,0.0
2004-07-01,3C,P3,3121.0,100.6,96.2,4.3999999999999915,3.722665323454109,0.6773346765458825,0.0,0.0
2004-08-01,3C,P3,3121.0,101.0,97.4,3.5999999999999943,4.0857156606357705,-0.4857156606357762,0.0,0.0
2004-09-01,3C,P3,3121.0,83.5,98.7,-15.200000000000003,-2.8994719240276368,-12.300528075972366,1.0,0.1540020263424519
2004-10-01,3C,P3,3121.0,85.7,98.7,-13.0,-2.5775261384736297,-10.42247386152637,1.0,0.13171225937183384
2004-11-01,3C,P3,3121.0,94.6,98.7,-4.1000000000000085,1.5843099232387772,-5.684309923238786,0.0,0.0
2004-12-01,3C,P3,3121.0,98.2,96.8,1.4000000000000057,2.2788512022400766,-0.878851202240071,0.0,0.0
2005-01-01,3C,P3,3138.0,96.6,96.4,0.19999999999998863,-2.099562119439639,2.299562119439628,0.0,0.0
2005-02-01,3C,P3,3138.0,96.9,97.4,-0.5,-2.829120922335477,2.329120922335477,0.0,0.0
2005-03-01,3C,P3,3138.0,96.0,97.55000000000001,-1.5500000000000114,-2.6538391705106648,1.1038391705106534,0.0,0.0
2005-04-01,3C,P3,3138.0,99.6,97.55000000000001,2.049999999999983,-0.5947233373289578,2.6447233373289407,0.0,0.0
2005-05-01,3C,P3,3243.0,96.2,97.55000000000001,-1.3500000000000085,0.6756566743952845,-2.025656674395293,0.0,0.0
2005-06-01,3C,P3,3243.0,100.2,96.75,3.450000000000003,3.5453758380225366,-0.0953758380225338,0.0,0.0
2005-07-01,3C,P3,3243.0,87.0,96.75,-9.75,0.6632089553397549,-10.413208955339755,1.0,0.10077519379844961
2005-08-01,3C,P3,3243.0,88.2,96.4,-8.200000000000003,-0.8184605836884344,-7.381539416311568,0.0,0.0
2005-09-01,3C,P3,3243.0,59.0,96.1,-37.099999999999994,-9.191544312469802,-27.908455687530193,1.0,0.3860561914672216
2005-10-01,3C,P3,3243.0,67.5,96.1,-28.599999999999994,-11.425540310542715,-17.17445968945728,1.0,0.29760665972944844
2005-11-01,3C,P3,3243.0,83.9,96.1,-12.199999999999989,-3.4685824005281916,-8.731417599471797,0.0,0.0
2005-12-01,3C,P3,3243.0,87.4,96.1,-8.699999999999989,-2.602369599393299,-6.09763040060669,0.0,0.0
2006-01-01,3C,P3,3264.0,79.4,92.1,-12.699999999999989,-4.032381491042884,-8.667618508957105,0.0,0.0
2006-02-01,3C,P3,3264.0,86.2,87.80000000000001,-1.6000000000000085,-4.163386425933595,2.5633864259335866,0.0,0.0
2006-03-01,3C,P3,3312.0,84.7,87.2,-2.5,-4.318823069770787,1.8188230697707866,0.0,0.0
2006-04-01,3C,P3,3312.0,84.0,86.6,-2.5999999999999943,-1.3219531943121012,-1.278046805687893,0.0,0.0
2006-05-01,3C,P3,3312.0,90.2,85.45,4.75,2.561641153328324,2.188358846671676,0.0,0.0
2006-06-01,3C,P3,3312.0,91.6,85.45,6.1499999999999915,4.360732637429294,1.7892673625706976,0.0,0.0
2006-07-01,3C,P3,3312.0,98.2,85.45,12.75,3.8796418653251976,8.870358134674802,0.0,0.0
2006-08-01,3C,P3,3312.0,98.3,85.45,12.849999999999994,4.543213417098897,8.306786582901097,0.0,0.0
2006-09-01,3C,P3,3312.0,96.8,85.45,11.349999999999994,4.368383683835546,6.981616316164448,0.0,0.0
2006-10-01,3C,P3,3312.0,85.8,86.80000000000001,-1.0000000000000142,-1.4531368267017086,0.4531368267016944,0.0,0.0
2006-11-01,3C,P3,3312.0,91.1,86.80000000000001,4.299999999999983,-1.32102372975325,5.621023729753233,0.0,0.0
2006-12-01,3C,P3,3312.0,95.8,88.80000000000001,6.999999999999986,1.8926155541108614,5.107384445889124,0.0,0.0
2007-01-01,3C,P3,3335.0,91.4,90.65,0.75,-1.1324950463783523,1.8824950463783523,0.0,0.0
2007-02-01,3C,P3,3335.0,93.3,91.25,2.049999999999997,-4.700177756296782,6.750177756296779,0.0,0.0
2007-03-01,3C,P3,3335.0,98.8,91.5,7.299999999999997,-2.3389510437717007,9.638951043771698,0.0,0.0
2007-04-01,3C,P3,3335.0,94.9,92.44999999999999,2.450000000000017,-1.2509888769617277,3.7009888769617447,0.0,0.0
2007-05-01,3C,P3,3335.0,96.5,94.1,2.4000000000000057,0.2772066799283124,2.1227933200716933,0.0,0.0
2007-06-01,3C,P3,3335.0,97.0,95.35,1.6500000000000057,-0.4593958528907933,2.109395852890799,0.0,0.0
2007-07-01,3C,P3,3335.0,96.7,96.15,0.5499999999999972,2.8845539680305166,-2.3345539680305194,0.0,0.0
2007-08-01,3C,P3,3335.0,92.2,96.15,-3.950000000000003,2.504082086230028,-6.454082086230031,0.0,0.0
2007-09-01,3C,P3,3318.0,91.2,95.35,-4.1499999999999915,0.5873269681074049,-4.737326968107396,0.0,0.0
2007-10-01,3C,P3,3318.0,88.2,94.1,-5.8999999999999915,-0.9131257799010939,-4.986874220098898,0.0,0.0
2007-11-01,3C,P3,3318.0,87.5,94.1,-6.599999999999994,0.5421610560207455,-7.14216105602074,0.0,0.0
2007-12-01,3C,P3,3318.0,89.6,94.1,-4.5,0.03356179609686194,-4.533561796096862,0.0,0.0
2008-01-01,3C,P3,3329.0,82.0,92.75,-10.75,-2.828478713726554,-7.921521286273446,0.0,0.0
2008-02-01,3C,P3,3329.0,87.8,92.75,-4.950000000000003,-3.6312241238328653,-1.3187758761671375,0.0,0.0
2008-03-01,3C,P3,3329.0,89.9,91.7,-1.7999999999999972,-5.376867277359821,3.576867277359824,0.0,0.0
2008-04-01,3C,P3,3329.0,87.1,90.55000000000001,-3.450000000000017,-2.4340888995959347,-1.0159111004040824,0.0,0.0
2008-05-01,3C,P3,3329.0,89.4,89.75,-0.3499999999999943,0.1955366025770644,-0.5455366025770587,0.0,0.0
2008-06-01,3C,P3,3329.0,88.1,89.5,-1.4000000000000057,0.9692006301790173,-2.369200630179023,0.0,0.0
2008-07-01,3C,P3,3329.0,90.5,88.80000000000001,1.6999999999999886,0.09097925409621155,1.609020745903777,0.0,0.0
2008-08-01,3C,P3,3329.0,84.5,88.80000000000001,-4.300000000000011,-1.6088503881525185,-2.691149611847493,0.0,0.0
2008-09-01,3C,P3,3329.0,63.1,88.15,-25.050000000000004,-13.41859555204428,-11.631404447955724,1.0,0.2841747022121384
2008-10-01,3C,P3,3329.0,86.4,87.94999999999999,-1.549999999999983,-1.9275309062004595,0.3775309062004766,0.0,0.0
2008-11-01,3C,P3,3329.0,86.9,87.65,-0.75,-0.8558150817393084,0.10581508173930843,0.0,0.0
2008-12-01,3C,P3,3329.0,89.8,87.44999999999999,2.3500000000000085,-2.0270559503843373,4.377055950384346,0.0,0.0
2009-01-01,3C,P3,3329.0,82.6,87.44999999999999,-4.849999999999994,-3.4817919654750824,-1.368208034524912,0.0,0.0
2009-02-01,3C,P3,3329.0,82.9,87.44999999999999,-4.549999999999983,-4.013498795716018,-0.5365012042839652,0.0,0.0
2009-03-01,3C,P3,3329.0,87.5,87.0,0.5,-4.060969370636798,4.560969370636798,0.0,0.0
2009-04-01,3C,P3,3329.0,90.0,87.0,3.0,-2.858830393724176,5.858830393724176,0.0,0.0
2009-05-01,3C,P3,3329.0,89.9,87.2,2.700000000000003,-0.6518880889116616,3.3518880889116645,0.0,0.0
2009-06-01,3C,P3,3329.0,88.1,87.2,0.8999999999999915,2.025930193064113,-1.1259301930641215,0.0,0.0
2009-07-01,3C,P3,3329.0,81.4,87.2,-5.799999999999997,0.271491705667799,-6.071491705667796,0.0,0.0
2009-08-01,3C,P3,3329.0,87.4,86.65,0.75,0.14533368293153615,0.6046663170684639,0.0,0.0
2009-09-01,3C,P3,3329.0,87.2,87.15,0.04999999999999716,0.992129678633134,-0.9421296786331368,0.0,0.0
2009-10-01,3C,P3,3329.0,85.0,87.30000000000001,-2.3000000000000114,-2.5393707048585696,0.23937070485855827,0.0,0.0
2009-11-01,3C,P3,3329.0,83.4,87.30000000000001,-3.9000000000000057,-2.905678369743484,-0.9943216302565219,0.0,0.0
2009-12-01,3C,P3,3329.0,84.1,87.30000000000001,-3.200000000000017,-2.045260143167795,-1.1547398568322222,0.0,0.0
2010-01-01,3C,P3,3504.0,73.0,86.1,-13.099999999999994,-2.544076315350978,-10.555923684649017,1.0,0.15214866434378624
2010-02-01,3C,P3,3504.0,69.8,86.1,-16.299999999999997,-0.9728210957448766,-15.32717890425512,1.0,0.18931475029036002
2010-03-01,3C,P3,3504.0,80.3,86.1,-5.799999999999997,1.1390421221211682,-6.939042122121165,0.0,0.0
2010-04-01,3C,P3,3504.0,94.6,84.55,10.049999999999997,5.683231258784531,4.366768741215466,0.0,0.0
2010-05-01,3C,P3,3504.0,93.5,84.55,8.950000000000003,4.576182251267923,4.37381774873208,0.0,0.0
2010-06-01,3C,P3,3504.0,94.6,84.55,10.049999999999997,7.009532553880007,3.0404674461199903,0.0,0.0
2010-07-01,3C,P3,3504.0,95.7,84.55,11.150000000000006,7.5007543973214155,3.64924560267859,0.0,0.0
2010-08-01,3C,P3,3504.0,92.5,86.1,6.400000000000006,5.4621446439964245,0.9378553560035812,0.0,0.0
2010-09-01,3C,P3,3504.0,91.8,86.1,5.700000000000003,2.37174084871468,3.328259151285323,0.0,0.0
2010-10-01,3C,P3,3504.0,88.7,88.4,0.29999999999999716,-2.2929008124657884,2.5929008124657855,0.0,0.0
2010-11-01,3C,P3,3504.0,92.5,90.25,2.25,1.690177690500903,0.5598223094990971,0.0,0.0
2010-12-01,3C,P3,3504.0,93.4,92.15,1.25,1.9094557576161009,-0.6594557576161009,0.0,0.0
2011-01-01,3C,P3,3551.0,90.8,92.5,-1.7000000000000028,-2.5848725498490808,0.8848725498490779,0.0,0.0
2011-02-01,3C,P3,3551.0,90.2,92.5,-2.299999999999997,-7.327799764146874,5.027799764146877,0.0,0.0
2011-03-01,3C,P3,3551.0,93.2,92.5,0.7000000000000028,-3.0169636588303064,3.716963658830309,0.0,0.0
2011-04-01,3C,P3,3551.0,89.8,92.85,-3.049999999999997,-4.413265175434006,1.3632651754340088,0.0,0.0
2011-05-01,3C,P3,3551.0,92.6,92.5,0.09999999999999432,-1.2003964333927684,1.3003964333927627,0.0,0.0
2011-06-01,3C,P3,3551.0,91.7,92.5,-0.7999999999999972,3.0888931177295547,-3.888893117729552,0.0,0.0
2011-07-01,3C,P3,3551.0,91.0,92.15,-1.1500000000000057,4.34010809207696,-5.490108092076966,0.0,0.0
2011-08-01,3C,P3,3551.0,94.9,91.75,3.1500000000000057,4.380295271419584,-1.2302952714195783,0.0,0.0
2011-09-01,3C,P3,3551.0,89.8,91.75,-1.9500000000000028,2.8607993025409684,-4.810799302540971,0.0,0.0
2011-10-01,3C,P3,3551.0,91.8,91.35,0.45000000000000284,-1.0681303923017822,1.518130392301785,0.0,0.0
2011-11-01,3C,P3,3551.0,90.9,91.75,-0.8499999999999943,1.0873891858996387,-1.937389185899633,0.0,0.0
2011-12-01,3C,P3,3551.0,88.8,91.35,-2.549999999999997,0.33269005987654054,-2.8826900598765377,0.0,0.0
2012-01-01,3C,P3,3578.0,82.3,90.95,-8.650000000000006,-0.32916998781435325,-8.320830012185652,0.0,0.0
2012-02-01,3C,P3,3578.0,83.9,90.95,-7.049999999999997,0.4897695021130488,-7.539769502113046,0.0,0.0
2012-03-01,3C,P3,3578.0,80.2,90.95,-10.75,-0.9341682733947749,-9.815831726605225,0.0,0.0
2012-04-01,3C,P3,3578.0,85.4,90.35,-4.949999999999989,0.04029340754989619,-4.990293407549885,0.0,0.0
2012-05-01,3C,P3,3578.0,96.0,90.35,5.650000000000006,4.113698504641732,1.5363014953582734,0.0,0.0
2012-06-01,3C,P3,3578.0,95.5,90.35,5.150000000000006,5.767586512812088,-0.6175865128120819,0.0,0.0
2012-07-01,3C,P3,3578.0,95.7,90.35,5.3500000000000085,5.701832934961772,-0.35183293496176304,0.0,0.0
2012-08-01,3C,P3,3578.0,89.5,90.35,-0.8499999999999943,4.320197952974922,-5.170197952974917,0.0,0.0
2012-09-01,3C,P3,3578.0,84.7,89.65,-4.950000000000003,0.8633927334268634,-5.813392733426866,0.0,0.0
2012-10-01,3C,P3,3578.0,91.4,89.15,2.25,0.31574655403017005,1.93425344596983,0.0,0.0
2012-11-01,3C,P3,3578.0,96.6,89.15,7.449999999999989,1.4911961597054813,5.958803840294507,0.0,0.0
2012-12-01,3C,P3,3578.0,94.2,89.15,5.049999999999997,2.993988010554702,2.0560119894452953,0.0,0.0
2013-01-01,3C,P3,3604.0,85.8,90.45,-4.650000000000006,-4.301054150965342,-0.3489458490346635,0.0,0.0
2013-02-01,3C,P3,3604.0,79.1,90.45,-11.350000000000009,-6.435909400926093,-4.914090599073916,0.0,0.0
2013-03-01,3C,P3,3604.0,89.9,90.45,-0.5499999999999972,-4.391741892225056,3.841741892225059,0.0,0.0
2013-04-01,3C,P3,3604.0,92.3,90.65,1.6499999999999915,-2.2841748101547807,3.934174810154772,0.0,0.0
2013-05-01,3C,P3,3605.0,93.3,91.85,1.4500000000000028,0.12441794500229264,1.3255820549977102,0.0,0.0
2013-06-01,3C,P3,3605.0,92.0,91.85,0.15000000000000568,3.653008314087657,-3.5030083140876513,0.0,0.0
2013-07-01,3C,P3,3605.0,93.2,91.7,1.5,4.572732235947299,-3.0727322359472993,0.0,0.0
2013-08-01,3C,P3,3605.0,93.3,91.7,1.5999999999999943,3.508927600248697,-1.9089276002487026,0.0,0.0
2013-09-01,3C,P3,3605.0,90.2,92.15,-1.9500000000000028,2.7535011131555365,-4.703501113155539,0.0,0.0
2013-10-01,3C,P3,3605.0,79.2,92.15,-12.950000000000003,-1.5120132825487076,-11.437986717451295,1.0,0.14053174172544766
2013-11-01,3C,P3,3605.0,88.3,92.15,-3.8500000000000085,2.1516567511213367,-6.001656751121345,0.0,0.0
2013-12-01,3C,P3,3605.0,94.1,91.1,3.0,2.60640406237944,0.3935959376205602,0.0,0.0
2014-01-01,3C,P3,3606.0,89.7,91.1,-1.3999999999999915,-2.0476621917683104,0.647662191768319,0.0,0.0
2014-02-01,3C,P3,3606.0,89.9,91.1,-1.1999999999999886,-2.792859112442187,1.5928591124421985,0.0,0.0
2014-03-01,3C,P3,3606.0,86.1,91.1,-5.0,-3.53877556429201,-1.4612244357079902,0.0,0.0
2014-04-01,3C,P3,3627.0,90.3,91.1,-0.7999999999999972,1.2502238171200304,-2.0502238171200275,0.0,0.0
2014-05-01,3C,P3,3627.0,89.2,90.25,-1.0499999999999972,-0.36476077640813287,-0.6852392235918643,0.0,0.0
2014-06-01,3C,P3,3627.0,89.1,90.05000000000001,-0.950000000000017,-0.31324120252595833,-0.6367587974740587,0.0,0.0
2014-07-01,3C,P3,3627.0,98.0,89.80000000000001,8.199999999999989,4.252851151976785,3.947148848023204,0.0,0.0
2014-08-01,3C,P3,3627.0,96.9,89.80000000000001,7.099999999999994,3.28449501831453,3.8155049816854643,0.0,0.0
2014-09-01,3C,P3,3627.0,95.4,89.80000000000001,5.599999999999994,1.3394176467065506,4.260582353293444,0.0,0.0
2014-10-01,3C,P3,3643.0,88.4,89.80000000000001,-1.4000000000000057,-2.6601266553334426,1.260126655333437,0.0,0.0
2014-11-01,3C,P3,3643.0,91.0,89.80000000000001,1.1999999999999886,1.4840699777208641,-0.2840699777208755,0.0,0.0
2014-12-01,3C,P3,3643.0,94.9,90.1,4.800000000000011,3.620533449613191,1.1794665503868202,0.0,0.0
2015-01-01,3C,P3,3655.0,84.8,90.1,-5.299999999999997,-2.6911980800303894,-2.6088019199696078,0.0,0.0
2015-02-01,3C,P3,3655.0,85.7,90.1,-4.3999999999999915,-3.3310176178191284,-1.068982382180863,0.0,0.0
2015-03-01,3C,P3,3655.0,90.5,89.75,0.75,-1.9847004794193026,2.7347004794193026,0.0,0.0
2015-04-01,3C,P3,3655.0,93.3,90.4,2.8999999999999915,1.5410739863350216,1.35892601366497,0.0,0.0
2015-05-01,3C,P3,3655.0,96.4,90.75,5.650000000000006,1.4759285671822795,4.174071432817726,0.0,0.0
2015-06-01,3C,P3,3655.0,96.3,92.15,4.1499999999999915,1.9511171025490341,2.1988828974509573,0.0,0.0
2015-07-01,3C,P3,3663.0,98.1,94.1,4.0,3.0557377333776543,0.9442622666223457,0.0,0.0
2015-08-01,3C,P3,3664.0,98.6,94.1,4.5,1.8056859359291053,2.6943140640708947,0.0,0.0
2015-09-01,3C,P3,3681.0,94.1,94.1,0.0,-1.3664700471523759,1.3664700471523759,0.0,0.0
2015-10-01,3C,P3,3681.0,90.6,93.69999999999999,-3.0999999999999943,-5.391860194227817,2.291860194227823,0.0,0.0
2015-11-01,3C,P3,3681.0,94.3,93.69999999999999,0.6000000000000085,-0.17437136473932924,0.7743713647393378,0.0,0.0
2015-12-01,3C,P3,3681.0,98.3,94.19999999999999,4.1000000000000085,0.7643563390498116,3.335643660950197,0.0,0.0
2016-01-01,3C,P3,3692.0,92.8,94.19999999999999,-1.3999999999999915,-2.8886621436113273,1.4886621436113359,0.0,0.0
2016-02-01,3C,P3,3692.0,96.0,94.19999999999999,1.8000000000000114,-3.5245577597056865,5.324557759705698,0.0,0.0
2016-03-01,3C,P3,3692.0,92.6,95.15,-2.5500000000000114,-2.9559891412146015,0.4059891412145902,0.0,0.0
2016-04-01,3C,P3,3692.0,96.1,95.15,0.9499999999999886,-3.3241915540100706,4.274191554010059,0.0,0.0
2016-05-01,3C,P3,3692.0,95.8,96.05,-0.25,-1.198061517499255,0.948061517499255,0.0,0.0
2016-06-01,3C,P3,3692.0,95.5,95.9,-0.4000000000000057,0.8974965937010779,-1.2974965937010836,0.0,0.0
2016-07-01,3C,P3,3692.0,91.9,95.65,-3.75,1.9364538985348076,-5.686453898534808,0.0,0.0
2016-08-01,3C,P3,3692.0,91.4,94.9,-3.5,1.845090582742472,-5.345090582742472,0.0,0.0
2016-09-01,3C,P3,3692.0,94.9,94.19999999999999,0.700000000000017,0.15866812564314614,0.5413318743568709,0.0,0.0
2016-10-01,3C,P3,3707.0,87.6,94.6,-7.0,-4.723091402132766,-2.2769085978672337,0.0,0.0
2016-11-01,3C,P3,3707.0,94.3,94.6,-0.29999999999999716,-0.7153253582996655,0.4153253582996683,0.0,0.0
2016-12-01,3C,P3,3707.0,96.6,94.6,2.0,1.564604565051667,0.4353954349483331,0.0,0.0
2017-01-01,3C,P3,3696.0,89.5,94.6,-5.099999999999994,-1.2909573956955285,-3.809042604304466,0.0,0.0
2017-02-01,3C,P3,3696.0,90.2,94.6,-4.3999999999999915,-4.720935372813216,0.32093537281322426,0.0,0.0
2017-03-01,3C,P3,3696.0,93.2,93.44999999999999,-0.2499999999999858,-1.5336044617988591,1.2836044617988733,0.0,0.0
2017-04-01,3C,P3,3696.0,93.9,93.75,0.15000000000000568,3.0628079979218796,-2.912807997921874,0.0,0.0
2017-05-01,3C,P3,3696.0,97.2,93.55000000000001,3.6499999999999915,4.190061117009321,-0.5400611170093299,0.0,0.0
2017-06-01,3C,P3,3696.0,96.9,93.55000000000001,3.3499999999999943,3.60813550230921,-0.2581355023092158,0.0,0.0
2017-07-01,3C,P3,3696.0,98.7,93.55000000000001,5.1499999999999915,4.277367966874067,0.8726320331259245,0.0,0.0
2017-08-01,3C,P3,3699.0,96.3,94.1,2.200000000000003,2.0007160996122764,0.19928390038772648,0.0,0.0
2017-09-01,3C,P3,3699.0,99.3,94.6,4.700000000000003,-5.504625985158484,10.204625985158486,0.0,0.0
2017-10-01,3C,P3,3699.0,91.5,95.3,-3.799999999999997,-2.034401815848369,-1.765598184151628,0.0,0.0
2017-11-01,3C,P3,3699.0,94.1,95.3,-1.2000000000000028,2.161157463158389,-3.361157463158392,0.0,0.0
2017-12-01,3C,P3,3720.0,98.7,95.19999999999999,3.500000000000014,2.7932826214476307,0.7067173785523835,0.0,0.0
2018-01-01,3C,P3,3668.0,93.6,95.19999999999999,-1.5999999999999943,-1.6846375482906666,0.08463754829067227,0.0,0.0
2018-02-01,3C,P3,3668.0,90.3,95.19999999999999,-4.8999999999999915,-4.691675561087038,-0.20832443891295327,0.0,0.0
2018-03-01,3C,P3,3668.0,92.6,95.19999999999999,-2.5999999999999943,-1.543237473017797,-1.0567625269821974,0.0,0.0
2018-04-01,3C,P3,3668.0,94.7,95.19999999999999,-0.4999999999999858,-0.7025847497531146,0.2025847497531288,0.0,0.0
2018-05-01,3C,P3,3668.0,94.6,95.5,-0.9000000000000057,0.9766870479464131,-1.8766870479464188,0.0,0.0
2018-06-01,3C,P3,3668.0,98.0,94.65,3.3499999999999943,4.756702102519242,-1.4067021025192474,0.0,0.0
2018-07-01,3C,P3,3668.0,90.8,94.65,-3.8500000000000085,2.8454057962662205,-6.695405796266229,0.0,0.0
2018-08-01,3C,P3,3671.0,97.1,94.35,2.75,4.369430611523725,-1.6194306115237254,0.0,0.0
2018-09-01,3C,P3,3671.0,95.4,94.35,1.0500000000000114,1.1854342670446414,-0.13543426704463002,0.0,0.0
2018-10-01,3C,P3,3671.0,99.2,94.35,4.8500000000000085,-2.9346981317058862,7.784698131705895,0.0,0.0
2018-11-01,3C,P3,3671.0,99.7,94.65,5.049999999999997,1.18699612759319,3.863003872406807,0.0,0.0
2018-12-01,3C,P3,3671.0,101.6,95.05000000000001,6.549999999999983,2.084207320149261,4.465792679850722,0.0,0.0
2019-01-01,3C,P3,3696.0,96.6,95.05000000000001,1.549999999999983,-2.350021763275919,3.9000217632759018,0.0,0.0
2019-02-01,3C,P3,3696.0,92.1,96.0,-3.9000000000000057,-7.418829249053999,3.5188292490539936,0.0,0.0
2019-03-01,3C,P3,3696.0,91.7,96.0,-4.299999999999997,-6.546741418759993,2.2467414187599957,0.0,0.0
2019-04-01,3C,P3,3696.0,96.3,96.0,0.29999999999999716,-4.573494568847721,4.873494568847718,0.0,0.0
2019-05-01,3C,P3,3696.0,98.5,96.44999999999999,2.0500000000000114,-2.696488880081702,4.7464888800817135,0.0,0.0
2019-06-01,3C,P3,3696.0,97.6,96.85,0.75,1.8820585207223672,-1.1320585207223672,0.0,0.0
2019-07-01,3C,P3,3696.0,95.3,96.85,-1.5499999999999972,1.8091466168465615,-3.3591466168465587,0.0,0.0
2019-08-01,3C,P3,3696.0,97.7,96.85,0.8500000000000085,2.6151703288993104,-1.765170328899302,0.0,0.0
2019-09-01,3C,P3,3696.0,97.4,97.1,0.30000000000001137,-3.2529140987683007,3.552914098768312,0.0,0.0
2019-10-01,3C,P3,3696.0,92.9,97.5,-4.599999999999994,-5.054577595831773,0.45457759583177904,0.0,0.0
2019-11-01,3C,P3,3696.0,93.2,97.0,-3.799999999999997,-0.19841831038331748,-3.6015816896166797,0.0,0.0
2019-12-01,3C,P3,3696.0,95.4,96.44999999999999,-1.049999999999983,1.874360678398645,-2.924360678398628,0.0,0.0
2020-01-01,3C,P3,3732.0,93.9,95.85,-1.9499999999999886,-1.7601471672117555,-0.18985283278823317,0.0,0.0
2020-02-01,3C,P3,3732.0,86.1,95.35,-9.25,-2.795048236131521,-6.454951763868479,0.0,0.0
2020-03-01,3C,P3,3732.0,87.1,95.35,-8.25,-6.728479939335571,-1.5215200606644288,0.0,0.0
2020-04-01,3C,P3,3732.0,74.8,95.35,-20.549999999999997,-19.608449374411464,-0.9415506255885333,0.0,0.0
2020-05-01,3C,P3,3732.0,73.7,94.6,-20.89999999999999,-17.749593955618465,-3.1504060443815263,0.0,0.0
2020-06-01,3C,P3,3732.0,75.4,93.55000000000001,-18.150000000000006,-12.53865358825172,-5.611346411748286,0.0,0.0
2020-07-01,3C,P3,3732.0,79.4,93.05000000000001,-13.650000000000006,-8.311379576650793,-5.338620423349212,0.0,0.0
2020-08-01,3C,P3,3732.0,76.3,90.0,-13.700000000000003,-7.452153046431349,-6.247846953568654,0.0,0.0
2020-09-01,3C,P3,3732.0,61.5,86.6,-25.099999999999994,-7.516117990010656,-17.58388200998934,1.0,0.289838337182448
2020-10-01,3C,P3,3732.0,57.4,82.75,-25.35,-6.021330173764042,-19.32866982623596,1.0,0.30634441087613296
2020-11-01,3C,P3,3732.0,70.6,77.85,-7.25,0.03481843981231236,-7.284818439812312,0.0,0.0
2020-12-01,3C,P3,3732.0,73.1,75.85,-2.75,-0.026487466012298455,-2.7235125339877015,0.0,0.0
2021-01-01,3C,P3,3531.0,81.0,75.1,5.900000000000006,3.6241423510696364,2.2758576489303692,0.0,0.0
2021-02-01,3C,P3,3531.0,85.5,75.1,10.400000000000006,-8.370016179461572,18.770016179461578,0.0,0.0
2021-03-01,3C,P3,3531.0,90.6,75.1,15.5,3.9445651413525127,11.555434858647487,0.0,0.0
2021-04-01,3C,P3,3531.0,90.3,75.1,15.200000000000003,8.349970844921373,6.85002915507863,0.0,0.0
2021-05-01,3C,P3,3531.0,90.4,75.85,14.550000000000011,9.985723243562333,4.564276756437678,0.0,0.0
2021-06-01,3C,P3,3531.0,93.9,77.85,16.05000000000001,13.169392024765273,2.8806079752347387,0.0,0.0
2021-07-01,3C,P3,3531.0,93.2,80.2,13.0,11.447102849337057,1.5528971506629432,0.0,0.0
2021-08-01,3C,P3,3531.0,86.4,83.25,3.1500000000000057,9.763881663206135,-6.613881663206129,0.0,0.0
2021-09-01,3C,P3,3531.0,68.6,85.95,-17.35000000000001,4.949066531351733,-22.29906653135174,1.0,0.20186154741128573
2021-10-01,3C,P3,3531.0,80.3,85.95,-5.650000000000006,1.6196768040674954,-7.269676804067501,0.0,0.0
2021-11-01,3C,P3,3531.0,84.0,85.95,-1.9500000000000028,2.9547550627955985,-4.904755062795601,0.0,0.0
2021-12-01,3C,P3,3275.0,92.6,85.95,6.6499999999999915,4.509675954944001,2.1403240450559906,0.0,0.0
2022-01-01,3C,P3,3288.0,95.9,88.35,7.550000000000011,0.9717961709332457,6.578203829066766,0.0,0.0
2022-02-01,3C,P3,3288.0,95.3,90.35,4.950000000000003,-0.11785924044673379,5.067859240446737,0.0,0.0
2022-03-01,3C,P3,3288.0,95.4,90.5,4.900000000000006,2.498611347788568,2.4013886522114376,0.0,0.0
2022-04-01,3C,P3,3288.0,94.9,91.5,3.4000000000000057,0.8188208344334242,2.5811791655665814,0.0,0.0
2022-05-01,3C,P3,3288.0,95.8,92.9,2.8999999999999915,3.8075718798753257,-0.9075718798753343,0.0,0.0
2022-06-01,3C,P3,3288.0,97.5,93.55000000000001,3.9499999999999886,5.296824045034697,-1.3468240450347082,0.0,0.0
2022-07-01,3C,P3,3288.0,102.0,94.05000000000001,7.949999999999989,3.908843017409808,4.041156982590181,0.0,0.0
2022-08-01,3C,P3,3288.0,100.0,95.1,4.900000000000006,4.021646537124667,0.8783534628753387,0.0,0.0
2022-09-01,3C,P3,3288.0,96.2,95.35,0.8500000000000085,1.9168325150909453,-1.0668325150909368,0.0,0.0
2022-10-01,3C,P3,3288.0,94.2,95.6,-1.3999999999999915,-1.0836130062756126,-0.31638699372437884,0.0,0.0
2022-11-01,3C,P3,3288.0,101.5,95.6,5.900000000000006,2.722868854267446,3.1771311457325595,0.0,0.0
2022-12-01,3C,P3,3288.0,96.7,95.85,0.8500000000000085,-4.00716268388129,4.857162683881299,0.0,0.0
2023-01-01,3C,P3,3330.0,92.9,96.05000000000001,-3.1500000000000057,-5.506346336437403,2.3563463364373973,0.0,0.0
2023-02-01,3C,P3,3330.0,89.3,96.0,-6.700000000000003,-5.361521367716023,-1.3384786322839801,0.0,0.0
2023-03-01,3C,P3,3330.0,95.3,96.0,-0.7000000000000028,-4.281691673182095,3.5816916731820925,0.0,0.0
2023-04-01,3C,P3,3330.0,96.5,96.0,0.5,-1.2957978870469589,1.7957978870469589,0.0,0.0
2023-05-01,3C,P3,3330.0,95.0,96.35,-1.3499999999999943,0.33844951306251403,-1.6884495130625083,0.0,0.0
2023-06-01,3C,P3,3330.0,94.6,96.35,-1.75,2.105373768355207,-3.855373768355207,0.0,0.0
2023-07-01,3C,P3,3330.0,95.6,95.75,-0.15000000000000568,2.770969788885907,-2.9209697888859125,0.0,0.0
2023-08-01,3C,P3,3330.0,95.4,95.44999999999999,-0.04999999999998295,3.135188265243187,-3.18518826524317,0.0,0.0
2023-09-01,3C,P3,3330.0,92.7,95.35,-2.6499999999999915,0.4625470655934407,-3.112547065593432,0.0,0.0
2023-10-01,3C,P3,3330.0,88.5,95.15,-6.650000000000006,-4.20253740778314,-2.4474625922168656,0.0,0.0
2023-11-01,3C,P3,3330.0,93.3,95.15,-1.8500000000000085,-0.9121479936960668,-0.9378520063039417,0.0,0.0
2023-12-01,3C,P3,3330.0,94.5,94.8,-0.29999999999999716,3.094770982061121,-3.394770982061118,0.0,0.0
2024-01-01,3C,P3,3337.0,87.3,94.55,-7.25,-4.678007099547997,-2.5719929004520026,0.0,0.0
2024-02-01,3C,P3,3337.0,82.2,94.55,-12.349999999999994,-8.066926209595309,-4.283073790404686,0.0,0.0
2024-03-01,3C,P3,3337.0,88.5,94.55,-6.049999999999997,-2.0663207301703608,-3.9836792698296364,0.0,0.0
2024-04-01,3C,P3,3337.0,92.9,93.9,-1.0,-1.3156876806178701,0.3156876806178701,0.0,0.0
2024-05-01,3C,P3,3337.0,95.0,93.1,1.9000000000000057,2.846553657251718,-0.9465536572517124,0.0,0.0
2024-06-01,3C,P3,3337.0,96.6,93.1,3.5,3.5301973770254733,-0.030197377025473315,0.0,0.0
2024-07-01,3C,P3,3337.0,97.5,93.1,4.400000000000006,1.7560659344293583,2.6439340655706474,0.0,0.0
2024-08-01,3C,P3,3337.0,97.7,93.1,4.6000000000000085,3.3213672706715016,1.278632729328507,0.0,0.0
2024-09-01,3C,P3,3337.0,86.9,93.1,-6.199999999999989,-0.22300687713322986,-5.976993122866759,0.0,0.0
2024-10-01,3C,P3,3337.0,90.9,93.1,-2.1999999999999886,-0.48206324847386384,-1.7179367515261248,0.0,0.0
2024-11-01,3C,P3,3337.0,93.9,93.1,0.8000000000000114,1.411020230486443,-0.6110202304864316,0.0,0.0
2024-12-01,3C,P3,3337.0,97.4,93.4,4.0,2.0055192230598777,1.9944807769401223,0.0,0.0
2025-01-01,3C,P3,3349.0,93.5,93.4,0.09999999999999432,-3.864208728785343,3.964208728785337,0.0,0.0
2025-02-01,3C,P3,3349.0,92.2,93.7,-1.5,-5.788562832128818,4.288562832128818,0.0,0.0
2025-03-01,3C,P3,3349.0,96.4,93.7,2.700000000000003,-1.5488315282628662,4.248831528262869,0.0,0.0
2025-04-01,3C,P3,3349.0,96.6,94.45,2.1499999999999915,-0.1902169145301542,2.3402169145301457,0.0,0.0
2025-05-01,3C,P3,3349.0,98.0,95.7,2.299999999999997,3.116587780895756,-0.8165877808957589,0.0,0.0
2025-06-01,3C,P3,3349.0,100.0,96.5,3.5,4.399165832765135,-0.8991658327651351,0.0,0.0
2025-07-01,3C,P3,3349.0,99.6,96.5,3.0999999999999943,4.556888425133408,-1.456888425133414,0.0,0.0
2025-08-01,3C,P3,3349.0,100.0,96.5,3.5,4.182845145578327,-0.6828451455783267,0.0,0.0
2025-09-01,3C,P3,3349.0,91.9,96.5,-4.599999999999994,1.9734256330037283,-6.573425633003723,0.0,0.0
2025-10-01,3C,P3,3349.0,95.3,96.5,-1.2000000000000028,-4.165038185158082,2.965038185158079,0.0,0.0
2025-11-01,3C,P3,3349.0,100.9,96.5,4.400000000000006,1.1476831666894185,3.252316833310587,0.0,0.0
2025-12-01,3C,P3,3349.0,100.0,97.0,3.0,2.674922367080086,0.3250776329199141,0.0,0.0
2026-01-01,3C,P3,3371.0,97.4,97.3,0.10000000000000853,-1.8881275518184708,1.9881275518184793,0.0,0.0
2026-02-01,3C,P3,3371.0,96.0,97.7,-1.7000000000000028,-4.347140876342209,2.647140876342206,0.0,0.0
2026-03-01,3C,P3,3371.0,101.3,97.7,3.5999999999999943,-1.6661842624423713,5.266184262442366,0.0,0.0
2026-04-01,3C,P3,3371.0,101.7,98.8,2.9000000000000057,-3.2261287531445646,6.12612875314457,0.0,0.0
2026-05-01,3C,P3,3371.0,101.4,99.8,1.6000000000000085,0.6417257502912719,0.9582742497087366,0.0,0.0
2026-06-01,3C,P3,3371.0,99.3,100.0,-0.7000000000000028,3.1450487282120463,-3.845048728212049,0.0,0.0
2026-07-01,3C,P3,3386.0,98.5,99.8,-1.2999999999999972,3.2509939174965723,-4.5509939174965695,0.0,0.0
1985-01-01,3D,P3,258.0,64.4,,,,,,0.0
1985-02-01,3D,P3,258.0,66.1,,,,,,0.0
1985-03-01,3D,P3,254.0,63.6,,,,,,0.0
1985-04-01,3D,P3,254.0,54.0,,,,,,0.0
1985-05-01,3D,P3,255.0,66.3,,,,,,0.0
1985-06-01,3D,P3,255.0,65.9,,,,,,0.0
1985-07-01,3D,P3,255.0,70.5,,,,,,0.0
1985-08-01,3D,P3,255.0,66.9,,,,,,0.0
1985-09-01,3D,P3,249.0,62.0,,,,,,0.0
1985-10-01,3D,P3,249.0,72.6,,,,,,0.0
1985-11-01,3D,P3,249.0,72.0,,,,,,0.0
1985-12-01,3D,P3,250.0,74.2,,,,,,0.0
1986-01-01,3D,P3,249.0,82.6,66.19999999999999,16.400000000000006,3.3794184225918826,13.020581577408123,0.0,0.0
1986-02-01,3D,P3,252.0,67.6,66.6,1.0,-0.5297312694749365,1.5297312694749365,0.0,0.0
1986-03-01,3D,P3,252.0,49.4,67.25,-17.85,-2.532202086595561,-15.31779791340444,1.0,0.2654275092936803
1986-04-01,3D,P3,252.0,53.6,67.25,-13.649999999999999,3.0102177084676924,-16.66021770846769,1.0,0.20297397769516726
1986-05-01,3D,P3,252.0,70.0,67.25,2.75,7.057715632446346,-4.307715632446346,0.0,0.0
1986-06-01,3D,P3,252.0,73.6,68.8,4.799999999999997,6.515430974419743,-1.7154309744197462,0.0,0.0
1986-07-01,3D,P3,252.0,70.8,70.25,0.5499999999999972,3.5399241831872246,-2.9899241831872274,0.0,0.0
1986-08-01,3D,P3,252.0,70.6,70.4,0.19999999999998863,6.077403834738362,-5.877403834738374,0.0,0.0
1986-09-01,3D,P3,252.0,69.4,70.69999999999999,-1.299999999999983,4.1589583429821175,-5.4589583429821005,0.0,0.0
1986-10-01,3D,P3,252.0,72.8,70.69999999999999,2.1000000000000085,1.4049025435373892,0.6950974564626193,0.0,0.0
1986-11-01,3D,P3,257.0,72.2,70.69999999999999,1.5000000000000142,1.79466009831512,-0.29466009831510576,0.0,0.0
1986-12-01,3D,P3,257.0,66.5,70.69999999999999,-4.199999999999989,0.4101450931230204,-4.610145093123009,0.0,0.0
1987-01-01,3D,P3,255.0,65.3,70.3,-5.0,-2.064585173255125,-2.935414826744875,0.0,0.0
1987-02-01,3D,P3,255.0,63.7,69.7,-6.0,-3.913662311452697,-2.086337688547303,0.0,0.0
1987-03-01,3D,P3,255.0,62.7,69.7,-7.0,-5.172055282045164,-1.8279447179548356,0.0,0.0
1987-04-01,3D,P3,261.0,59.3,69.7,-10.400000000000006,-2.6330799574459434,-7.766920042554062,0.0,0.0
1987-05-01,3D,P3,261.0,62.6,69.7,-7.100000000000001,-1.2674924967919878,-5.832507503208014,0.0,0.0
1987-06-01,3D,P3,261.0,63.8,67.95,-4.150000000000006,2.1091823788544275,-6.259182378854433,0.0,0.0
1987-07-01,3D,P3,261.0,65.2,65.9,-0.7000000000000028,3.4699698314957175,-4.16996983149572,0.0,0.0
1987-08-01,3D,P3,261.0,67.0,65.25,1.75,3.4847209843049995,-1.7347209843049995,0.0,0.0
1987-09-01,3D,P3,261.0,57.6,65.25,-7.649999999999999,2.225835224158331,-9.87583522415833,0.0,0.0
1987-10-01,3D,P3,261.0,56.1,64.5,-8.399999999999999,-0.5397043148731768,-7.860295685126822,0.0,0.0
1987-11-01,3D,P3,261.0,66.8,63.75,3.049999999999997,-0.9557356888449817,4.005735688844979,0.0,0.0
1987-12-01,3D,P3,261.0,66.6,63.75,2.8499999999999943,1.2892766318278603,1.560723368172134,0.0,0.0
1988-01-01,3D,P3,255.0,68.9,63.75,5.150000000000006,0.15671516336347224,4.993284836636533,0.0,0.0
1988-02-01,3D,P3,255.0,64.9,63.75,1.1500000000000057,-1.8875332356537342,3.03753323565374,0.0,0.0
1988-03-01,3D,P3,255.0,66.6,64.35,2.25,0.5893341572292883,1.6606658427707117,0.0,0.0
1988-04-01,3D,P3,255.0,64.9,65.05000000000001,-0.15000000000000568,0.9483000846020104,-1.0983000846020161,0.0,0.0
1988-05-01,3D,P3,255.0,71.2,65.05000000000001,6.1499999999999915,2.103784141442702,4.046215858557289,0.0,0.0
1988-06-01,3D,P3,255.0,72.6,65.9,6.699999999999989,2.093638832375845,4.606361167624144,0.0,0.0
1988-07-01,3D,P3,255.0,71.1,66.6,4.5,2.5434321048283692,1.9565678951716308,0.0,0.0
1988-08-01,3D,P3,255.0,71.9,66.69999999999999,5.200000000000017,3.4706222289040767,1.7293777710959404,0.0,0.0
1988-09-01,3D,P3,255.0,63.8,66.69999999999999,-2.8999999999999915,-0.31863037031827446,-2.581369629681717,0.0,0.0
1988-10-01,3D,P3,255.0,61.1,66.69999999999999,-5.599999999999987,-0.35992451597084596,-5.240075484029141,0.0,0.0
1988-11-01,3D,P3,255.0,69.3,66.69999999999999,2.6000000000000085,0.16059517060720907,2.4394048293927995,0.0,0.0
1988-12-01,3D,P3,255.0,71.1,67.75,3.3499999999999943,1.2065172554753048,2.1434827445246896,0.0,0.0
1989-01-01,3D,P3,255.0,68.4,69.1,-0.6999999999999886,2.269736984831198,-2.9697369848311865,0.0,0.0
1989-02-01,3D,P3,255.0,70.9,68.85,2.0500000000000114,-1.7612451867868089,3.8112451867868202,0.0,0.0
1989-03-01,3D,P3,255.0,71.3,70.1,1.2000000000000028,-0.7554049041973059,1.9554049041973087,0.0,0.0
1989-04-01,3D,P3,255.0,63.2,71.0,-7.799999999999997,-0.9020813561787691,-6.897918643821228,0.0,0.0
1989-05-01,3D,P3,255.0,72.0,71.0,1.0,1.9151160375523801,-0.9151160375523801,0.0,0.0
1989-06-01,3D,P3,255.0,68.3,71.0,-2.700000000000003,5.085430950566874,-7.785430950566877,0.0,0.0
1989-07-01,3D,P3,255.0,66.1,70.1,-4.0,4.378163434643298,-8.378163434643298,0.0,0.0
1989-08-01,3D,P3,255.0,69.4,68.85,0.5500000000000114,4.757523564335017,-4.2075235643350055,0.0,0.0
1989-09-01,3D,P3,255.0,66.4,68.85,-2.4499999999999886,3.881265936515888,-6.3312659365158765,0.0,0.0
1989-10-01,3D,P3,255.0,56.2,68.85,-12.649999999999991,0.3897879640323083,-13.0397879640323,1.0,0.18373275236020323
1989-11-01,3D,P3,255.0,55.7,68.85,-13.149999999999991,-0.03257487330654385,-13.117425126693448,1.0,0.19099491648511246
1989-12-01,3D,P3,271.0,57.9,68.35,-10.449999999999996,-2.1720284790656734,-8.277971520934322,0.0,0.0
1990-01-01,3D,P3,261.0,69.3,67.35,1.9500000000000028,1.581614951387479,0.36838504861252375,0.0,0.0
1990-02-01,3D,P3,261.0,67.3,67.35,-0.04999999999999716,1.6187697258800853,-1.6687697258800824,0.0,0.0
1990-03-01,3D,P3,255.0,71.1,66.85,4.25,-3.1699083007276982,7.419908300727698,0.0,0.0
1990-04-01,3D,P3,255.0,73.9,66.85,7.050000000000011,-2.0899185689859365,9.139918568985948,0.0,0.0
1990-05-01,3D,P3,255.0,68.1,67.8,0.29999999999999716,0.004042411632724452,0.2959575883672727,0.0,0.0
1990-06-01,3D,P3,255.0,70.9,67.69999999999999,3.200000000000017,1.6272695346844301,1.572730465315587,0.0,0.0
1990-07-01,3D,P3,255.0,72.8,67.69999999999999,5.1000000000000085,4.972662091583999,0.12733790841600978,0.0,0.0
1990-08-01,3D,P3,255.0,68.1,68.69999999999999,-0.5999999999999943,3.2019299169562743,-3.8019299169562686,0.0,0.0
1990-09-01,3D,P3,255.0,71.2,68.1,3.1000000000000085,3.6303504011071652,-0.5303504011071567,0.0,0.0
1990-10-01,3D,P3,247.0,71.1,68.69999999999999,2.4000000000000057,-3.965306122660323,6.3653061226603285,0.0,0.0
1990-11-01,3D,P3,247.0,72.0,70.1,1.9000000000000057,-3.255431864665809,5.155431864665815,0.0,0.0
1990-12-01,3D,P3,247.0,70.4,71.0,-0.5999999999999943,-4.639762070911615,4.039762070911621,0.0,0.0
1991-01-01,3D,P3,241.0,73.7,71.0,2.700000000000003,-4.929044213542824,7.6290442135428265,0.0,0.0
1991-02-01,3D,P3,242.0,74.4,71.1,3.3000000000000114,-1.670854802289611,4.970854802289622,0.0,0.0
1991-03-01,3D,P3,242.0,77.3,71.15,6.1499999999999915,-1.4981016708613737,7.648101670861365,0.0,0.0
1991-04-01,3D,P3,242.0,72.9,71.6,1.3000000000000114,-0.09798619526898733,1.3979861952689987,0.0,0.0
1991-05-01,3D,P3,243.0,63.2,71.6,-8.399999999999991,3.015339191201548,-11.41533919120154,1.0,0.11731843575418983
1991-06-01,3D,P3,243.0,77.3,71.6,5.700000000000003,5.324292424798159,0.3757075752018437,0.0,0.0
1991-07-01,3D,P3,243.0,79.9,72.4,7.5,4.323740470846204,3.1762595291537963,0.0,0.0
1991-08-01,3D,P3,243.0,78.8,72.45,6.349999999999994,4.5434308869711515,1.8065691130288428,0.0,0.0
1991-09-01,3D,P3,243.0,67.5,73.30000000000001,-5.800000000000011,3.7865978186086835,-9.586597818608695,0.0,0.0
1991-10-01,3D,P3,243.0,58.6,73.30000000000001,-14.70000000000001,-1.0379432453344037,-13.662056754665606,1.0,0.20054570259208743
1991-11-01,3D,P3,243.0,68.8,73.30000000000001,-4.500000000000014,-0.813569755956479,-3.6864302440435353,0.0,0.0
1991-12-01,3D,P3,243.0,77.3,73.30000000000001,3.999999999999986,2.07150678476323,1.928493215236756,0.0,0.0
1992-01-01,3D,P3,257.0,75.9,74.05000000000001,1.8499999999999943,-2.153875126985895,4.003875126985889,0.0,0.0
1992-02-01,3D,P3,245.0,79.9,75.15,4.75,-4.27925124782071,9.02925124782071,0.0,0.0
1992-03-01,3D,P3,245.0,66.3,76.6,-10.299999999999997,-0.5145356386749427,-9.785464361325054,0.0,0.0
1992-04-01,3D,P3,246.0,75.4,74.4,1.0,-0.37576609886409074,1.3757660988640907,0.0,0.0
1992-05-01,3D,P3,246.0,77.1,75.65,1.4499999999999886,3.377657885260575,-1.9276578852605866,0.0,0.0
1992-06-01,3D,P3,246.0,75.3,76.5,-1.2000000000000028,6.395017998760622,-7.595017998760625,0.0,0.0
1992-07-01,3D,P3,246.0,75.8,75.65,0.14999999999999147,5.860552572240266,-5.710552572240275,0.0,0.0
1992-08-01,3D,P3,246.0,80.9,75.6,5.300000000000011,3.056884578210486,2.2431154217895255,0.0,0.0
1992-09-01,3D,P3,246.0,85.6,75.6,10.0,4.69142788791298,5.30857211208702,0.0,0.0
1992-10-01,3D,P3,246.0,84.4,75.85,8.550000000000011,3.306484611184459,5.243515388815553,0.0,0.0
1992-11-01,3D,P3,246.0,83.5,76.5,7.0,2.324635598731234,4.675364401268766,0.0,0.0
1992-12-01,3D,P3,246.0,82.8,77.19999999999999,5.6000000000000085,-1.661169596942031,7.26116959694204,0.0,0.0
1993-01-01,3D,P3,249.0,82.0,78.5,3.5,-2.4201088664155748,5.920108866415575,0.0,0.0
1993-02-01,3D,P3,249.0,81.5,80.4,1.0999999999999943,-2.6271779867038134,3.7271779867038077,0.0,0.0
1993-03-01,3D,P3,249.0,71.5,81.2,-9.700000000000003,0.07597628938157186,-9.775976289381575,0.0,0.0
1993-04-01,3D,P3,249.0,72.0,81.2,-9.200000000000003,1.988341524542264,-11.188341524542267,1.0,0.11330049261083747
1993-05-01,3D,P3,249.0,82.8,81.2,1.5999999999999943,3.456248221341866,-1.8562482213418718,0.0,0.0
1993-06-01,3D,P3,249.0,84.3,81.75,2.549999999999997,5.336087915725983,-2.786087915725986,0.0,0.0
1993-07-01,3D,P3,249.0,84.0,82.4,1.5999999999999943,5.387771200507956,-3.7877712005079616,0.0,0.0
1993-08-01,3D,P3,249.0,82.8,82.8,0.0,3.001034727403649,-3.001034727403649,0.0,0.0
1993-09-01,3D,P3,249.0,82.3,82.8,-0.5,2.32488638671191,-2.82488638671191,0.0,0.0
1993-10-01,3D,P3,249.0,77.7,82.8,-5.099999999999994,1.1250374272366486,-6.225037427236643,0.0,0.0
1993-11-01,3D,P3,249.0,62.8,82.55,-19.75,0.3829993806863712,-20.13299938068637,1.0,0.23924894003634162
1993-12-01,3D,P3,251.0,76.3,82.15,-5.8500000000000085,-0.7266277160969423,-5.123372283903066,0.0,0.0
1994-01-01,3D,P3,241.0,74.5,81.75,-7.25,-2.084868289382996,-5.165131710617004,0.0,0.0
1994-02-01,3D,P3,211.0,79.2,79.6,-0.3999999999999915,-3.1551670390244055,2.755167039024414,0.0,0.0
1994-03-01,3D,P3,211.0,82.1,78.45,3.6499999999999915,-4.334127715050755,7.984127715050747,0.0,0.0
1994-04-01,3D,P3,211.0,80.1,80.65,-0.5500000000000114,0.512353824148903,-1.0623538241489143,0.0,0.0
1994-05-01,3D,P3,211.0,87.5,81.1,6.400000000000006,3.242904960896226,3.1570950391037798,0.0,0.0
1994-06-01,3D,P3,211.0,88.2,81.1,7.1000000000000085,3.5961068338765045,3.503893166123504,0.0,0.0
1994-07-01,3D,P3,212.0,82.9,81.1,1.8000000000000114,3.3148506156177717,-1.5148506156177604,0.0,0.0
1994-08-01,3D,P3,212.0,86.8,81.1,5.700000000000003,4.230169349963404,1.4698306500365987,0.0,0.0
1994-09-01,3D,P3,212.0,88.9,81.1,7.800000000000011,2.246250296830695,5.553749703169316,0.0,0.0
1994-10-01,3D,P3,212.0,86.6,81.1,5.5,-2.3911517399596676,7.891151739959668,0.0,0.0
1994-11-01,3D,P3,212.0,82.5,82.5,0.0,0.4760509032583684,-0.4760509032583684,0.0,0.0
1994-12-01,3D,P3,212.0,80.9,82.7,-1.7999999999999972,0.11830492387221625,-1.9183049238722134,0.0,0.0
1995-01-01,3D,P3,215.0,78.7,82.7,-4.0,-3.0366052355474267,-0.9633947644525733,0.0,0.0
1995-02-01,3D,P3,215.0,78.7,82.7,-4.0,-3.6401625225276604,-0.35983747747233963,0.0,0.0
1995-03-01,3D,P3,220.0,78.8,82.7,-3.9000000000000057,-5.966108615572182,2.066108615572176,0.0,0.0
1995-04-01,3D,P3,220.0,76.7,82.7,-6.0,-2.143383403474516,-3.856616596525484,0.0,0.0
1995-05-01,3D,P3,220.0,80.0,82.7,-2.700000000000003,1.337832812647278,-4.037832812647281,0.0,0.0
1995-06-01,3D,P3,220.0,82.0,81.7,0.29999999999999716,2.986864399804432,-2.686864399804435,0.0,0.0
1995-07-01,3D,P3,220.0,73.5,81.45,-7.950000000000003,1.4068195312713954,-9.356819531271398,0.0,0.0
1995-08-01,3D,P3,220.0,76.8,80.45,-3.6500000000000057,1.3668641553639418,-5.0168641553639475,0.0,0.0
1995-09-01,3D,P3,220.0,79.8,79.4,0.3999999999999915,2.910940476229996,-2.5109404762300045,0.0,0.0
1995-10-01,3D,P3,220.0,63.9,79.3,-15.399999999999999,-2.14870368864176,-13.251296311358239,1.0,0.19419924337957123
1995-11-01,3D,P3,220.0,77.2,78.75,-1.5499999999999972,-0.5103164611690261,-1.039683538830971,0.0,0.0
1995-12-01,3D,P3,220.0,72.6,78.7,-6.1000000000000085,0.9444343468755392,-7.044434346875548,0.0,0.0
1996-01-01,3D,P3,200.0,84.4,77.95,6.450000000000003,-2.1068500425796515,8.556850042579654,0.0,0.0
1996-02-01,3D,P3,200.0,80.0,77.95,2.049999999999997,-2.538001441794165,4.588001441794162,0.0,0.0
1996-03-01,3D,P3,200.0,83.7,78.0,5.700000000000003,-0.919995983909871,6.619995983909874,0.0,0.0
1996-04-01,3D,P3,200.0,87.5,78.5,9.0,2.3007520242550044,6.699247975744996,0.0,0.0
1996-05-01,3D,P3,200.0,75.7,79.9,-4.200000000000003,2.1062332145862115,-6.306233214586214,0.0,0.0
1996-06-01,3D,P3,200.0,87.3,78.5,8.799999999999997,2.738233913643228,6.061766086356769,0.0,0.0
1996-07-01,3D,P3,200.0,86.6,78.5,8.099999999999994,1.270060345612464,6.82993965438753,0.0,0.0
1996-08-01,3D,P3,200.0,85.5,79.9,5.599999999999994,1.2979568587820438,4.3020431412179505,0.0,0.0
1996-09-01,3D,P3,200.0,86.8,81.85,4.950000000000003,1.7753173567198246,3.1746826432801782,0.0,0.0
1996-10-01,3D,P3,200.0,73.3,84.05000000000001,-10.750000000000014,0.5071915375848306,-11.257191537584845,1.0,0.12790005948839991
1996-11-01,3D,P3,200.0,66.9,84.05000000000001,-17.150000000000006,-0.5715760114305652,-16.57842398856944,1.0,0.2040452111838192
1996-12-01,3D,P3,200.0,84.7,84.05000000000001,0.6499999999999915,-0.4851802054017327,1.1351802054017242,0.0,0.0
1997-01-01,3D,P3,201.0,86.0,84.55000000000001,1.4499999999999886,-5.683388405386182,7.133388405386171,0.0,0.0
1997-02-01,3D,P3,201.0,85.9,85.1,0.8000000000000114,-6.789044631117491,7.589044631117503,0.0,0.0
1997-03-01,3D,P3,201.0,83.5,85.7,-2.200000000000003,-4.24393150998111,2.043931509981107,0.0,0.0
1997-04-01,3D,P3,201.0,71.0,85.7,-14.700000000000003,-2.158671024711296,-12.541328975288707,1.0,0.17152858809801635
1997-05-01,3D,P3,201.0,87.2,85.1,2.1000000000000085,3.0551252185479143,-0.9551252185479058,0.0,0.0
1997-06-01,3D,P3,201.0,88.0,85.7,2.299999999999997,3.3535833514723095,-1.0535833514723123,0.0,0.0
1997-07-01,3D,P3,201.0,86.5,85.7,0.7999999999999972,2.6698974027528237,-1.8698974027528266,0.0,0.0
1997-08-01,3D,P3,201.0,85.6,85.7,-0.10000000000000853,4.4425399972080015,-4.54253999720801,0.0,0.0
1997-09-01,3D,P3,201.0,87.8,85.75,2.049999999999997,5.0840108390008965,-3.0340108390008993,0.0,0.0
1997-10-01,3D,P3,201.0,82.5,85.75,-3.25,2.464776125502624,-5.714776125502624,0.0,0.0
1997-11-01,3D,P3,201.0,87.7,85.75,1.9500000000000028,0.12385636952483026,1.8261436304751726,0.0,0.0
1997-12-01,3D,P3,201.0,85.7,85.95,-0.25,0.8414015916199418,-1.0914015916199418,0.0,0.0
1998-01-01,3D,P3,201.0,84.2,85.95,-1.75,-3.731281795628476,1.981281795628476,0.0,0.0
1998-02-01,3D,P3,201.0,83.4,85.80000000000001,-2.4000000000000057,-6.299894666136481,3.8998946661364755,0.0,0.0
1998-03-01,3D,P3,201.0,87.9,85.65,2.25,-2.3419874799689353,4.591987479968935,0.0,0.0
1998-04-01,3D,P3,201.0,90.3,86.1,4.200000000000003,0.4784273394841847,3.721572660515818,0.0,0.0
1998-05-01,3D,P3,201.0,87.3,86.85,0.45000000000000284,1.275327071587597,-0.8253270715875942,0.0,0.0
1998-06-01,3D,P3,201.0,87.0,86.9,0.09999999999999432,1.86417421357676,-1.7641742135767657,0.0,0.0
1998-07-01,3D,P3,201.0,91.1,86.75,4.349999999999994,2.0503267549477755,2.299673245052219,0.0,0.0
1998-08-01,3D,P3,201.0,87.7,87.15,0.5499999999999972,2.4106758104711616,-1.8606758104711645,0.0,0.0
1998-09-01,3D,P3,201.0,87.1,87.5,-0.4000000000000057,-2.320993909662789,1.9209939096627835,0.0,0.0
1998-10-01,3D,P3,201.0,91.1,87.19999999999999,3.9000000000000057,-7.484719759987229,11.384719759987235,0.0,0.0
1998-11-01,3D,P3,201.0,90.0,87.5,2.5,-1.6915600643901456,4.191560064390146,0.0,0.0
1998-12-01,3D,P3,201.0,85.8,87.5,-1.7000000000000028,-1.0364722287333876,-0.6635277712666152,0.0,0.0
1999-01-01,3D,P3,202.0,88.4,87.5,0.9000000000000057,-4.670101921727351,5.570101921727357,0.0,0.0
1999-02-01,3D,P3,202.0,89.6,87.80000000000001,1.799999999999983,-5.041981842262189,6.841981842262172,0.0,0.0
1999-03-01,3D,P3,202.0,82.6,88.15,-5.550000000000011,-4.116618887777307,-1.4333811122227047,0.0,0.0
1999-04-01,3D,P3,202.0,90.9,88.05000000000001,2.8499999999999943,-0.41492010748530106,3.2649201074852954,0.0,0.0
1999-05-01,3D,P3,202.0,87.0,88.05000000000001,-1.0500000000000114,-0.9984638941545256,-0.051536105845485736,0.0,0.0
1999-06-01,3D,P3,202.0,91.4,88.05000000000001,3.3499999999999943,-1.2518633292066141,4.6018633292066085,0.0,0.0
1999-07-01,3D,P3,202.0,90.6,89.0,1.5999999999999943,0.5955037160234724,1.004496283976522,0.0,0.0
1999-08-01,3D,P3,202.0,89.5,89.0,0.5,1.271357105021508,-0.771357105021508,0.0,0.0
1999-09-01,3D,P3,202.0,91.0,89.55,1.4500000000000028,-0.1559792907974895,1.6059792907974924,0.0,0.0
1999-10-01,3D,P3,202.0,89.4,89.8,-0.3999999999999915,-2.947474704746597,2.5474747047466053,0.0,0.0
1999-11-01,3D,P3,202.0,90.2,89.55,0.6500000000000057,-1.9919799124272686,2.6419799124272743,0.0,0.0
1999-12-01,3D,P3,202.0,86.8,89.55,-2.75,-3.320918038398162,0.5709180383981618,0.0,0.0
2000-01-01,3D,P3,204.0,75.4,89.55,-14.149999999999991,-7.0134854895324,-7.136514510467592,0.0,0.0
2000-02-01,3D,P3,197.0,79.9,89.55,-9.649999999999991,-6.361114860534315,-3.288885139465677,0.0,0.0
2000-03-01,3D,P3,197.0,54.0,89.45,-35.45,-3.0279289394099322,-32.42207106059007,1.0,0.39631078814980436
2000-04-01,3D,P3,197.0,87.3,89.45,-2.1500000000000057,-0.16935984750953992,-1.9806401524904658,0.0,0.0
2000-05-01,3D,P3,197.0,98.0,88.35,9.650000000000006,2.370287800078998,7.279712199921008,0.0,0.0
2000-06-01,3D,P3,197.0,97.6,89.45,8.149999999999991,3.8827664780195335,4.267233521980458,0.0,0.0
2000-07-01,3D,P3,197.0,93.7,89.45,4.25,4.526598689936847,-0.2765986899368471,0.0,0.0
2000-08-01,3D,P3,197.0,96.7,89.45,7.25,3.5311147292024287,3.7188852707975713,0.0,0.0
2000-09-01,3D,P3,197.0,93.3,89.80000000000001,3.499999999999986,1.863294372590488,1.6367056274094978,0.0,0.0
2000-10-01,3D,P3,197.0,93.5,89.80000000000001,3.6999999999999886,-0.09116159454174522,3.791161594541734,0.0,0.0
2000-11-01,3D,P3,197.0,87.2,91.75,-4.549999999999997,0.15813356118280808,-4.708133561182805,0.0,0.0
2000-12-01,3D,P3,197.0,81.6,90.3,-8.700000000000003,1.3237253486224034,-10.023725348622406,1.0,0.09634551495016615
2001-01-01,3D,P3,197.0,95.0,90.3,4.700000000000003,-3.0644353496679884,7.764435349667991,0.0,0.0
2001-02-01,3D,P3,197.0,81.1,93.4,-12.300000000000011,-2.7012653834680833,-9.598734616531928,0.0,0.0
2001-03-01,3D,P3,197.0,89.5,93.4,-3.9000000000000057,-3.820162940761776,-0.07983705923822981,0.0,0.0
2001-04-01,3D,P3,197.0,65.8,93.4,-27.60000000000001,1.6975147663683856,-29.297514766368394,1.0,0.29550321199143476
2001-05-01,3D,P3,197.0,60.8,93.4,-32.60000000000001,2.3687306301680167,-34.968730630168025,1.0,0.34903640256959323
2001-06-01,3D,P3,197.0,71.2,91.4,-20.200000000000003,1.5804831764221774,-21.78048317642218,1.0,0.22100656455142234
2001-07-01,3D,P3,197.0,70.0,88.35,-18.349999999999994,-0.17265136841821516,-18.17734863158178,1.0,0.20769666100735706
2001-08-01,3D,P3,197.0,73.8,84.4,-10.600000000000009,-0.5957843315693623,-10.004215668430646,1.0,0.12559241706161148
2001-09-01,3D,P3,197.0,73.7,81.35,-7.6499999999999915,-1.315326519697578,-6.334673480302413,0.0,0.0
2001-10-01,3D,P3,197.0,67.4,77.44999999999999,-10.049999999999983,-0.8581393931142287,-9.191860606885754,0.0,0.0
2001-11-01,3D,P3,197.0,69.3,73.75,-4.450000000000003,-0.6380762939637776,-3.811923706036225,0.0,0.0
2001-12-01,3D,P3,197.0,64.8,72.45,-7.650000000000006,-2.555984573518657,-5.094015426481349,0.0,0.0
2002-01-01,3D,P3,206.0,61.5,70.6,-9.099999999999994,-4.546323728480857,-4.553676271519137,0.0,0.0
2002-02-01,3D,P3,206.0,69.4,69.65,-0.25,-5.6573526136563,5.4073526136563,0.0,0.0
2002-03-01,3D,P3,206.0,65.0,69.35,-4.349999999999994,-4.393059226213012,0.04305922621301761,0.0,0.0
2002-04-01,3D,P3,206.0,67.7,68.35,-0.6499999999999915,0.7703493231306169,-1.4203493231306084,0.0,0.0
2002-05-01,3D,P3,206.0,66.9,68.5,-1.5999999999999943,-0.7768727333234011,-0.8231272666765932,0.0,0.0
2002-06-01,3D,P3,206.0,65.6,68.5,-2.9000000000000057,0.9667573681492172,-3.866757368149223,0.0,0.0
2002-07-01,3D,P3,206.0,74.6,67.55000000000001,7.049999999999983,1.3169303578891345,5.7330696421108485,0.0,0.0
2002-08-01,3D,P3,206.0,68.7,67.55000000000001,1.1499999999999915,0.7392639298290078,0.4107360701709837,0.0,0.0
2002-09-01,3D,P3,206.0,70.0,67.55000000000001,2.4499999999999886,-1.7691111596484461,4.219111159648435,0.0,0.0
2002-10-01,3D,P3,206.0,70.3,67.55000000000001,2.749999999999986,-4.26052260476817,7.0105226047681555,0.0,0.0
2002-11-01,3D,P3,206.0,68.3,68.2,0.09999999999999432,1.6770098462183256,-1.5770098462183313,0.0,0.0
2002-12-01,3D,P3,206.0,69.7,68.0,1.7000000000000028,0.19261463663748657,1.5073853633625163,0.0,0.0
2003-01-01,3D,P3,211.0,68.5,68.5,0.0,-4.113476375551556,4.113476375551556,0.0,0.0
2003-02-01,3D,P3,211.0,63.8,68.6,-4.799999999999997,-3.870703275127312,-0.9292967248726853,0.0,0.0
2003-03-01,3D,P3,211.0,68.7,68.4,0.29999999999999716,-0.7931596878333096,1.0931596878333067,0.0,0.0
2003-04-01,3D,P3,211.0,67.7,68.6,-0.8999999999999915,2.7897278211229803,-3.689727821122972,0.0,0.0
2003-05-01,3D,P3,211.0,72.2,68.6,3.6000000000000085,4.458536037029361,-0.8585360370293529,0.0,0.0
2003-06-01,3D,P3,211.0,66.3,68.7,-2.4000000000000057,2.777877088907914,-5.17787708890792,0.0,0.0
2003-07-01,3D,P3,211.0,70.4,68.7,1.7000000000000028,2.166651867986019,-0.4666518679860161,0.0,0.0
2003-08-01,3D,P3,211.0,68.8,68.7,0.09999999999999432,3.135830277348333,-3.0358302773483388,0.0,0.0
2003-09-01,3D,P3,211.0,64.4,68.75,-4.349999999999994,1.2278352928725695,-5.577835292872564,0.0,0.0
2003-10-01,3D,P3,211.0,66.5,68.6,-2.0999999999999943,-0.41247731072367344,-1.6875226892763209,0.0,0.0
2003-11-01,3D,P3,211.0,65.2,68.4,-3.200000000000003,0.7756705278242038,-3.9756705278242066,0.0,0.0
2003-12-01,3D,P3,211.0,63.7,68.1,-4.3999999999999915,-0.3491401958442708,-4.050859804155721,0.0,0.0
2004-01-01,3D,P3,211.0,65.5,67.1,-1.5999999999999943,-4.283296713830225,2.683296713830231,0.0,0.0
2004-02-01,3D,P3,211.0,51.3,66.4,-15.100000000000009,-4.517934377811358,-10.58206562218865,1.0,0.22740963855421698
2004-03-01,3D,P3,211.0,47.9,66.4,-18.500000000000007,-4.848882836175505,-13.651117163824502,1.0,0.2786144578313254
2004-04-01,3D,P3,211.0,65.9,65.9,0.0,-0.8758278859428543,0.8758278859428543,0.0,0.0
2004-05-01,3D,P3,211.0,68.7,65.7,3.0,2.5745665941418565,0.4254334058581435,0.0,0.0
2004-06-01,3D,P3,211.0,69.2,65.7,3.5,4.447916025792722,-0.9479160257927219,0.0,0.0
2004-07-01,3D,P3,211.0,75.2,65.7,9.5,3.722665323454109,5.777334676545891,0.0,0.0
2004-08-01,3D,P3,211.0,75.7,65.7,10.0,4.0857156606357705,5.9142843393642295,0.0,0.0
2004-09-01,3D,P3,211.0,68.1,65.7,2.3999999999999915,-2.8994719240276368,5.299471924027628,0.0,0.0
2004-10-01,3D,P3,214.0,69.0,66.2,2.799999999999997,-2.5775261384736297,5.377526138473627,0.0,0.0
2004-11-01,3D,P3,214.0,68.6,67.0,1.5999999999999943,1.5843099232387772,0.015690076761217142,0.0,0.0
2004-12-01,3D,P3,214.0,68.5,68.35,0.15000000000000568,2.2788512022400766,-2.128851202240071,0.0,0.0
2005-01-01,3D,P3,206.0,77.9,68.55,9.350000000000009,-2.099562119439639,11.449562119439648,0.0,0.0
2005-02-01,3D,P3,206.0,75.8,68.65,7.1499999999999915,-2.829120922335477,9.979120922335468,0.0,0.0
2005-03-01,3D,P3,206.0,78.7,68.85,9.850000000000009,-2.6538391705106648,12.503839170510673,0.0,0.0
2005-04-01,3D,P3,206.0,88.8,69.1,19.700000000000003,-0.5947233373289578,20.29472333732896,0.0,0.0
2005-05-01,3D,P3,206.0,88.0,72.2,15.799999999999997,0.6756566743952845,15.124343325604713,0.0,0.0
2005-06-01,3D,P3,206.0,89.5,75.45,14.049999999999997,3.5453758380225366,10.50462416197746,0.0,0.0
2005-07-01,3D,P3,206.0,87.1,75.75,11.349999999999994,0.6632089553397549,10.68679104466024,0.0,0.0
2005-08-01,3D,P3,206.0,86.9,76.85,10.050000000000011,-0.8184605836884344,10.868460583688446,0.0,0.0
2005-09-01,3D,P3,206.0,84.1,78.30000000000001,5.799999999999983,-9.191544312469802,14.991544312469784,0.0,0.0
2005-10-01,3D,P3,206.0,84.9,81.4,3.5,-11.425540310542715,14.925540310542715,0.0,0.0
2005-11-01,3D,P3,206.0,89.7,84.5,5.200000000000003,-3.4685824005281916,8.668582400528194,0.0,0.0
2005-12-01,3D,P3,206.0,81.6,85.9,-4.300000000000011,-2.602369599393299,-1.6976304006067124,0.0,0.0
2006-01-01,3D,P3,219.0,83.6,85.9,-2.3000000000000114,-4.032381491042884,1.7323814910428723,0.0,0.0
2006-02-01,3D,P3,219.0,84.7,85.9,-1.2000000000000028,-4.163386425933595,2.9633864259335922,0.0,0.0
2006-03-01,3D,P3,219.0,83.5,85.9,-2.4000000000000057,-4.318823069770787,1.9188230697707809,0.0,0.0
2006-04-01,3D,P3,219.0,88.7,85.9,2.799999999999997,-1.3219531943121012,4.121953194312098,0.0,0.0
2006-05-01,3D,P3,219.0,84.4,85.9,-1.5,2.561641153328324,-4.061641153328324,0.0,0.0
2006-06-01,3D,P3,219.0,85.2,84.80000000000001,0.3999999999999915,4.360732637429294,-3.9607326374293024,0.0,0.0
2006-07-01,3D,P3,219.0,88.4,84.80000000000001,3.5999999999999943,3.8796418653251976,-0.2796418653252033,0.0,0.0
2006-08-01,3D,P3,219.0,88.4,84.80000000000001,3.5999999999999943,4.543213417098897,-0.943213417098903,0.0,0.0
2006-09-01,3D,P3,219.0,86.0,84.80000000000001,1.1999999999999886,4.368383683835546,-3.1683836838355575,0.0,0.0
2006-10-01,3D,P3,219.0,89.3,85.05000000000001,4.249999999999986,-1.4531368267017086,5.703136826701694,0.0,0.0
2006-11-01,3D,P3,219.0,84.9,85.6,-0.6999999999999886,-1.32102372975325,0.6210237297532615,0.0,0.0
2006-12-01,3D,P3,219.0,83.4,85.05000000000001,-1.6500000000000057,1.8926155541108614,-3.542615554110867,0.0,0.0
2007-01-01,3D,P3,213.0,78.8,85.05000000000001,-6.250000000000014,-1.1324950463783523,-5.117504953621662,0.0,0.0
2007-02-01,3D,P3,213.0,76.4,85.05000000000001,-8.650000000000006,-4.700177756296782,-3.949822243703224,0.0,0.0
2007-03-01,3D,P3,213.0,89.7,85.05000000000001,4.6499999999999915,-2.3389510437717007,6.988951043771692,0.0,0.0
2007-04-01,3D,P3,213.0,82.9,85.6,-2.6999999999999886,-1.2509888769617277,-1.449011123038261,0.0,0.0
2007-05-01,3D,P3,213.0,87.4,85.05000000000001,2.3499999999999943,0.2772066799283124,2.072793320071682,0.0,0.0
2007-06-01,3D,P3,213.0,84.3,85.6,-1.2999999999999972,-0.4593958528907933,-0.8406041471092038,0.0,0.0
2007-07-01,3D,P3,213.0,90.8,85.45,5.349999999999994,2.8845539680305166,2.4654460319694778,0.0,0.0
2007-08-01,3D,P3,213.0,87.2,85.45,1.75,2.504082086230028,-0.7540820862300279,0.0,0.0
2007-09-01,3D,P3,213.0,85.6,85.45,0.14999999999999147,0.5873269681074049,-0.43732696810741345,0.0,0.0
2007-10-01,3D,P3,213.0,80.9,85.25,-4.349999999999994,-0.9131257799010939,-3.4368742200989004,0.0,0.0
2007-11-01,3D,P3,213.0,83.5,84.6,-1.0999999999999943,0.5421610560207455,-1.6421610560207398,0.0,0.0
2007-12-01,3D,P3,213.0,75.8,83.9,-8.100000000000009,0.03356179609686194,-8.13356179609687,0.0,0.0
2008-01-01,3D,P3,213.0,80.6,83.9,-3.3000000000000114,-2.828478713726554,-0.47152128627345746,0.0,0.0
2008-02-01,3D,P3,213.0,80.6,83.9,-3.3000000000000114,-3.6312241238328653,0.33122412383285393,0.0,0.0
2008-03-01,3D,P3,213.0,77.0,83.9,-6.900000000000006,-5.376867277359821,-1.5231327226401845,0.0,0.0
2008-04-01,3D,P3,213.0,83.1,83.2,-0.10000000000000853,-2.4340888995959347,2.334088899595926,0.0,0.0
2008-05-01,3D,P3,213.0,89.7,83.3,6.400000000000006,0.1955366025770644,6.204463397422941,0.0,0.0
2008-06-01,3D,P3,213.0,85.4,83.3,2.1000000000000085,0.9692006301790173,1.1307993698209913,0.0,0.0
2008-07-01,3D,P3,213.0,80.0,83.3,-3.299999999999997,0.09097925409621155,-3.3909792540962087,0.0,0.0
2008-08-01,3D,P3,213.0,72.1,82.0,-9.900000000000006,-1.6088503881525185,-8.291149611847487,0.0,0.0
2008-09-01,3D,P3,213.0,86.2,80.75,5.450000000000003,-13.41859555204428,18.868595552044283,0.0,0.0
2008-10-01,3D,P3,213.0,88.5,80.75,7.75,-1.9275309062004595,9.67753090620046,0.0,0.0
2008-11-01,3D,P3,213.0,73.5,81.85,-8.349999999999994,-0.8558150817393084,-7.494184918260686,0.0,0.0
2008-12-01,3D,P3,213.0,73.9,80.6,-6.699999999999989,-2.0270559503843373,-4.672944049615651,0.0,0.0
2009-01-01,3D,P3,231.0,73.7,80.6,-6.8999999999999915,-3.4817919654750824,-3.418208034524909,0.0,0.0
2009-02-01,3D,P3,231.0,72.8,80.3,-7.5,-4.013498795716018,-3.4865012042839822,0.0,0.0
2009-03-01,3D,P3,231.0,78.6,78.5,0.09999999999999432,-4.060969370636798,4.160969370636792,0.0,0.0
2009-04-01,3D,P3,231.0,69.7,79.3,-9.599999999999994,-2.858830393724176,-6.741169606275818,0.0,0.0
2009-05-01,3D,P3,231.0,78.1,76.25,1.8499999999999943,-0.6518880889116616,2.501888088911656,0.0,0.0
2009-06-01,3D,P3,231.0,75.5,76.0,-0.5,2.025930193064113,-2.525930193064113,0.0,0.0
2009-07-01,3D,P3,231.0,71.5,74.7,-3.200000000000003,0.271491705667799,-3.471491705667802,0.0,0.0
2009-08-01,3D,P3,231.0,52.3,73.80000000000001,-21.500000000000014,0.14533368293153615,-21.64533368293155,1.0,0.29132791327913293
2009-09-01,3D,P3,231.0,54.9,73.80000000000001,-18.900000000000013,0.992129678633134,-19.892129678633147,1.0,0.2560975609756099
2009-10-01,3D,P3,231.0,60.3,73.6,-13.299999999999997,-2.5393707048585696,-10.760629295141428,1.0,0.1807065217391304
2009-11-01,3D,P3,231.0,78.5,73.15,5.349999999999994,-2.905678369743484,8.255678369743478,0.0,0.0
2009-12-01,3D,P3,231.0,80.4,73.25,7.150000000000006,-2.045260143167795,9.1952601431678,0.0,0.0
2010-01-01,3D,P3,235.0,70.0,73.25,-3.25,-2.544076315350978,-0.7059236846490222,0.0,0.0
2010-02-01,3D,P3,235.0,71.1,72.15,-1.0500000000000114,-0.9728210957448766,-0.07717890425513474,0.0,0.0
2010-03-01,3D,P3,235.0,76.0,71.3,4.700000000000003,1.1390421221211682,3.5609578778788347,0.0,0.0
2010-04-01,3D,P3,235.0,79.7,71.3,8.400000000000006,5.683231258784531,2.716768741215475,0.0,0.0
2010-05-01,3D,P3,235.0,83.6,73.5,10.099999999999994,4.576182251267923,5.523817748732071,0.0,0.0
2010-06-01,3D,P3,235.0,86.1,73.5,12.599999999999994,7.009532553880007,5.5904674461199875,0.0,0.0
2010-07-01,3D,P3,235.0,80.2,73.75,6.450000000000003,7.5007543973214155,-1.0507543973214126,0.0,0.0
2010-08-01,3D,P3,235.0,77.2,77.25,-0.04999999999999716,5.4621446439964245,-5.512144643996422,0.0,0.0
2010-09-01,3D,P3,235.0,78.4,77.85,0.5500000000000114,2.37174084871468,-1.8217408487146685,0.0,0.0
2010-10-01,3D,P3,235.0,75.3,78.45,-3.1500000000000057,-2.2929008124657884,-0.8570991875342173,0.0,0.0
2010-11-01,3D,P3,235.0,86.2,78.45,7.75,1.690177690500903,6.059822309499097,0.0,0.0
2010-12-01,3D,P3,235.0,82.5,79.05000000000001,3.4499999999999886,1.9094557576161009,1.5405442423838878,0.0,0.0
2011-01-01,3D,P3,235.0,85.8,79.05000000000001,6.749999999999986,-2.5848725498490808,9.334872549849067,0.0,0.0
2011-02-01,3D,P3,235.0,75.5,79.95,-4.450000000000003,-7.327799764146874,2.8777997641468716,0.0,0.0
2011-03-01,3D,P3,235.0,88.3,79.95,8.349999999999994,-3.0169636588303064,11.3669636588303,0.0,0.0
2011-04-01,3D,P3,235.0,81.3,81.35,-0.04999999999999716,-4.413265175434006,4.363265175434009,0.0,0.0
2011-05-01,3D,P3,235.0,79.0,81.9,-2.9000000000000057,-1.2003964333927684,-1.6996035666072373,0.0,0.0
2011-06-01,3D,P3,235.0,83.1,80.75,2.3499999999999943,3.0888931177295547,-0.7388931177295603,0.0,0.0
2011-07-01,3D,P3,235.0,89.9,80.75,9.150000000000006,4.34010809207696,4.8098919079230456,0.0,0.0
2011-08-01,3D,P3,235.0,90.6,81.9,8.699999999999989,4.380295271419584,4.319704728580405,0.0,0.0
2011-09-01,3D,P3,235.0,88.5,82.8,5.700000000000003,2.8607993025409684,2.8392006974590345,0.0,0.0
2011-10-01,3D,P3,235.0,87.0,84.44999999999999,2.5500000000000114,-1.0681303923017822,3.6181303923017936,0.0,0.0
2011-11-01,3D,P3,235.0,86.7,86.0,0.7000000000000028,1.0873891858996387,-0.3873891858996359,0.0,0.0
2011-12-01,3D,P3,235.0,80.9,86.25,-5.349999999999994,0.33269005987654054,-5.682690059876535,0.0,0.0
2012-01-01,3D,P3,243.0,69.9,86.25,-16.349999999999994,-0.32916998781435325,-16.02083001218564,1.0,0.18956521739130427
2012-02-01,3D,P3,243.0,77.1,84.9,-7.800000000000011,0.4897695021130488,-8.28976950211306,0.0,0.0
2012-03-01,3D,P3,243.0,82.8,84.9,-2.1000000000000085,-0.9341682733947749,-1.1658317266052336,0.0,0.0
2012-04-01,3D,P3,243.0,82.0,82.94999999999999,-0.9499999999999886,0.04029340754989619,-0.9902934075498848,0.0,0.0
2012-05-01,3D,P3,243.0,71.9,82.94999999999999,-11.049999999999983,4.113698504641732,-15.163698504641715,1.0,0.13321277878239884
2012-06-01,3D,P3,243.0,76.4,82.94999999999999,-6.549999999999983,5.767586512812088,-12.31758651281207,1.0,0.07896323086196484
2012-07-01,3D,P3,243.0,79.6,82.4,-2.8000000000000114,5.701832934961772,-8.501832934961783,0.0,0.0
2012-08-01,3D,P3,243.0,77.3,81.45,-4.150000000000006,4.320197952974922,-8.470197952974928,0.0,0.0
2012-09-01,3D,P3,243.0,76.9,80.25,-3.3499999999999943,0.8633927334268634,-4.213392733426858,0.0,0.0
2012-10-01,3D,P3,243.0,73.1,78.44999999999999,-5.349999999999994,0.31574655403017005,-5.665746554030164,0.0,0.0
2012-11-01,3D,P3,243.0,76.9,77.19999999999999,-0.29999999999998295,1.4911961597054813,-1.7911961597054642,0.0,0.0
2012-12-01,3D,P3,243.0,78.3,77.0,1.2999999999999972,2.993988010554702,-1.6939880105547047,0.0,0.0
2013-01-01,3D,P3,243.0,70.2,77.0,-6.799999999999997,-4.301054150965342,-2.498945849034655,0.0,0.0
2013-02-01,3D,P3,243.0,69.4,77.0,-7.599999999999994,-6.435909400926093,-1.1640905990739014,0.0,0.0
2013-03-01,3D,P3,243.0,78.9,76.9,2.0,-4.391741892225056,6.391741892225056,0.0,0.0
2013-04-01,3D,P3,243.0,80.0,76.9,3.0999999999999943,-2.2841748101547807,5.384174810154775,0.0,0.0
2013-05-01,3D,P3,243.0,81.3,76.9,4.3999999999999915,0.12441794500229264,4.275582054997699,0.0,0.0
2013-06-01,3D,P3,243.0,81.4,77.1,4.300000000000011,3.653008314087657,0.6469916859123543,0.0,0.0
2013-07-01,3D,P3,243.0,79.3,77.8,1.5,4.572732235947299,-3.0727322359472993,0.0,0.0
2013-08-01,3D,P3,243.0,79.4,77.8,1.6000000000000085,3.508927600248697,-1.9089276002486883,0.0,0.0
2013-09-01,3D,P3,243.0,79.7,78.6,1.1000000000000085,2.7535011131555365,-1.653501113155528,0.0,0.0
2013-10-01,3D,P3,243.0,74.5,79.1,-4.599999999999994,-1.5120132825487076,-3.0879867174512867,0.0,0.0
2013-11-01,3D,P3,243.0,72.3,79.1,-6.799999999999997,2.1516567511213367,-8.951656751121334,0.0,0.0
2013-12-01,3D,P3,243.0,75.4,79.1,-3.6999999999999886,2.60640406237944,-6.306404062379428,0.0,0.0
2014-01-01,3D,P3,243.0,50.5,79.1,-28.599999999999994,-2.0476621917683104,-26.552337808231684,1.0,0.36156763590391905
2014-02-01,3D,P3,243.0,60.1,79.1,-18.999999999999993,-2.792859112442187,-16.207140887557806,1.0,0.2402022756005056
2014-03-01,3D,P3,243.0,82.6,79.1,3.5,-3.53877556429201,7.03877556429201,0.0,0.0
2014-04-01,3D,P3,243.0,77.9,79.35,-1.4499999999999886,1.2502238171200304,-2.700223817120019,0.0,0.0
2014-05-01,3D,P3,243.0,76.9,78.6,-1.6999999999999886,-0.36476077640813287,-1.3352392235918558,0.0,0.0
2014-06-01,3D,P3,243.0,81.5,77.4,4.099999999999994,-0.31324120252595833,4.413241202525953,0.0,0.0
2014-07-01,3D,P3,243.0,79.8,77.4,2.3999999999999915,4.252851151976785,-1.8528511519767932,0.0,0.0
2014-08-01,3D,P3,243.0,85.7,77.4,8.299999999999997,3.28449501831453,5.015504981685467,0.0,0.0
2014-09-01,3D,P3,243.0,81.8,77.4,4.3999999999999915,1.3394176467065506,3.060582353293441,0.0,0.0
2014-10-01,3D,P3,243.0,78.8,77.4,1.3999999999999915,-2.6601266553334426,4.060126655333434,0.0,0.0
2014-11-01,3D,P3,243.0,84.1,78.35,5.75,1.4840699777208641,4.265930022279136,0.0,0.0
2014-12-01,3D,P3,243.0,81.6,79.3,2.299999999999997,3.620533449613191,-1.320533449613194,0.0,0.0
2015-01-01,3D,P3,243.0,83.2,80.65,2.549999999999997,-2.6911980800303894,5.241198080030387,0.0,0.0
2015-02-01,3D,P3,243.0,83.9,81.55,2.3500000000000085,-3.3310176178191284,5.681017617819137,0.0,0.0
2015-03-01,3D,P3,243.0,81.7,81.69999999999999,1.4210854715202004e-14,-1.9847004794193026,1.9847004794193168,0.0,0.0
2015-04-01,3D,P3,243.0,83.5,81.65,1.8499999999999943,1.5410739863350216,0.30892601366497274,0.0,0.0
2015-05-01,3D,P3,243.0,84.3,81.75,2.549999999999997,1.4759285671822795,1.0740714328177177,0.0,0.0
2015-06-01,3D,P3,243.0,83.6,82.5,1.0999999999999943,1.9511171025490341,-0.8511171025490398,0.0,0.0
2015-07-01,3D,P3,243.0,82.7,83.35,-0.6499999999999915,3.0557377333776543,-3.705737733377646,0.0,0.0
2015-08-01,3D,P3,243.0,80.9,83.35,-2.4499999999999886,1.8056859359291053,-4.255685935929094,0.0,0.0
2015-09-01,3D,P3,243.0,83.2,82.95,0.25,-1.3664700471523759,1.6164700471523759,0.0,0.0
2015-10-01,3D,P3,243.0,83.7,83.2,0.5,-5.391860194227817,5.891860194227817,0.0,0.0
2015-11-01,3D,P3,243.0,86.5,83.35,3.1500000000000057,-0.17437136473932924,3.324371364739335,0.0,0.0
2015-12-01,3D,P3,243.0,85.5,83.35,2.1500000000000057,0.7643563390498116,1.385643660950194,0.0,0.0
2016-01-01,3D,P3,243.0,76.5,83.55,-7.049999999999997,-2.8886621436113273,-4.16133785638867,0.0,0.0
2016-02-01,3D,P3,243.0,74.6,83.55,-8.950000000000003,-3.5245577597056865,-5.425442240294316,0.0,0.0
2016-03-01,3D,P3,243.0,84.7,83.35,1.3500000000000085,-2.9559891412146015,4.30598914121461,0.0,0.0
2016-04-01,3D,P3,243.0,86.3,83.55,2.75,-3.3241915540100706,6.074191554010071,0.0,0.0
2016-05-01,3D,P3,243.0,87.4,83.65,3.75,-1.198061517499255,4.948061517499255,0.0,0.0
2016-06-01,3D,P3,243.0,83.6,83.65,-0.05000000000001137,0.8974965937010779,-0.9474965937010893,0.0,0.0
2016-07-01,3D,P3,243.0,80.3,83.65,-3.3500000000000085,1.9364538985348076,-5.286453898534816,0.0,0.0
2016-08-01,3D,P3,243.0,82.3,83.65,-1.3500000000000085,1.845090582742472,-3.1950905827424805,0.0,0.0
2016-09-01,3D,P3,243.0,80.1,83.65,-3.5500000000000114,0.15866812564314614,-3.7086681256431575,0.0,0.0
2016-10-01,3D,P3,243.0,82.4,83.65,-1.25,-4.723091402132766,3.4730914021327663,0.0,0.0
2016-11-01,3D,P3,243.0,81.5,83.0,-1.5,-0.7153253582996655,-0.7846746417003345,0.0,0.0
2016-12-01,3D,P3,243.0,80.8,82.35,-1.5499999999999972,1.564604565051667,-3.114604565051664,0.0,0.0
2017-01-01,3D,P3,246.0,76.7,81.9,-5.200000000000003,-1.2909573956955285,-3.9090426043044744,0.0,0.0
2017-02-01,3D,P3,246.0,83.1,81.9,1.1999999999999886,-4.720935372813216,5.920935372813204,0.0,0.0
2017-03-01,3D,P3,246.0,65.3,82.35,-17.049999999999997,-1.5336044617988591,-15.516395538201138,1.0,0.20704310868245293
2017-04-01,3D,P3,246.0,71.3,81.9,-10.600000000000009,3.0628079979218796,-13.662807997921888,1.0,0.12942612942612952
2017-05-01,3D,P3,256.0,83.9,81.15,2.75,4.190061117009321,-1.4400611170093214,0.0,0.0
2017-06-01,3D,P3,256.0,83.0,81.15,1.8499999999999943,3.60813550230921,-1.7581355023092158,0.0,0.0
2017-07-01,3D,P3,256.0,84.1,81.15,2.9499999999999886,4.277367966874067,-1.3273679668740783,0.0,0.0
2017-08-01,3D,P3,256.0,82.7,81.9,0.7999999999999972,2.0007160996122764,-1.2007160996122792,0.0,0.0
2017-09-01,3D,P3,256.0,85.9,81.95,3.950000000000003,-5.504625985158484,9.454625985158486,0.0,0.0
2017-10-01,3D,P3,256.0,79.3,82.55000000000001,-3.250000000000014,-2.034401815848369,-1.215598184151645,0.0,0.0
2017-11-01,3D,P3,256.0,82.3,82.1,0.20000000000000284,2.161157463158389,-1.9611574631583863,0.0,0.0
2017-12-01,3D,P3,256.0,79.3,82.5,-3.200000000000003,2.7932826214476307,-5.993282621447634,0.0,0.0
2018-01-01,3D,P3,256.0,69.5,82.5,-13.0,-1.6846375482906666,-11.315362451709333,1.0,0.15757575757575756
2018-02-01,3D,P3,256.0,78.1,82.5,-4.400000000000006,-4.691675561087038,0.2916755610870325,0.0,0.0
2018-03-01,3D,P3,256.0,82.6,80.8,1.7999999999999972,-1.543237473017797,3.343237473017794,0.0,0.0
2018-04-01,3D,P3,256.0,80.7,82.44999999999999,-1.7499999999999858,-0.7025847497531146,-1.0474152502468712,0.0,0.0
2018-05-01,3D,P3,256.0,80.6,82.44999999999999,-1.8499999999999943,0.9766870479464131,-2.8266870479464075,0.0,0.0
2018-06-01,3D,P3,256.0,84.5,81.5,3.0,4.756702102519242,-1.7567021025192417,0.0,0.0
2018-07-01,3D,P3,256.0,83.3,81.5,1.7999999999999972,2.8454057962662205,-1.0454057962662233,0.0,0.0
2018-08-01,3D,P3,256.0,82.7,81.5,1.2000000000000028,4.369430611523725,-3.1694306115237225,0.0,0.0
2018-09-01,3D,P3,256.0,78.9,81.5,-2.5999999999999943,1.1854342670446414,-3.7854342670446357,0.0,0.0
2018-10-01,3D,P3,256.0,76.2,80.65,-4.450000000000003,-2.9346981317058862,-1.5153018682941166,0.0,0.0
2018-11-01,3D,P3,256.0,72.4,80.65,-8.25,1.18699612759319,-9.43699612759319,0.0,0.0
2018-12-01,3D,P3,256.0,81.2,79.94999999999999,1.2500000000000142,2.084207320149261,-0.8342073201492468,0.0,0.0
2019-01-01,3D,P3,256.0,76.2,80.65,-4.450000000000003,-2.350021763275919,-2.099978236724084,0.0,0.0
2019-02-01,3D,P3,256.0,75.6,80.65,-5.050000000000011,-7.418829249053999,2.368829249053988,0.0,0.0
2019-03-01,3D,P3,256.0,60.1,80.65,-20.550000000000004,-6.546741418759993,-14.003258581240011,1.0,0.254804711717297
2019-04-01,3D,P3,256.0,61.0,79.75,-18.75,-4.573494568847721,-14.176505431152279,1.0,0.23510971786833856
2019-05-01,3D,P3,256.0,85.7,77.55000000000001,8.149999999999991,-2.696488880081702,10.846488880081694,0.0,0.0
2019-06-01,3D,P3,256.0,81.9,77.55000000000001,4.349999999999994,1.8820585207223672,2.467941479277627,0.0,0.0
2019-07-01,3D,P3,256.0,84.7,77.55000000000001,7.1499999999999915,1.8091466168465615,5.34085338315343,0.0,0.0
2019-08-01,3D,P3,256.0,82.0,77.55000000000001,4.449999999999989,2.6151703288993104,1.8348296711006782,0.0,0.0
2019-09-01,3D,P3,256.0,75.7,77.55000000000001,-1.8500000000000085,-3.2529140987683007,1.4029140987682922,0.0,0.0
2019-10-01,3D,P3,256.0,81.3,76.2,5.099999999999994,-5.054577595831773,10.154577595831768,0.0,0.0
2019-11-01,3D,P3,256.0,85.7,78.7,7.0,-0.19841831038331748,7.1984183103833175,0.0,0.0
2019-12-01,3D,P3,256.0,81.8,81.25,0.5499999999999972,1.874360678398645,-1.324360678398648,0.0,0.0
2020-01-01,3D,P3,258.0,79.8,81.55,-1.75,-1.7601471672117555,0.010147167211755459,0.0,0.0
2020-02-01,3D,P3,258.0,84.9,81.55,3.3500000000000085,-2.795048236131521,6.1450482361315295,0.0,0.0
2020-03-01,3D,P3,258.0,75.4,81.85,-6.449999999999989,-6.728479939335571,0.27847993933558257,0.0,0.0
2020-04-01,3D,P3,258.0,72.8,81.85,-9.049999999999997,-19.608449374411464,10.558449374411467,0.0,0.0
2020-05-01,3D,P3,258.0,84.1,81.85,2.25,-17.749593955618465,19.999593955618465,0.0,0.0
2020-06-01,3D,P3,258.0,76.3,81.85,-5.549999999999997,-12.53865358825172,6.988653588251722,0.0,0.0
2020-07-01,3D,P3,258.0,79.1,81.55,-2.450000000000003,-8.311379576650793,5.861379576650791,0.0,0.0
2020-08-01,3D,P3,258.0,79.1,80.55,-1.4500000000000028,-7.452153046431349,6.002153046431346,0.0,0.0
2020-09-01,3D,P3,258.0,85.7,79.44999999999999,6.250000000000014,-7.516117990010656,13.76611799001067,0.0,0.0
2020-10-01,3D,P3,258.0,81.4,80.55,0.8500000000000085,-6.021330173764042,6.871330173764051,0.0,0.0
2020-11-01,3D,P3,258.0,77.4,80.6,-3.1999999999999886,0.03481843981231236,-3.234818439812301,0.0,0.0
2020-12-01,3D,P3,258.0,80.8,79.44999999999999,1.3500000000000085,-0.026487466012298455,1.376487466012307,0.0,0.0
2021-01-01,3D,P3,258.0,76.6,79.44999999999999,-2.8499999999999943,3.6241423510696364,-6.474142351069631,0.0,0.0
2021-02-01,3D,P3,258.0,43.8,79.1,-35.3,-8.370016179461572,-26.929983820538425,1.0,0.44627054361567636
2021-03-01,3D,P3,258.0,44.7,78.25,-33.55,3.9445651413525127,-37.49456514135251,1.0,0.4287539936102236
2021-04-01,3D,P3,258.0,65.6,78.25,-12.650000000000006,8.349970844921373,-20.99997084492138,1.0,0.1616613418530352
2021-05-01,3D,P3,258.0,83.3,78.25,5.049999999999997,9.985723243562333,-4.935723243562336,0.0,0.0
2021-06-01,3D,P3,258.0,80.4,78.25,2.1500000000000057,13.169392024765273,-11.019392024765267,1.0,0.0
2021-07-01,3D,P3,258.0,86.6,79.1,7.5,11.447102849337057,-3.947102849337057,0.0,0.0
2021-08-01,3D,P3,258.0,83.0,79.75,3.25,9.763881663206135,-6.513881663206135,0.0,0.0
2021-09-01,3D,P3,258.0,80.7,80.6,0.10000000000000853,4.949066531351733,-4.849066531351724,0.0,0.0
2021-10-01,3D,P3,258.0,76.1,80.55000000000001,-4.450000000000017,1.6196768040674954,-6.069676804067512,0.0,0.0
2021-11-01,3D,P3,258.0,85.9,78.9,7.0,2.9547550627955985,4.0452449372044015,0.0,0.0
2021-12-01,3D,P3,258.0,85.3,80.55000000000001,4.749999999999986,4.509675954944001,0.24032404505598493,0.0,0.0
2022-01-01,3D,P3,260.0,83.5,80.55000000000001,2.9499999999999886,0.9717961709332457,1.978203829066743,0.0,0.0
2022-02-01,3D,P3,260.0,84.4,81.85,2.5500000000000114,-0.11785924044673379,2.667859240446745,0.0,0.0
2022-03-01,3D,P3,260.0,86.2,83.15,3.049999999999997,2.498611347788568,0.5513886522114291,0.0,0.0
2022-04-01,3D,P3,260.0,85.1,83.4,1.6999999999999886,0.8188208344334242,0.8811791655665644,0.0,0.0
2022-05-01,3D,P3,260.0,91.6,83.95,7.6499999999999915,3.8075718798753257,3.8424281201246657,0.0,0.0
2022-06-01,3D,P3,260.0,92.5,84.75,7.75,5.296824045034697,2.453175954965303,0.0,0.0
2022-07-01,3D,P3,260.0,89.9,85.19999999999999,4.700000000000017,3.908843017409808,0.7911569825902092,0.0,0.0
2022-08-01,3D,P3,260.0,88.5,85.19999999999999,3.3000000000000114,4.021646537124667,-0.7216465371246557,0.0,0.0
2022-09-01,3D,P3,260.0,89.1,85.6,3.5,1.9168325150909453,1.5831674849090547,0.0,0.0
2022-10-01,3D,P3,260.0,90.7,86.05000000000001,4.6499999999999915,-1.0836130062756126,5.733613006275604,0.0,0.0
2022-11-01,3D,P3,260.0,86.7,87.35,-0.6499999999999915,2.722868854267446,-3.3728688542674377,0.0,0.0
2022-12-01,3D,P3,260.0,73.6,87.6,-14.0,-4.00716268388129,-9.99283731611871,0.0,0.0
2023-01-01,3D,P3,260.0,75.0,87.6,-12.599999999999994,-5.506346336437403,-7.093653663562591,0.0,0.0
2023-02-01,3D,P3,260.0,78.5,87.6,-9.099999999999994,-5.361521367716023,-3.7384786322839716,0.0,0.0
2023-03-01,3D,P3,260.0,82.2,87.6,-5.3999999999999915,-4.281691673182095,-1.1183083268178962,0.0,0.0
2023-04-01,3D,P3,260.0,67.7,87.6,-19.89999999999999,-1.2957978870469589,-18.604202112953033,1.0,0.22716894977168942
2023-05-01,3D,P3,260.0,83.9,87.6,-3.6999999999999886,0.33844951306251403,-4.038449513062503,0.0,0.0
2023-06-01,3D,P3,260.0,70.7,85.30000000000001,-14.600000000000009,2.105373768355207,-16.705373768355216,1.0,0.1711606096131302
2023-07-01,3D,P3,260.0,85.4,83.05000000000001,2.3499999999999943,2.770969788885907,-0.4209697888859125,0.0,0.0
2023-08-01,3D,P3,260.0,87.8,83.05000000000001,4.749999999999986,3.135188265243187,1.614811734756799,0.0,0.0
2023-09-01,3D,P3,260.0,89.2,83.05000000000001,6.1499999999999915,0.4625470655934407,5.687452934406551,0.0,0.0
2023-10-01,3D,P3,260.0,87.1,83.05000000000001,4.049999999999983,-4.20253740778314,8.252537407783123,0.0,0.0
2023-11-01,3D,P3,260.0,87.9,83.05000000000001,4.849999999999994,-0.9121479936960668,5.762147993696061,0.0,0.0
2023-12-01,3D,P3,260.0,87.8,83.05000000000001,4.749999999999986,3.094770982061121,1.655229017938865,0.0,0.0
2024-01-01,3D,P3,260.0,76.4,84.65,-8.25,-4.678007099547997,-3.5719929004520026,0.0,0.0
2024-02-01,3D,P3,260.0,82.2,84.65,-2.450000000000003,-8.066926209595309,5.616926209595306,0.0,0.0
2024-03-01,3D,P3,260.0,79.5,84.65,-5.150000000000006,-2.0663207301703608,-3.083679269829645,0.0,0.0
2024-04-01,3D,P3,260.0,85.5,84.65,0.8499999999999943,-1.3156876806178701,2.1656876806178644,0.0,0.0
2024-05-01,3D,P3,260.0,88.5,85.45,3.049999999999997,2.846553657251718,0.2034463427482791,0.0,0.0
2024-06-01,3D,P3,260.0,85.0,86.3,-1.2999999999999972,3.5301973770254733,-4.8301973770254705,0.0,0.0
2024-07-01,3D,P3,260.0,81.9,86.3,-4.3999999999999915,1.7560659344293583,-6.15606593442935,0.0,0.0
2024-08-01,3D,P3,260.0,86.1,86.3,-0.20000000000000284,3.3213672706715016,-3.5213672706715045,0.0,0.0
2024-09-01,3D,P3,260.0,82.4,85.8,-3.3999999999999915,-0.22300687713322986,-3.1769931228667616,0.0,0.0
2024-10-01,3D,P3,260.0,84.5,85.25,-0.75,-0.48206324847386384,-0.26793675152613616,0.0,0.0
2024-11-01,3D,P3,260.0,80.9,84.75,-3.8499999999999943,1.411020230486443,-5.261020230486437,0.0,0.0
2024-12-01,3D,P3,260.0,80.5,83.45,-2.950000000000003,2.0055192230598777,-4.955519223059881,0.0,0.0
2025-01-01,3D,P3,260.0,71.0,82.30000000000001,-11.300000000000011,-3.864208728785343,-7.4357912712146685,0.0,0.0
2025-02-01,3D,P3,260.0,70.7,82.30000000000001,-11.600000000000009,-5.788562832128818,-5.8114371678711905,0.0,0.0
2025-03-01,3D,P3,260.0,81.1,82.15,-1.0500000000000114,-1.5488315282628662,0.4988315282628548,0.0,0.0
2025-04-01,3D,P3,260.0,85.9,82.15,3.75,-0.1902169145301542,3.940216914530154,0.0,0.0
2025-05-01,3D,P3,260.0,86.0,82.15,3.8499999999999943,3.116587780895756,0.7334122191042383,0.0,0.0
2025-06-01,3D,P3,260.0,79.7,82.15,-2.450000000000003,4.399165832765135,-6.849165832765138,0.0,0.0
2025-07-01,3D,P3,260.0,86.5,81.5,5.0,4.556888425133408,0.4431115748665917,0.0,0.0
2025-08-01,3D,P3,260.0,85.5,81.75,3.75,4.182845145578327,-0.43284514557832665,0.0,0.0
2025-09-01,3D,P3,260.0,76.9,81.75,-4.849999999999994,1.9734256330037283,-6.823425633003723,0.0,0.0
2025-10-01,3D,P3,260.0,81.5,81.0,0.5,-4.165038185158082,4.665038185158082,0.0,0.0
2025-11-01,3D,P3,260.0,81.6,81.0,0.5999999999999943,1.1476831666894185,-0.5476831666894242,0.0,0.0
2025-12-01,3D,P3,260.0,79.9,81.3,-1.3999999999999915,2.674922367080086,-4.074922367080077,0.0,0.0
2026-01-01,3D,P3,262.0,78.6,81.3,-2.700000000000003,-1.8881275518184708,-0.811872448181532,0.0,0.0
2026-02-01,3D,P3,262.0,66.3,81.3,-15.0,-4.347140876342209,-10.652859123657791,1.0,0.18450184501845018
2026-03-01,3D,P3,260.0,69.8,81.3,-11.5,-1.6661842624423713,-9.833815737557629,0.0,0.0
2026-04-01,3D,P3,260.0,86.8,80.7,6.099999999999994,-3.2261287531445646,9.326128753144559,0.0,0.0
2026-05-01,3D,P3,260.0,91.7,80.7,11.0,0.6417257502912719,10.358274249708728,0.0,0.0
2026-06-01,3D,P3,260.0,90.1,80.7,9.399999999999991,3.1450487282120463,6.254951271787945,0.0,0.0
2026-07-01,3D,P3,260.0,84.4,81.55,2.8500000000000085,3.2509939174965723,-0.40099391749656377,0.0,0.0
1985-01-01,3E,P3,68.0,77.1,,,,,,0.0
1985-02-01,3E,P3,68.0,69.6,,,,,,0.0
1985-03-01,3E,P3,71.0,72.6,,,,,,0.0
1985-04-01,3E,P3,71.0,87.7,,,,,,0.0
1985-05-01,3E,P3,71.0,90.0,,,,,,0.0
1985-06-01,3E,P3,71.0,92.3,,,,,,0.0
1985-07-01,3E,P3,71.0,92.1,,,,,,0.0
1985-08-01,3E,P3,71.0,87.4,,,,,,0.0
1985-09-01,3E,P3,71.0,86.1,,,,,,0.0
1985-10-01,3E,P3,71.0,83.7,,,,,,0.0
1985-11-01,3E,P3,71.0,90.0,,,,,,0.0
1985-12-01,3E,P3,71.0,85.8,,,,,,0.0
1986-01-01,3E,P3,73.0,85.9,86.75,-0.8499999999999943,3.3794184225918826,-4.229418422591877,0.0,0.0
1986-02-01,3E,P3,76.0,80.0,86.75,-6.75,-0.5297312694749365,-6.2202687305250635,0.0,0.0
1986-03-01,3E,P3,76.0,52.1,86.75,-34.65,-2.532202086595561,-32.11779791340444,1.0,0.39942363112391926
1986-04-01,3E,P3,76.0,81.1,86.75,-5.650000000000006,3.0102177084676924,-8.660217708467698,0.0,0.0
1986-05-01,3E,P3,76.0,88.0,86.0,2.0,7.057715632446346,-5.057715632446346,0.0,0.0
1986-06-01,3E,P3,76.0,90.2,86.0,4.200000000000003,6.515430974419743,-2.3154309744197406,0.0,0.0
1986-07-01,3E,P3,76.0,91.6,86.0,5.599999999999994,3.5399241831872246,2.0600758168127697,0.0,0.0
1986-08-01,3E,P3,76.0,91.0,86.0,5.0,6.077403834738362,-1.0774038347383623,0.0,0.0
1986-09-01,3E,P3,76.0,86.9,86.0,0.9000000000000057,4.1589583429821175,-3.258958342982112,0.0,0.0
1986-10-01,3E,P3,76.0,89.6,86.4,3.1999999999999886,1.4049025435373892,1.7950974564625994,0.0,0.0
1986-11-01,3E,P3,76.0,85.2,87.45,-2.25,1.79466009831512,-4.04466009831512,0.0,0.0
1986-12-01,3E,P3,76.0,82.4,86.4,-4.0,0.4101450931230204,-4.41014509312302,0.0,0.0
1987-01-01,3E,P3,76.0,81.8,86.4,-4.6000000000000085,-2.064585173255125,-2.5354148267448835,0.0,0.0
1987-02-01,3E,P3,76.0,69.8,86.05000000000001,-16.250000000000014,-3.913662311452697,-12.336337688547317,1.0,0.1888436955258572
1987-03-01,3E,P3,76.0,86.2,86.05000000000001,0.14999999999999147,-5.172055282045164,5.322055282045156,0.0,0.0
1987-04-01,3E,P3,76.0,89.8,86.55000000000001,3.249999999999986,-2.6330799574459434,5.883079957445929,0.0,0.0
1987-05-01,3E,P3,76.0,90.4,87.45,2.950000000000003,-1.2674924967919878,4.217492496791991,0.0,0.0
1987-06-01,3E,P3,76.0,89.8,88.25,1.5499999999999972,2.1091823788544275,-0.5591823788544303,0.0,0.0
1987-07-01,3E,P3,76.0,91.1,88.25,2.8499999999999943,3.4699698314957175,-0.6199698314957232,0.0,0.0
1987-08-01,3E,P3,76.0,93.7,88.25,5.450000000000003,3.4847209843049995,1.9652790156950033,0.0,0.0
1987-09-01,3E,P3,76.0,87.3,88.25,-0.9500000000000028,2.225835224158331,-3.175835224158334,0.0,0.0
1987-10-01,3E,P3,76.0,92.0,88.44999999999999,3.5500000000000114,-0.5397043148731768,4.089704314873188,0.0,0.0
1987-11-01,3E,P3,76.0,90.8,88.55,2.25,-0.9557356888449817,3.2057356888449817,0.0,0.0
1987-12-01,3E,P3,76.0,89.1,89.8,-0.7000000000000028,1.2892766318278603,-1.9892766318278632,0.0,0.0
1988-01-01,3E,P3,76.0,87.1,89.8,-2.700000000000003,0.15671516336347224,-2.856715163363475,0.0,0.0
1988-02-01,3E,P3,76.0,90.1,89.8,0.29999999999999716,-1.8875332356537342,2.1875332356537314,0.0,0.0
1988-03-01,3E,P3,76.0,95.5,89.94999999999999,5.550000000000011,0.5893341572292883,4.960665842770723,0.0,0.0
1988-04-01,3E,P3,76.0,90.3,90.25,0.04999999999999716,0.9483000846020104,-0.8983000846020133,0.0,0.0
1988-05-01,3E,P3,76.0,87.0,90.35,-3.3499999999999943,2.103784141442702,-5.453784141442696,0.0,0.0
1988-06-01,3E,P3,76.0,89.3,90.19999999999999,-0.8999999999999915,2.093638832375845,-2.9936388323758365,0.0,0.0
1988-07-01,3E,P3,76.0,96.2,90.19999999999999,6.000000000000014,2.5434321048283692,3.456567895171645,0.0,0.0
1988-08-01,3E,P3,76.0,95.8,90.19999999999999,5.6000000000000085,3.4706222289040767,2.129377771095932,0.0,0.0
1988-09-01,3E,P3,76.0,95.5,90.19999999999999,5.300000000000011,-0.31863037031827446,5.618630370318286,0.0,0.0
1988-10-01,3E,P3,76.0,92.4,90.55,1.8500000000000085,-0.35992451597084596,2.2099245159708545,0.0,0.0
1988-11-01,3E,P3,76.0,89.1,90.55,-1.4500000000000028,0.16059517060720907,-1.610595170607212,0.0,0.0
1988-12-01,3E,P3,76.0,88.1,90.19999999999999,-2.0999999999999943,1.2065172554753048,-3.306517255475299,0.0,0.0
1989-01-01,3E,P3,76.0,75.5,90.19999999999999,-14.699999999999989,2.269736984831198,-16.969736984831187,1.0,0.162971175166297
1989-02-01,3E,P3,76.0,65.1,90.19999999999999,-25.099999999999994,-1.7612451867868089,-23.338754813213185,1.0,0.27827050997782704
1989-03-01,3E,P3,76.0,96.9,89.8,7.1000000000000085,-0.7554049041973059,7.855404904197314,0.0,0.0
1989-04-01,3E,P3,76.0,89.5,89.8,-0.29999999999999716,-0.9020813561787691,0.6020813561787719,0.0,0.0
1989-05-01,3E,P3,76.0,101.6,89.4,12.199999999999989,1.9151160375523801,10.284883962447608,0.0,0.0
1989-06-01,3E,P3,76.0,98.2,90.95,7.25,5.085430950566874,2.1645690494331262,0.0,0.0
1989-07-01,3E,P3,76.0,98.7,93.95,4.75,4.378163434643298,0.37183656535670195,0.0,0.0
1989-08-01,3E,P3,76.0,96.6,93.95,2.6499999999999915,4.757523564335017,-2.1075235643350254,0.0,0.0
1989-09-01,3E,P3,76.0,97.3,93.95,3.3499999999999943,3.881265936515888,-0.5312659365158936,0.0,0.0
1989-10-01,3E,P3,76.0,98.1,94.5,3.5999999999999943,0.3897879640323083,3.210212035967686,0.0,0.0
1989-11-01,3E,P3,76.0,96.6,96.75,-0.15000000000000568,-0.03257487330654385,-0.11742512669346183,0.0,0.0
1989-12-01,3E,P3,79.0,93.2,96.75,-3.549999999999997,-2.1720284790656734,-1.3779715209343237,0.0,0.0
1990-01-01,3E,P3,78.0,91.8,96.75,-4.950000000000003,1.581614951387479,-6.531614951387482,0.0,0.0
1990-02-01,3E,P3,78.0,90.7,96.75,-6.049999999999997,1.6187697258800853,-7.668769725880082,0.0,0.0
1990-03-01,3E,P3,78.0,93.8,96.75,-2.950000000000003,-3.1699083007276982,0.2199083007276954,0.0,0.0
1990-04-01,3E,P3,78.0,82.3,96.6,-14.299999999999997,-2.0899185689859365,-12.21008143101406,1.0,0.14803312629399584
1990-05-01,3E,P3,78.0,97.7,96.6,1.1000000000000085,0.004042411632724452,1.095957588367284,0.0,0.0
1990-06-01,3E,P3,78.0,98.5,96.6,1.9000000000000057,1.6272695346844301,0.27273046531557554,0.0,0.0
1990-07-01,3E,P3,78.0,99.8,96.6,3.200000000000003,4.972662091583999,-1.772662091583996,0.0,0.0
1990-08-01,3E,P3,78.0,95.9,96.6,-0.6999999999999886,3.2019299169562743,-3.901929916956263,0.0,0.0
1990-09-01,3E,P3,78.0,95.4,96.25,-0.8499999999999943,3.6303504011071652,-4.4803504011071595,0.0,0.0
1990-10-01,3E,P3,78.0,62.4,95.65,-33.25000000000001,-3.965306122660323,-29.284693877339684,1.0,0.34762153685311037
1990-11-01,3E,P3,78.0,85.4,94.6,-9.199999999999989,-3.255431864665809,-5.94456813533418,0.0,0.0
1990-12-01,3E,P3,78.0,93.3,93.5,-0.20000000000000284,-4.639762070911615,4.439762070911613,0.0,0.0
1991-01-01,3E,P3,79.0,85.9,93.55,-7.6499999999999915,-4.929044213542824,-2.720955786457168,0.0,0.0
1991-02-01,3E,P3,79.0,92.5,93.55,-1.0499999999999972,-1.670854802289611,0.6208548022896139,0.0,0.0
1991-03-01,3E,P3,79.0,95.8,93.55,2.25,-1.4981016708613737,3.7481016708613737,0.0,0.0
1991-04-01,3E,P3,79.0,84.5,94.35,-9.849999999999994,-0.09798619526898733,-9.752013804731007,0.0,0.0
1991-05-01,3E,P3,79.0,98.0,94.35,3.6500000000000057,3.015339191201548,0.6346608087984578,0.0,0.0
1991-06-01,3E,P3,79.0,101.0,94.35,6.650000000000006,5.324292424798159,1.3257075752018466,0.0,0.0
1991-07-01,3E,P3,79.0,97.6,94.35,3.25,4.323740470846204,-1.0737404708462037,0.0,0.0
1991-08-01,3E,P3,79.0,98.7,94.35,4.3500000000000085,4.5434308869711515,-0.19343088697114297,0.0,0.0
1991-09-01,3E,P3,79.0,97.2,94.35,2.8500000000000085,3.7865978186086835,-0.936597818608675,0.0,0.0
1991-10-01,3E,P3,79.0,95.8,94.55,1.25,-1.0379432453344037,2.2879432453344037,0.0,0.0
1991-11-01,3E,P3,79.0,91.6,95.8,-4.200000000000003,-0.813569755956479,-3.386430244043524,0.0,0.0
1991-12-01,3E,P3,79.0,86.8,95.8,-9.0,2.07150678476323,-11.07150678476323,1.0,0.09394572025052192
1992-01-01,3E,P3,98.0,80.3,95.8,-15.5,-2.153875126985895,-13.346124873014105,1.0,0.1617954070981211
1992-02-01,3E,P3,98.0,77.5,95.8,-18.299999999999997,-4.27925124782071,-14.020748752179287,1.0,0.19102296450939454
1992-03-01,3E,P3,98.0,84.5,95.8,-11.299999999999997,-0.5145356386749427,-10.785464361325054,1.0,0.11795407098121083
1992-04-01,3E,P3,98.0,92.9,93.69999999999999,-0.799999999999983,-0.37576609886409074,-0.4242339011358922,0.0,0.0
1992-05-01,3E,P3,98.0,91.8,94.35,-2.549999999999997,3.377657885260575,-5.927657885260572,0.0,0.0
1992-06-01,3E,P3,98.0,89.5,92.35,-2.8499999999999943,6.395017998760622,-9.245017998760616,0.0,0.0
1992-07-01,3E,P3,98.0,88.5,91.69999999999999,-3.1999999999999886,5.860552572240266,-9.060552572240255,0.0,0.0
1992-08-01,3E,P3,98.0,93.5,90.55,2.950000000000003,3.056884578210486,-0.10688457821048303,0.0,0.0
1992-09-01,3E,P3,98.0,89.2,90.55,-1.3499999999999943,4.69142788791298,-6.041427887912974,0.0,0.0
1992-10-01,3E,P3,94.0,95.3,89.35,5.950000000000003,3.306484611184459,2.643515388815544,0.0,0.0
1992-11-01,3E,P3,94.0,96.7,89.35,7.3500000000000085,2.324635598731234,5.025364401268774,0.0,0.0
1992-12-01,3E,P3,94.0,95.4,89.35,6.050000000000011,-1.661169596942031,7.711169596942042,0.0,0.0
1993-01-01,3E,P3,95.0,96.2,90.65,5.549999999999997,-2.4201088664155748,7.970108866415572,0.0,0.0
1993-02-01,3E,P3,98.0,96.0,92.35,3.6500000000000057,-2.6271779867038134,6.277177986703819,0.0,0.0
1993-03-01,3E,P3,98.0,81.8,93.2,-11.400000000000006,0.07597628938157186,-11.475976289381578,1.0,0.12231759656652366
1993-04-01,3E,P3,98.0,100.1,93.2,6.8999999999999915,1.988341524542264,4.9116584754577275,0.0,0.0
1993-05-01,3E,P3,98.0,98.4,94.4,4.0,3.456248221341866,0.5437517786581338,0.0,0.0
1993-06-01,3E,P3,98.0,98.1,95.35,2.75,5.336087915725983,-2.586087915725983,0.0,0.0
1993-07-01,3E,P3,98.0,97.0,95.7,1.2999999999999972,5.387771200507956,-4.087771200507959,0.0,0.0
1993-08-01,3E,P3,98.0,95.7,96.1,-0.3999999999999915,3.001034727403649,-3.4010347274036405,0.0,0.0
1993-09-01,3E,P3,98.0,68.2,96.1,-27.89999999999999,2.32488638671191,-30.2248863867119,1.0,0.2903225806451612
1993-10-01,3E,P3,98.0,84.0,96.1,-12.099999999999994,1.1250374272366486,-13.225037427236643,1.0,0.12591050988553584
1993-11-01,3E,P3,98.0,77.4,96.1,-18.69999999999999,0.3829993806863712,-19.08299938068636,1.0,0.19458896982310084
1993-12-01,3E,P3,98.0,92.4,95.85,-3.4499999999999886,-0.7266277160969423,-2.7233722839030463,0.0,0.0
1994-01-01,3E,P3,95.0,98.7,95.85,2.8500000000000085,-2.084868289382996,4.9348682893830045,0.0,0.0
1994-02-01,3E,P3,95.0,99.6,95.85,3.75,-3.1551670390244055,6.9051670390244055,0.0,0.0
1994-03-01,3E,P3,95.0,89.6,96.35,-6.75,-4.334127715050755,-2.415872284949245,0.0,0.0
1994-04-01,3E,P3,95.0,99.6,96.35,3.25,0.512353824148903,2.737646175851097,0.0,0.0
1994-05-01,3E,P3,95.0,101.4,96.35,5.050000000000011,3.242904960896226,1.8070950391037854,0.0,0.0
1994-06-01,3E,P3,95.0,104.2,96.35,7.8500000000000085,3.5961068338765045,4.253893166123504,0.0,0.0
1994-07-01,3E,P3,95.0,99.2,96.35,2.8500000000000085,3.3148506156177717,-0.4648506156177632,0.0,0.0
1994-08-01,3E,P3,95.0,101.4,97.2,4.200000000000003,4.230169349963404,-0.03016934996340126,0.0,0.0
1994-09-01,3E,P3,95.0,100.5,98.95,1.5499999999999972,2.246250296830695,-0.6962502968306978,0.0,0.0
1994-10-01,3E,P3,95.0,94.8,99.4,-4.6000000000000085,-2.3911517399596676,-2.208848260040341,0.0,0.0
1994-11-01,3E,P3,95.0,102.1,99.4,2.6999999999999886,0.4760509032583684,2.2239490967416202,0.0,0.0
1994-12-01,3E,P3,95.0,96.3,99.6,-3.299999999999997,0.11830492387221625,-3.4183049238722134,0.0,0.0
1995-01-01,3E,P3,95.0,100.0,99.6,0.4000000000000057,-3.0366052355474267,3.4366052355474324,0.0,0.0
1995-02-01,3E,P3,95.0,98.0,99.8,-1.7999999999999972,-3.6401625225276604,1.8401625225276632,0.0,0.0
1995-03-01,3E,P3,95.0,100.7,99.8,0.9000000000000057,-5.966108615572182,6.8661086155721875,0.0,0.0
1995-04-01,3E,P3,95.0,101.2,100.25,0.9500000000000028,-2.143383403474516,3.093383403474519,0.0,0.0
1995-05-01,3E,P3,95.0,103.5,100.6,2.9000000000000057,1.337832812647278,1.5621671873527276,0.0,0.0
1995-06-01,3E,P3,95.0,101.9,100.6,1.3000000000000114,2.986864399804432,-1.6868643998044206,0.0,0.0
1995-07-01,3E,P3,95.0,103.6,100.6,3.0,1.4068195312713954,1.5931804687286046,0.0,0.0
1995-08-01,3E,P3,95.0,100.3,100.95,-0.6500000000000057,1.3668641553639418,-2.0168641553639475,0.0,0.0
1995-09-01,3E,P3,95.0,100.2,100.6,-0.3999999999999915,2.910940476229996,-3.3109404762299874,0.0,0.0
1995-10-01,3E,P3,95.0,101.8,100.5,1.2999999999999972,-2.14870368864176,3.448703688641757,0.0,0.0
1995-11-01,3E,P3,95.0,100.6,100.95,-0.3500000000000085,-0.5103164611690261,0.16031646116901754,0.0,0.0
1995-12-01,3E,P3,95.0,95.0,100.65,-5.650000000000006,0.9444343468755392,-6.594434346875545,0.0,0.0
1996-01-01,3E,P3,95.0,99.1,100.65,-1.5500000000000114,-2.1068500425796515,0.5568500425796401,0.0,0.0
1996-02-01,3E,P3,95.0,89.7,100.65,-10.950000000000003,-2.538001441794165,-8.411998558205838,0.0,0.0
1996-03-01,3E,P3,95.0,91.0,100.65,-9.650000000000006,-0.919995983909871,-8.730004016090135,0.0,0.0
1996-04-01,3E,P3,95.0,97.7,100.44999999999999,-2.749999999999986,2.3007520242550044,-5.05075202425499,0.0,0.0
1996-05-01,3E,P3,95.0,99.9,100.25,-0.3499999999999943,2.1062332145862115,-2.456233214586206,0.0,0.0
1996-06-01,3E,P3,95.0,102.7,100.05000000000001,2.6499999999999915,2.738233913643228,-0.0882339136432364,0.0,0.0
1996-07-01,3E,P3,95.0,103.8,100.05000000000001,3.749999999999986,1.270060345612464,2.479939654387522,0.0,0.0
1996-08-01,3E,P3,95.0,104.1,100.05000000000001,4.049999999999983,1.2979568587820438,2.752043141217939,0.0,0.0
1996-09-01,3E,P3,95.0,101.4,100.05000000000001,1.3499999999999943,1.7753173567198246,-0.4253173567198303,0.0,0.0
1996-10-01,3E,P3,95.0,102.1,100.25,1.8499999999999943,0.5071915375848306,1.3428084624151637,0.0,0.0
1996-11-01,3E,P3,95.0,99.7,100.25,-0.5499999999999972,-0.5715760114305652,0.021576011430568087,0.0,0.0
1996-12-01,3E,P3,95.0,98.3,99.80000000000001,-1.5000000000000142,-0.4851802054017327,-1.0148197945982815,0.0,0.0
1997-01-01,3E,P3,95.0,97.3,99.80000000000001,-2.500000000000014,-5.683388405386182,3.183388405386168,0.0,0.0
1997-02-01,3E,P3,95.0,97.6,99.80000000000001,-2.200000000000017,-6.789044631117491,4.589044631117474,0.0,0.0
1997-03-01,3E,P3,95.0,95.8,99.80000000000001,-4.000000000000014,-4.24393150998111,0.24393150998109547,0.0,0.0
1997-04-01,3E,P3,95.0,92.4,99.80000000000001,-7.400000000000006,-2.158671024711296,-5.24132897528871,0.0,0.0
1997-05-01,3E,P3,95.0,99.0,99.80000000000001,-0.8000000000000114,3.0551252185479143,-3.8551252185479257,0.0,0.0
1997-06-01,3E,P3,95.0,100.4,99.35,1.0500000000000114,3.3535833514723095,-2.303583351472298,0.0,0.0
1997-07-01,3E,P3,95.0,99.7,99.35,0.3500000000000085,2.6698974027528237,-2.319897402752815,0.0,0.0
1997-08-01,3E,P3,95.0,98.2,99.35,-1.1499999999999915,4.4425399972080015,-5.592539997207993,0.0,0.0
1997-09-01,3E,P3,95.0,81.7,98.65,-16.950000000000003,5.0840108390008965,-22.0340108390009,1.0,0.17181956411556007
1997-10-01,3E,P3,95.0,67.2,98.25,-31.049999999999997,2.464776125502624,-33.51477612550262,1.0,0.31603053435114503
1997-11-01,3E,P3,95.0,76.6,97.9,-21.30000000000001,0.12385636952483026,-21.42385636952484,1.0,0.21756894790602666
1997-12-01,3E,P3,95.0,93.7,97.44999999999999,-3.749999999999986,0.8414015916199418,-4.591401591619928,0.0,0.0
1998-01-01,3E,P3,95.0,94.8,96.55,-1.75,-3.731281795628476,1.981281795628476,0.0,0.0
1998-02-01,3E,P3,95.0,95.9,95.3,0.6000000000000085,-6.299894666136481,6.89989466613649,0.0,0.0
1998-03-01,3E,P3,95.0,93.3,95.3,-2.0,-2.3419874799689353,0.3419874799689353,0.0,0.0
1998-04-01,3E,P3,95.0,91.5,94.25,-2.75,0.4784273394841847,-3.2284273394841847,0.0,0.0
1998-05-01,3E,P3,95.0,92.2,94.25,-2.049999999999997,1.275327071587597,-3.325327071587594,0.0,0.0
1998-06-01,3E,P3,95.0,100.8,93.5,7.299999999999997,1.86417421357676,5.435825786423237,0.0,0.0
1998-07-01,3E,P3,95.0,105.3,93.5,11.799999999999997,2.0503267549477755,9.749673245052222,0.0,0.0
1998-08-01,3E,P3,95.0,98.3,93.5,4.799999999999997,2.4106758104711616,2.3893241895288355,0.0,0.0
1998-09-01,3E,P3,95.0,100.2,93.5,6.700000000000003,-2.320993909662789,9.020993909662792,0.0,0.0
1998-10-01,3E,P3,95.0,98.3,94.25,4.049999999999997,-7.484719759987229,11.534719759987226,0.0,0.0
1998-11-01,3E,P3,95.0,96.5,95.35,1.1500000000000057,-1.6915600643901456,2.8415600643901513,0.0,0.0
1998-12-01,3E,P3,95.0,95.6,96.2,-0.6000000000000085,-1.0364722287333876,0.4364722287333791,0.0,0.0
1999-01-01,3E,P3,95.0,94.9,96.2,-1.2999999999999972,-4.670101921727351,3.370101921727354,0.0,0.0
1999-02-01,3E,P3,95.0,96.0,96.2,-0.20000000000000284,-5.041981842262189,4.841981842262186,0.0,0.0
1999-03-01,3E,P3,95.0,96.8,96.25,0.5499999999999972,-4.116618887777307,4.666618887777304,0.0,0.0
1999-04-01,3E,P3,95.0,97.7,96.65,1.0499999999999972,-0.41492010748530106,1.4649201074852982,0.0,0.0
1999-05-01,3E,P3,95.0,99.8,97.25,2.549999999999997,-0.9984638941545256,3.548463894154523,0.0,0.0
1999-06-01,3E,P3,95.0,98.2,98.0,0.20000000000000284,-1.2518633292066141,1.451863329206617,0.0,0.0
1999-07-01,3E,P3,95.0,97.4,97.95,-0.5499999999999972,0.5955037160234724,-1.1455037160234696,0.0,0.0
1999-08-01,3E,P3,95.0,96.1,97.55000000000001,-1.450000000000017,1.271357105021508,-2.721357105021525,0.0,0.0
1999-09-01,3E,P3,95.0,88.1,97.1,-9.0,-0.1559792907974895,-8.84402070920251,0.0,0.0
1999-10-01,3E,P3,95.0,89.4,96.65,-7.25,-2.947474704746597,-4.302525295253403,0.0,0.0
1999-11-01,3E,P3,95.0,96.6,96.3,0.29999999999999716,-1.9919799124272686,2.2919799124272657,0.0,0.0
1999-12-01,3E,P3,95.0,96.0,96.35,-0.3499999999999943,-3.320918038398162,2.9709180383981675,0.0,0.0
2000-01-01,3E,P3,96.0,93.9,96.35,-2.4499999999999886,-7.0134854895324,4.563485489532411,0.0,0.0
2000-02-01,3E,P3,96.0,92.2,96.35,-4.1499999999999915,-6.361114860534315,2.211114860534323,0.0,0.0
2000-03-01,3E,P3,96.0,98.3,96.35,1.9500000000000028,-3.0279289394099322,4.977928939409935,0.0,0.0
2000-04-01,3E,P3,96.0,95.9,96.35,-0.44999999999998863,-0.16935984750953992,-0.2806401524904487,0.0,0.0
2000-05-01,3E,P3,96.0,94.0,96.05,-2.049999999999997,2.370287800078998,-4.420287800078995,0.0,0.0
2000-06-01,3E,P3,96.0,99.1,95.95,3.1499999999999915,3.8827664780195335,-0.732766478019542,0.0,0.0
2000-07-01,3E,P3,96.0,96.8,95.95,0.8499999999999943,4.526598689936847,-3.676598689936853,0.0,0.0
2000-08-01,3E,P3,96.0,95.0,95.95,-0.9500000000000028,3.5311147292024287,-4.481114729202432,0.0,0.0
2000-09-01,3E,P3,96.0,93.9,95.45,-1.5499999999999972,1.863294372590488,-3.413294372590485,0.0,0.0
2000-10-01,3E,P3,96.0,94.7,95.45,-0.75,-0.09116159454174522,-0.6588384054582548,0.0,0.0
2000-11-01,3E,P3,96.0,92.8,95.45,-2.6500000000000057,0.15813356118280808,-2.8081335611828138,0.0,0.0
2000-12-01,3E,P3,96.0,88.5,94.85,-6.349999999999994,1.3237253486224034,-7.673725348622398,0.0,0.0
2001-01-01,3E,P3,96.0,90.1,94.35,-4.25,-3.0644353496679884,-1.1855646503320116,0.0,0.0
2001-02-01,3E,P3,96.0,81.7,94.35,-12.649999999999991,-2.7012653834680833,-9.948734616531908,0.0,0.0
2001-03-01,3E,P3,96.0,90.3,94.35,-4.049999999999997,-3.820162940761776,-0.2298370592382213,0.0,0.0
2001-04-01,3E,P3,96.0,85.3,93.95,-8.650000000000006,1.6975147663683856,-10.347514766368391,1.0,0.09207025013304955
2001-05-01,3E,P3,96.0,89.1,93.35,-4.25,2.3687306301680167,-6.618730630168017,0.0,0.0
2001-06-01,3E,P3,96.0,82.0,91.55,-9.549999999999997,1.5804831764221774,-11.130483176422175,1.0,0.10431458219552155
2001-07-01,3E,P3,96.0,90.1,90.19999999999999,-0.09999999999999432,-0.17265136841821516,0.07265136841822084,0.0,0.0
2001-08-01,3E,P3,96.0,78.7,90.1,-11.399999999999991,-0.5957843315693623,-10.80421566843063,1.0,0.1265260821309655
2001-09-01,3E,P3,96.0,89.6,89.6,0.0,-1.315326519697578,1.315326519697578,0.0,0.0
2001-10-01,3E,P3,96.0,77.0,89.35,-12.349999999999994,-0.8581393931142287,-11.491860606885766,1.0,0.13822048125349742
2001-11-01,3E,P3,96.0,72.4,88.8,-16.39999999999999,-0.6380762939637776,-15.761923706036214,1.0,0.1846846846846846
2001-12-01,3E,P3,96.0,63.5,86.9,-23.400000000000006,-2.555984573518657,-20.84401542648135,1.0,0.2692750287686997
2002-01-01,3E,P3,96.0,88.2,83.65,4.549999999999997,-4.546323728480857,9.096323728480854,0.0,0.0
2002-02-01,3E,P3,96.0,89.7,83.65,6.049999999999997,-5.6573526136563,11.707352613656298,0.0,0.0
2002-03-01,3E,P3,96.0,90.6,86.75,3.8499999999999943,-4.393059226213012,8.243059226213006,0.0,0.0
2002-04-01,3E,P3,96.0,86.2,86.75,-0.5499999999999972,0.7703493231306169,-1.320349323130614,0.0,0.0
2002-05-01,3E,P3,96.0,93.3,87.2,6.099999999999994,-0.7768727333234011,6.876872733323395,0.0,0.0
2002-06-01,3E,P3,96.0,90.6,87.2,3.3999999999999915,0.9667573681492172,2.4332426318507743,0.0,0.0
2002-07-01,3E,P3,96.0,85.6,88.9,-3.3000000000000114,1.3169303578891345,-4.616930357889146,0.0,0.0
2002-08-01,3E,P3,96.0,77.2,87.2,-10.0,0.7392639298290078,-10.739263929829008,1.0,0.1146788990825688
2002-09-01,3E,P3,96.0,82.0,87.2,-5.200000000000003,-1.7691111596484461,-3.4308888403515567,0.0,0.0
2002-10-01,3E,P3,96.0,90.8,85.9,4.8999999999999915,-4.26052260476817,9.160522604768161,0.0,0.0
2002-11-01,3E,P3,96.0,92.3,87.2,5.099999999999994,1.6770098462183256,3.4229901537816687,0.0,0.0
2002-12-01,3E,P3,96.0,90.6,88.95,1.6499999999999915,0.19261463663748657,1.457385363362505,0.0,0.0
2003-01-01,3E,P3,96.0,88.5,90.15,-1.6500000000000057,-4.113476375551556,2.4634763755515507,0.0,0.0
2003-02-01,3E,P3,96.0,85.3,90.15,-4.8500000000000085,-3.870703275127312,-0.9792967248726967,0.0,0.0
2003-03-01,3E,P3,96.0,81.4,89.55,-8.149999999999991,-0.7931596878333096,-7.356840312166682,0.0,0.0
2003-04-01,3E,P3,96.0,90.6,87.35,3.25,2.7897278211229803,0.46027217887701966,0.0,0.0
2003-05-01,3E,P3,96.0,90.9,89.55,1.3500000000000085,4.458536037029361,-3.108536037029353,0.0,0.0
2003-06-01,3E,P3,96.0,89.8,89.55,0.25,2.777877088907914,-2.527877088907914,0.0,0.0
2003-07-01,3E,P3,96.0,89.4,89.15,0.25,2.166651867986019,-1.916651867986019,0.0,0.0
2003-08-01,3E,P3,96.0,84.5,89.6,-5.099999999999994,3.135830277348333,-8.235830277348327,0.0,0.0
2003-09-01,3E,P3,96.0,86.8,89.6,-2.799999999999997,1.2278352928725695,-4.027835292872567,0.0,0.0
2003-10-01,3E,P3,96.0,87.4,89.6,-2.1999999999999886,-0.41247731072367344,-1.7875226892763152,0.0,0.0
2003-11-01,3E,P3,96.0,73.0,88.95,-15.950000000000003,0.7756705278242038,-16.725670527824207,1.0,0.1793142214727375
2003-12-01,3E,P3,96.0,71.2,87.95,-16.75,-0.3491401958442708,-16.40085980415573,1.0,0.19044911881750995
2004-01-01,3E,P3,96.0,86.9,87.1,-0.19999999999998863,-4.283296713830225,4.0832967138302365,0.0,0.0
2004-02-01,3E,P3,96.0,93.9,86.85,7.050000000000011,-4.517934377811358,11.567934377811369,0.0,0.0
2004-03-01,3E,P3,113.0,77.8,87.15,-9.350000000000009,-4.848882836175505,-4.501117163824503,0.0,0.0
2004-04-01,3E,P3,113.0,79.4,87.15,-7.75,-0.8758278859428543,-6.874172114057146,0.0,0.0
2004-05-01,3E,P3,113.0,89.2,86.85,2.3500000000000085,2.5745665941418565,-0.22456659414184799,0.0,0.0
2004-06-01,3E,P3,113.0,87.7,86.85,0.8500000000000085,4.447916025792722,-3.5979160257927134,0.0,0.0
2004-07-01,3E,P3,113.0,78.8,86.85,-8.049999999999997,3.722665323454109,-11.772665323454106,1.0,0.09268854346574551
2004-08-01,3E,P3,113.0,83.1,85.65,-2.5500000000000114,4.0857156606357705,-6.635715660635782,0.0,0.0
2004-09-01,3E,P3,113.0,84.1,84.94999999999999,-0.8499999999999943,-2.8994719240276368,2.0494719240276424,0.0,0.0
2004-10-01,3E,P3,113.0,86.9,83.6,3.3000000000000114,-2.5775261384736297,5.877526138473641,0.0,0.0
2004-11-01,3E,P3,113.0,82.9,83.6,-0.6999999999999886,1.5843099232387772,-2.284309923238766,0.0,0.0
2004-12-01,3E,P3,113.0,88.3,83.6,4.700000000000003,2.2788512022400766,2.421148797759926,0.0,0.0
2005-01-01,3E,P3,113.0,86.0,85.5,0.5,-2.099562119439639,2.599562119439639,0.0,0.0
2005-02-01,3E,P3,113.0,83.7,85.05,-1.3499999999999943,-2.829120922335477,1.4791209223354826,0.0,0.0
2005-03-01,3E,P3,113.0,87.7,83.9,3.799999999999997,-2.6538391705106648,6.453839170510662,0.0,0.0
2005-04-01,3E,P3,113.0,87.8,85.05,2.75,-0.5947233373289578,3.3447233373289578,0.0,0.0
2005-05-01,3E,P3,113.0,86.7,86.45,0.25,0.6756566743952845,-0.42565667439528454,0.0,0.0
2005-06-01,3E,P3,113.0,80.9,86.35,-5.449999999999989,3.5453758380225366,-8.995375838022525,0.0,0.0
2005-07-01,3E,P3,113.0,83.5,85.05,-1.5499999999999972,0.6632089553397549,-2.213208955339752,0.0,0.0
2005-08-01,3E,P3,113.0,85.5,85.05,0.45000000000000284,-0.8184605836884344,1.2684605836884373,0.0,0.0
2005-09-01,3E,P3,113.0,86.8,85.75,1.0499999999999972,-9.191544312469802,10.241544312469799,0.0,0.0
2005-10-01,3E,P3,113.0,84.5,86.35,-1.8499999999999943,-11.425540310542715,9.57554031054272,0.0,0.0
2005-11-01,3E,P3,113.0,81.2,85.75,-4.549999999999997,-3.4685824005281916,-1.0814175994718056,0.0,0.0
2005-12-01,3E,P3,113.0,75.7,85.75,-10.049999999999997,-2.602369599393299,-7.447630400606698,0.0,0.0
2006-01-01,3E,P3,113.0,88.0,85.0,3.0,-4.032381491042884,7.032381491042884,0.0,0.0
2006-02-01,3E,P3,113.0,84.6,85.0,-0.4000000000000057,-4.163386425933595,3.7633864259335894,0.0,0.0
2006-03-01,3E,P3,113.0,79.9,85.05,-5.1499999999999915,-4.318823069770787,-0.8311769302292049,0.0,0.0
2006-04-01,3E,P3,113.0,84.9,84.55,0.3500000000000085,-1.3219531943121012,1.6719531943121098,0.0,0.0
2006-05-01,3E,P3,113.0,74.8,84.55,-9.75,2.561641153328324,-12.311641153328324,1.0,0.1153163808397398
2006-06-01,3E,P3,113.0,66.2,84.0,-17.799999999999997,4.360732637429294,-22.16073263742929,1.0,0.21190476190476187
2006-07-01,3E,P3,113.0,80.9,84.0,-3.0999999999999943,3.8796418653251976,-6.979641865325192,0.0,0.0
2006-08-01,3E,P3,113.0,87.7,82.85,4.8500000000000085,4.543213417098897,0.30678658290111116,0.0,0.0
2006-09-01,3E,P3,113.0,88.5,82.85,5.650000000000006,4.368383683835546,1.2816163161644596,0.0,0.0
2006-10-01,3E,P3,113.0,91.2,82.85,8.350000000000009,-1.4531368267017086,9.803136826701717,0.0,0.0
2006-11-01,3E,P3,113.0,90.0,82.9,7.099999999999994,-1.32102372975325,8.421023729753244,0.0,0.0
2006-12-01,3E,P3,113.0,96.0,84.75,11.25,1.8926155541108614,9.357384445889139,0.0,0.0
2007-01-01,3E,P3,122.0,79.6,86.30000000000001,-6.700000000000017,-1.1324950463783523,-5.567504953621665,0.0,0.0
2007-02-01,3E,P3,122.0,83.7,84.75,-1.0499999999999972,-4.700177756296782,3.6501777562967845,0.0,0.0
2007-03-01,3E,P3,122.0,86.3,84.30000000000001,1.9999999999999858,-2.3389510437717007,4.3389510437716865,0.0,0.0
2007-04-01,3E,P3,122.0,89.9,85.6,4.300000000000011,-1.2509888769617277,5.550988876961739,0.0,0.0
2007-05-01,3E,P3,122.0,87.2,87.0,0.20000000000000284,0.2772066799283124,-0.07720667992830954,0.0,0.0
2007-06-01,3E,P3,122.0,90.1,87.45,2.6499999999999915,-0.4593958528907933,3.109395852890785,0.0,0.0
2007-07-01,3E,P3,122.0,87.1,88.1,-1.0,2.8845539680305166,-3.8845539680305166,0.0,0.0
2007-08-01,3E,P3,122.0,77.0,88.1,-11.099999999999994,2.504082086230028,-13.604082086230022,1.0,0.12599318955732117
2007-09-01,3E,P3,122.0,90.6,87.85,2.75,0.5873269681074049,2.162673031892595,0.0,0.0
2007-10-01,3E,P3,122.0,91.8,88.55000000000001,3.249999999999986,-0.9131257799010939,4.16312577990108,0.0,0.0
2007-11-01,3E,P3,122.0,96.0,88.55000000000001,7.449999999999989,0.5421610560207455,6.907838943979243,0.0,0.0
2007-12-01,3E,P3,122.0,87.0,88.55000000000001,-1.5500000000000114,0.03356179609686194,-1.5835617960968733,0.0,0.0
2008-01-01,3E,P3,122.0,89.2,87.15,2.049999999999997,-2.828478713726554,4.878478713726551,0.0,0.0
2008-02-01,3E,P3,122.0,89.3,88.2,1.0999999999999943,-3.6312241238328653,4.73122412383286,0.0,0.0
2008-03-01,3E,P3,122.0,94.9,89.25,5.650000000000006,-5.376867277359821,11.026867277359827,0.0,0.0
2008-04-01,3E,P3,122.0,97.9,89.6,8.300000000000011,-2.4340888995959347,10.734088899595946,0.0,0.0
2008-05-01,3E,P3,122.0,75.4,89.69999999999999,-14.299999999999983,0.1955366025770644,-14.495536602577047,1.0,0.15942028985507228
2008-06-01,3E,P3,122.0,85.9,89.69999999999999,-3.799999999999983,0.9692006301790173,-4.769200630179,0.0,0.0
2008-07-01,3E,P3,122.0,83.5,89.25,-5.75,0.09097925409621155,-5.8409792540962115,0.0,0.0
2008-08-01,3E,P3,122.0,90.6,89.25,1.3499999999999943,-1.6088503881525185,2.958850388152513,0.0,0.0
2008-09-01,3E,P3,122.0,89.3,89.94999999999999,-0.6499999999999915,-13.41859555204428,12.768595552044289,0.0,0.0
2008-10-01,3E,P3,122.0,90.9,89.3,1.6000000000000085,-1.9275309062004595,3.527530906200468,0.0,0.0
2008-11-01,3E,P3,122.0,91.3,89.3,2.0,-0.8558150817393084,2.8558150817393084,0.0,0.0
2008-12-01,3E,P3,122.0,81.3,89.3,-8.0,-2.0270559503843373,-5.972944049615663,0.0,0.0
2009-01-01,3E,P3,133.0,61.4,89.3,-27.9,-3.4817919654750824,-24.418208034524916,1.0,0.3124300111982083
2009-02-01,3E,P3,133.0,43.0,89.3,-46.3,-4.013498795716018,-42.28650120428398,1.0,0.5184770436730123
2009-03-01,3E,P3,133.0,79.7,87.6,-7.8999999999999915,-4.060969370636798,-3.8390306293631937,0.0,0.0
2009-04-01,3E,P3,133.0,85.2,84.7,0.5,-2.858830393724176,3.358830393724176,0.0,0.0
2009-05-01,3E,P3,133.0,86.2,84.35,1.8500000000000085,-0.6518880889116616,2.50188808891167,0.0,0.0
2009-06-01,3E,P3,133.0,83.1,85.55000000000001,-2.450000000000017,2.025930193064113,-4.47593019306413,0.0,0.0
2009-07-01,3E,P3,133.0,82.7,84.35,-1.6499999999999915,0.271491705667799,-1.9214917056677905,0.0,0.0
2009-08-01,3E,P3,133.0,84.2,84.15,0.04999999999999716,0.14533368293153615,-0.09533368293153899,0.0,0.0
2009-09-01,3E,P3,133.0,85.8,83.65,2.1499999999999915,0.992129678633134,1.1578703213668575,0.0,0.0
2009-10-01,3E,P3,133.0,81.2,83.65,-2.450000000000003,-2.5393707048585696,0.0893707048585668,0.0,0.0
2009-11-01,3E,P3,133.0,83.4,82.9,0.5,-2.905678369743484,3.405678369743484,0.0,0.0
2009-12-01,3E,P3,133.0,73.1,82.9,-9.800000000000011,-2.045260143167795,-7.754739856832217,0.0,0.0
2010-01-01,3E,P3,143.0,64.0,82.9,-18.900000000000006,-2.544076315350978,-16.355923684649028,1.0,0.2279855247285887
2010-02-01,3E,P3,143.0,68.4,82.9,-14.5,-0.9728210957448766,-13.527178904255123,1.0,0.1749095295536791
2010-03-01,3E,P3,143.0,72.8,82.9,-10.100000000000009,1.1390421221211682,-11.239042122121177,1.0,0.12183353437876969
2010-04-01,3E,P3,143.0,76.0,82.9,-6.900000000000006,5.683231258784531,-12.583231258784537,1.0,0.0832328106151991
2010-05-01,3E,P3,143.0,69.7,81.95,-12.25,4.576182251267923,-16.826182251267923,1.0,0.14948139109212935
2010-06-01,3E,P3,143.0,73.3,78.6,-5.299999999999997,7.009532553880007,-12.309532553880004,1.0,0.06743002544529259
2010-07-01,3E,P3,143.0,78.5,74.65,3.8499999999999943,7.5007543973214155,-3.650754397321421,0.0,0.0
2010-08-01,3E,P3,143.0,73.6,74.65,-1.0500000000000114,5.4621446439964245,-6.512144643996436,0.0,0.0
2010-09-01,3E,P3,143.0,72.1,73.44999999999999,-1.3499999999999943,2.37174084871468,-3.721740848714674,0.0,0.0
2010-10-01,3E,P3,143.0,76.5,73.19999999999999,3.3000000000000114,-2.2929008124657884,5.5929008124658,0.0,0.0
2010-11-01,3E,P3,143.0,78.3,73.19999999999999,5.1000000000000085,1.690177690500903,3.4098223094991056,0.0,0.0
2010-12-01,3E,P3,143.0,78.8,73.19999999999999,5.6000000000000085,1.9094557576161009,3.6905442423839077,0.0,0.0
2011-01-01,3E,P3,143.0,70.2,73.44999999999999,-3.249999999999986,-2.5848725498490808,-0.665127450150905,0.0,0.0
2011-02-01,3E,P3,143.0,50.9,73.44999999999999,-22.54999999999999,-7.327799764146874,-15.222200235853116,1.0,0.3070115724982981
2011-03-01,3E,P3,143.0,70.6,73.44999999999999,-2.8499999999999943,-3.0169636588303064,0.16696365883031206,0.0,0.0
2011-04-01,3E,P3,143.0,72.2,73.44999999999999,-1.2499999999999858,-4.413265175434006,3.16326517543402,0.0,0.0
2011-05-01,3E,P3,143.0,75.2,72.75,2.450000000000003,-1.2003964333927684,3.650396433392771,0.0,0.0
2011-06-01,3E,P3,143.0,78.7,73.44999999999999,5.250000000000014,3.0888931177295547,2.1611068822704596,0.0,0.0
2011-07-01,3E,P3,143.0,77.9,74.4,3.5,4.34010809207696,-0.8401080920769601,0.0,0.0
2011-08-01,3E,P3,143.0,82.0,74.4,7.599999999999994,4.380295271419584,3.2197047285804103,0.0,0.0
2011-09-01,3E,P3,143.0,79.9,75.85,4.050000000000011,2.8607993025409684,1.189200697459043,0.0,0.0
2011-10-01,3E,P3,143.0,78.6,77.2,1.3999999999999915,-1.0681303923017822,2.4681303923017737,0.0,0.0
2011-11-01,3E,P3,143.0,78.8,78.1,0.7000000000000028,1.0873891858996387,-0.3873891858996359,0.0,0.0
2011-12-01,3E,P3,143.0,69.0,78.25,-9.25,0.33269005987654054,-9.58269005987654,0.0,0.0
2012-01-01,3E,P3,143.0,71.7,76.55000000000001,-4.8500000000000085,-0.32916998781435325,-4.520830012185655,0.0,0.0
2012-02-01,3E,P3,143.0,62.8,76.55000000000001,-13.750000000000014,0.4897695021130488,-14.239769502113063,1.0,0.17962116263879832
2012-03-01,3E,P3,143.0,80.6,76.55000000000001,4.049999999999983,-0.9341682733947749,4.984168273394758,0.0,0.0
2012-04-01,3E,P3,143.0,70.3,78.25,-7.950000000000003,0.04029340754989619,-7.990293407549899,0.0,0.0
2012-05-01,3E,P3,143.0,86.6,78.25,8.349999999999994,4.113698504641732,4.236301495358262,0.0,0.0
2012-06-01,3E,P3,143.0,86.3,78.65,7.6499999999999915,5.767586512812088,1.882413487187904,0.0,0.0
2012-07-01,3E,P3,143.0,87.9,78.69999999999999,9.200000000000017,5.701832934961772,3.4981670650382455,0.0,0.0
2012-08-01,3E,P3,143.0,86.0,79.35,6.650000000000006,4.320197952974922,2.3298020470250833,0.0,0.0
2012-09-01,3E,P3,143.0,77.2,79.35,-2.1499999999999915,0.8633927334268634,-3.013392733426855,0.0,0.0
2012-10-01,3E,P3,143.0,75.9,78.69999999999999,-2.799999999999983,0.31574655403017005,-3.115746554030153,0.0,0.0
2012-11-01,3E,P3,143.0,89.3,78.0,11.299999999999997,1.4911961597054813,9.808803840294516,0.0,0.0
2012-12-01,3E,P3,126.0,99.9,78.9,21.0,2.993988010554702,18.006011989445298,0.0,0.0
2013-01-01,3E,P3,127.0,60.4,83.3,-22.9,-4.301054150965342,-18.598945849034656,1.0,0.27490996398559425
2013-02-01,3E,P3,127.0,61.5,83.3,-21.799999999999997,-6.435909400926093,-15.364090599073904,1.0,0.2617046818727491
2013-03-01,3E,P3,127.0,100.3,83.3,17.0,-4.391741892225056,21.391741892225056,0.0,0.0
2013-04-01,3E,P3,127.0,103.5,86.15,17.349999999999994,-2.2841748101547807,19.634174810154775,0.0,0.0
2013-05-01,3E,P3,127.0,102.2,86.44999999999999,15.750000000000014,0.12441794500229264,15.625582054997722,0.0,0.0
2013-06-01,3E,P3,127.0,100.8,87.1,13.700000000000003,3.653008314087657,10.046991685912346,0.0,0.0
2013-07-01,3E,P3,127.0,96.4,88.6,7.800000000000011,4.572732235947299,3.227267764052712,0.0,0.0
2013-08-01,3E,P3,127.0,100.4,92.85,7.550000000000011,3.508927600248697,4.0410723997513145,0.0,0.0
2013-09-01,3E,P3,127.0,99.9,98.15,1.75,2.7535011131555365,-1.0035011131555365,0.0,0.0
2013-10-01,3E,P3,127.0,86.7,99.9,-13.200000000000003,-1.5120132825487076,-11.687986717451295,1.0,0.13213213213213215
2013-11-01,3E,P3,127.0,72.0,99.9,-27.900000000000006,2.1516567511213367,-30.051656751121342,1.0,0.2792792792792793
2013-12-01,3E,P3,127.0,71.7,99.9,-28.200000000000003,2.60640406237944,-30.806404062379443,1.0,0.2822822822822823
2014-01-01,3E,P3,131.0,85.5,98.15,-12.650000000000006,-2.0476621917683104,-10.602337808231695,1.0,0.1288843606724402
2014-02-01,3E,P3,131.0,99.5,98.15,1.3499999999999943,-2.792859112442187,4.142859112442181,0.0,0.0
2014-03-01,3E,P3,131.0,95.4,99.7,-4.299999999999997,-3.53877556429201,-0.7612244357079874,0.0,0.0
2014-04-01,3E,P3,131.0,94.9,97.95,-3.049999999999997,1.2502238171200304,-4.3002238171200275,0.0,0.0
2014-05-01,3E,P3,131.0,98.4,95.9,2.5,-0.36476077640813287,2.864760776408133,0.0,0.0
2014-06-01,3E,P3,131.0,97.7,95.9,1.7999999999999972,-0.31324120252595833,2.1132412025259555,0.0,0.0
2014-07-01,3E,P3,131.0,92.7,95.9,-3.200000000000003,4.252851151976785,-7.4528511519767875,0.0,0.0
2014-08-01,3E,P3,131.0,94.4,95.15,-0.75,3.28449501831453,-4.03449501831453,0.0,0.0
2014-09-01,3E,P3,131.0,95.4,94.65,0.75,1.3394176467065506,-0.5894176467065506,0.0,0.0
2014-10-01,3E,P3,131.0,95.2,94.65,0.5499999999999972,-2.6601266553334426,3.2101266553334398,0.0,0.0
2014-11-01,3E,P3,131.0,93.6,95.05000000000001,-1.450000000000017,1.4840699777208641,-2.934069977720881,0.0,0.0
2014-12-01,3E,P3,131.0,88.9,95.05000000000001,-6.150000000000006,3.620533449613191,-9.770533449613197,0.0,0.0
2015-01-01,3E,P3,128.0,77.4,95.05000000000001,-17.650000000000006,-2.6911980800303894,-14.958801919969616,1.0,0.18569174118884801
2015-02-01,3E,P3,128.0,93.4,95.05000000000001,-1.6500000000000057,-3.3310176178191284,1.6810176178191227,0.0,0.0
2015-03-01,3E,P3,128.0,102.4,94.65,7.75,-1.9847004794193026,9.734700479419303,0.0,0.0
2015-04-01,3E,P3,128.0,102.5,94.65,7.849999999999994,1.5410739863350216,6.308926013664973,0.0,0.0
2015-05-01,3E,P3,128.0,103.1,94.80000000000001,8.299999999999983,1.4759285671822795,6.8240714328177035,0.0,0.0
2015-06-01,3E,P3,128.0,99.5,94.80000000000001,4.699999999999989,1.9511171025490341,2.7488828974509545,0.0,0.0
2015-07-01,3E,P3,128.0,101.6,94.80000000000001,6.799999999999983,3.0557377333776543,3.7442622666223286,0.0,0.0
2015-08-01,3E,P3,128.0,98.0,95.30000000000001,2.6999999999999886,1.8056859359291053,0.8943140640708833,0.0,0.0
2015-09-01,3E,P3,128.0,103.5,96.7,6.799999999999997,-1.3664700471523759,8.166470047152373,0.0,0.0
2015-10-01,3E,P3,128.0,98.7,98.75,-0.04999999999999716,-5.391860194227817,5.34186019422782,0.0,0.0
2015-11-01,3E,P3,128.0,100.0,99.1,0.9000000000000057,-0.17437136473932924,1.074371364739335,0.0,0.0
2015-12-01,3E,P3,128.0,92.0,99.75,-7.75,0.7643563390498116,-8.514356339049812,0.0,0.0
2016-01-01,3E,P3,128.0,94.4,99.75,-5.349999999999994,-2.8886621436113273,-2.461337856388667,0.0,0.0
2016-02-01,3E,P3,128.0,93.4,99.75,-6.349999999999994,-3.5245577597056865,-2.825442240294308,0.0,0.0
2016-03-01,3E,P3,128.0,88.1,99.75,-11.650000000000006,-2.9559891412146015,-8.694010858785404,0.0,0.0
2016-04-01,3E,P3,128.0,100.8,99.1,1.7000000000000028,-3.3241915540100706,5.0241915540100734,0.0,0.0
2016-05-01,3E,P3,128.0,96.2,99.1,-2.8999999999999915,-1.198061517499255,-1.7019384825007364,0.0,0.0
2016-06-01,3E,P3,128.0,102.0,98.35,3.6500000000000057,0.8974965937010779,2.7525034062989278,0.0,0.0
2016-07-01,3E,P3,128.0,100.9,98.35,2.5500000000000114,1.9364538985348076,0.6135461014652037,0.0,0.0
2016-08-01,3E,P3,128.0,94.8,98.35,-3.549999999999997,1.845090582742472,-5.395090582742469,0.0,0.0
2016-09-01,3E,P3,128.0,98.8,97.45,1.3499999999999943,0.15866812564314614,1.1913318743568482,0.0,0.0
2016-10-01,3E,P3,128.0,96.4,97.45,-1.0499999999999972,-4.723091402132766,3.673091402132769,0.0,0.0
2016-11-01,3E,P3,128.0,85.5,96.30000000000001,-10.800000000000011,-0.7153253582996655,-10.084674641700346,1.0,0.11214953271028048
2016-12-01,3E,P3,128.0,88.2,95.5,-7.299999999999997,1.564604565051667,-8.864604565051664,0.0,0.0
2017-01-01,3E,P3,124.0,100.8,95.5,5.299999999999997,-1.2909573956955285,6.590957395695526,0.0,0.0
2017-02-01,3E,P3,124.0,77.2,96.30000000000001,-19.10000000000001,-4.720935372813216,-14.379064627186793,1.0,0.19833852544132924
2017-03-01,3E,P3,124.0,64.1,96.30000000000001,-32.20000000000002,-1.5336044617988591,-30.666395538201158,1.0,0.3343717549325027
2017-04-01,3E,P3,124.0,86.9,96.30000000000001,-9.400000000000006,3.0628079979218796,-12.462807997921885,1.0,0.09761163032191074
2017-05-01,3E,P3,124.0,110.4,95.5,14.900000000000006,4.190061117009321,10.709938882990684,0.0,0.0
2017-06-01,3E,P3,124.0,112.6,95.6,17.0,3.60813550230921,13.39186449769079,0.0,0.0
2017-07-01,3E,P3,124.0,110.2,95.6,14.600000000000009,4.277367966874067,10.322632033125942,0.0,0.0
2017-08-01,3E,P3,124.0,111.4,95.6,15.800000000000011,2.0007160996122764,13.799283900387735,0.0,0.0
2017-09-01,3E,P3,124.0,112.2,97.6,14.600000000000009,-5.504625985158484,20.104625985158492,0.0,0.0
2017-10-01,3E,P3,124.0,111.8,98.6,13.200000000000003,-2.034401815848369,15.234401815848372,0.0,0.0
2017-11-01,3E,P3,124.0,110.2,105.5,4.700000000000003,2.161157463158389,2.5388425368416137,0.0,0.0
2017-12-01,3E,P3,124.0,111.0,110.2,0.7999999999999972,2.7932826214476307,-1.9932826214476336,0.0,0.0
2018-01-01,3E,P3,137.0,100.4,110.30000000000001,-9.900000000000006,-1.6846375482906666,-8.215362451709339,0.0,0.0
2018-02-01,3E,P3,137.0,94.3,110.30000000000001,-16.000000000000014,-4.691675561087038,-11.308324438912976,1.0,0.14505893019038996
2018-03-01,3E,P3,137.0,93.2,110.30000000000001,-17.10000000000001,-1.543237473017797,-15.556762526982212,1.0,0.15503173164097922
2018-04-01,3E,P3,137.0,100.1,110.30000000000001,-10.200000000000017,-0.7025847497531146,-9.497415250246902,0.0,0.0
2018-05-01,3E,P3,137.0,103.0,110.30000000000001,-7.300000000000011,0.9766870479464131,-8.276687047946425,0.0,0.0
2018-06-01,3E,P3,137.0,101.8,110.2,-8.400000000000006,4.756702102519242,-13.156702102519247,1.0,0.07622504537205087
2018-07-01,3E,P3,137.0,100.6,106.6,-6.0,2.8454057962662205,-8.84540579626622,0.0,0.0
2018-08-01,3E,P3,137.0,97.8,102.4,-4.6000000000000085,4.369430611523725,-8.969430611523734,0.0,0.0
2018-09-01,3E,P3,137.0,101.1,101.19999999999999,-0.09999999999999432,1.1854342670446414,-1.2854342670446357,0.0,0.0
2018-10-01,3E,P3,137.0,100.3,100.85,-0.5499999999999972,-2.9346981317058862,2.384698131705889,0.0,0.0
2018-11-01,3E,P3,137.0,98.9,100.5,-1.5999999999999943,1.18699612759319,-2.7869961275931843,0.0,0.0
2018-12-01,3E,P3,137.0,100.3,100.35,-0.04999999999999716,2.084207320149261,-2.134207320149258,0.0,0.0
2019-01-01,3E,P3,136.0,99.7,100.3,-0.5999999999999943,-2.350021763275919,1.7500217632759245,0.0,0.0
2019-02-01,3E,P3,136.0,93.5,100.19999999999999,-6.699999999999989,-7.418829249053999,0.7188292490540107,0.0,0.0
2019-03-01,3E,P3,136.0,101.2,100.19999999999999,1.0000000000000142,-6.546741418759993,7.546741418760007,0.0,0.0
2019-04-01,3E,P3,136.0,101.1,100.3,0.7999999999999972,-4.573494568847721,5.373494568847718,0.0,0.0
2019-05-01,3E,P3,136.0,102.1,100.44999999999999,1.6500000000000057,-2.696488880081702,4.346488880081708,0.0,0.0
2019-06-01,3E,P3,136.0,91.7,100.44999999999999,-8.749999999999986,1.8820585207223672,-10.632058520722353,1.0,0.0871080139372821
2019-07-01,3E,P3,136.0,96.7,100.3,-3.5999999999999943,1.8091466168465615,-5.409146616846556,0.0,0.0
2019-08-01,3E,P3,136.0,95.6,100.0,-4.400000000000006,2.6151703288993104,-7.015170328899316,0.0,0.0
2019-09-01,3E,P3,136.0,87.0,100.0,-13.0,-3.2529140987683007,-9.7470859012317,0.0,0.0
2019-10-01,3E,P3,136.0,62.3,99.30000000000001,-37.000000000000014,-5.054577595831773,-31.94542240416824,1.0,0.3726082578046325
2019-11-01,3E,P3,136.0,86.3,97.80000000000001,-11.500000000000014,-0.19841831038331748,-11.301581689616697,1.0,0.11758691206543981
2019-12-01,3E,P3,136.0,83.9,96.15,-12.25,1.874360678398645,-14.124360678398645,1.0,0.12740509620384816
2020-01-01,3E,P3,137.0,97.7,94.55,3.1500000000000057,-1.7601471672117555,4.910147167211761,0.0,0.0
2020-02-01,3E,P3,137.0,97.4,94.55,2.8500000000000085,-2.795048236131521,5.6450482361315295,0.0,0.0
2020-03-01,3E,P3,137.0,96.2,96.15,0.04999999999999716,-6.728479939335571,6.778479939335568,0.0,0.0
2020-04-01,3E,P3,137.0,55.0,95.9,-40.900000000000006,-19.608449374411464,-21.291550625588542,1.0,0.42648592283628783
2020-05-01,3E,P3,137.0,57.9,93.65,-35.75000000000001,-17.749593955618465,-18.000406044381542,1.0,0.38174052322477314
2020-06-01,3E,P3,137.0,65.6,89.35,-23.75,-12.53865358825172,-11.21134641174828,1.0,0.2658086177951875
2020-07-01,3E,P3,137.0,68.0,86.65,-18.650000000000006,-8.311379576650793,-10.338620423349212,1.0,0.21523369878822857
2020-08-01,3E,P3,137.0,70.9,85.1,-14.199999999999989,-7.452153046431349,-6.74784695356864,0.0,0.0
2020-09-01,3E,P3,110.0,90.8,77.4,13.399999999999991,-7.516117990010656,20.916117990010648,0.0,0.0
2020-10-01,3E,P3,110.0,82.2,77.4,4.799999999999997,-6.021330173764042,10.82133017376404,0.0,0.0
2020-11-01,3E,P3,110.0,80.6,83.05000000000001,-2.450000000000017,0.03481843981231236,-2.4848184398123294,0.0,0.0
2020-12-01,3E,P3,110.0,74.9,81.4,-6.5,-0.026487466012298455,-6.4735125339877015,0.0,0.0
2021-01-01,3E,P3,110.0,94.0,77.75,16.25,3.6241423510696364,12.625857648930364,0.0,0.0
2021-02-01,3E,P3,110.0,90.3,77.75,12.549999999999997,-8.370016179461572,20.92001617946157,0.0,0.0
2021-03-01,3E,P3,110.0,91.4,77.75,13.650000000000006,3.9445651413525127,9.705434858647493,0.0,0.0
2021-04-01,3E,P3,110.0,96.7,77.75,18.950000000000003,8.349970844921373,10.60002915507863,0.0,0.0
2021-05-01,3E,P3,110.0,99.5,81.4,18.099999999999994,9.985723243562333,8.114276756437661,0.0,0.0
2021-06-01,3E,P3,110.0,90.7,86.25,4.450000000000003,13.169392024765273,-8.71939202476527,0.0,0.0
2021-07-01,3E,P3,110.0,94.7,90.5,4.200000000000003,11.447102849337057,-7.247102849337054,0.0,0.0
2021-08-01,3E,P3,110.0,89.9,90.75,-0.8499999999999943,9.763881663206135,-10.61388166320613,1.0,0.00936639118457294
2021-09-01,3E,P3,110.0,86.1,90.75,-4.650000000000006,4.949066531351733,-9.599066531351738,0.0,0.0
2021-10-01,3E,P3,110.0,19.9,90.5,-70.6,1.6196768040674954,-72.21967680406749,1.0,0.780110497237569
2021-11-01,3E,P3,110.0,65.5,90.5,-25.0,2.9547550627955985,-27.9547550627956,1.0,0.27624309392265195
2021-12-01,3E,P3,110.0,83.8,90.5,-6.700000000000003,4.509675954944001,-11.209675954944004,1.0,0.07403314917127075
2022-01-01,3E,P3,110.0,56.0,90.5,-34.5,0.9717961709332457,-35.471796170933246,1.0,0.3812154696132597
2022-02-01,3E,P3,110.0,84.2,90.1,-5.8999999999999915,-0.11785924044673379,-5.782140759553258,0.0,0.0
2022-03-01,3E,P3,110.0,83.3,88.0,-4.700000000000003,2.498611347788568,-7.198611347788571,0.0,0.0
2022-04-01,3E,P3,110.0,76.2,85.15,-8.950000000000003,0.8188208344334242,-9.768820834433427,0.0,0.0
2022-05-01,3E,P3,110.0,77.1,84.0,-6.900000000000006,3.8075718798753257,-10.707571879875331,1.0,0.08214285714285721
2022-06-01,3E,P3,110.0,83.4,83.55,-0.14999999999999147,5.296824045034697,-5.446824045034688,0.0,0.0
2022-07-01,3E,P3,110.0,89.2,83.35,5.8500000000000085,3.908843017409808,1.9411569825902006,0.0,0.0
2022-08-01,3E,P3,110.0,81.8,83.35,-1.5499999999999972,4.021646537124667,-5.571646537124664,0.0,0.0
2022-09-01,3E,P3,110.0,79.4,82.55,-3.1499999999999915,1.9168325150909453,-5.066832515090937,0.0,0.0
2022-10-01,3E,P3,110.0,82.8,80.6,2.200000000000003,-1.0836130062756126,3.2836130062756155,0.0,0.0
2022-11-01,3E,P3,110.0,71.8,82.3,-10.5,2.722868854267446,-13.222868854267446,1.0,0.1275820170109356
2022-12-01,3E,P3,110.0,75.1,82.3,-7.200000000000003,-4.00716268388129,-3.1928373161187125,0.0,0.0
2023-01-01,3E,P3,110.0,65.8,80.6,-14.799999999999997,-5.506346336437403,-9.293653663562594,0.0,0.0
2023-02-01,3E,P3,110.0,68.7,80.6,-11.899999999999991,-5.361521367716023,-6.538478632283969,0.0,0.0
2023-03-01,3E,P3,110.0,50.0,78.25,-28.25,-4.281691673182095,-23.968308326817905,1.0,0.3610223642172524
2023-04-01,3E,P3,110.0,39.6,76.65,-37.050000000000004,-1.2957978870469589,-35.754202112953045,1.0,0.4833659491193738
2023-05-01,3E,P3,110.0,70.5,76.1,-5.599999999999994,0.33844951306251403,-5.938449513062508,0.0,0.0
2023-06-01,3E,P3,110.0,70.5,73.44999999999999,-2.9499999999999886,2.105373768355207,-5.055373768355196,0.0,0.0
2023-07-01,3E,P3,110.0,67.9,71.15,-3.25,2.770969788885907,-6.020969788885907,0.0,0.0
2023-08-01,3E,P3,110.0,73.3,70.5,2.799999999999997,3.135188265243187,-0.3351882652431897,0.0,0.0
2023-09-01,3E,P3,110.0,77.6,70.5,7.099999999999994,0.4625470655934407,6.637452934406554,0.0,0.0
2023-10-01,3E,P3,110.0,81.6,70.5,11.099999999999994,-4.20253740778314,15.302537407783134,0.0,0.0
2023-11-01,3E,P3,110.0,82.2,70.5,11.700000000000003,-0.9121479936960668,12.61214799369607,0.0,0.0
2023-12-01,3E,P3,110.0,75.6,70.5,5.099999999999994,3.094770982061121,2.0052290179388734,0.0,0.0
2024-01-01,3E,P3,110.0,78.1,70.5,7.599999999999994,-4.678007099547997,12.278007099547992,0.0,0.0
2024-02-01,3E,P3,110.0,80.7,71.9,8.799999999999997,-8.066926209595309,16.866926209595306,0.0,0.0
2024-03-01,3E,P3,110.0,81.9,74.44999999999999,7.450000000000017,-2.0663207301703608,9.516320730170378,0.0,0.0
2024-04-01,3E,P3,110.0,87.1,76.6,10.5,-1.3156876806178701,11.81568768061787,0.0,0.0
2024-05-01,3E,P3,110.0,88.8,77.85,10.950000000000003,2.846553657251718,8.103446342748285,0.0,0.0
2024-06-01,3E,P3,110.0,88.0,79.4,8.599999999999994,3.5301973770254733,5.069802622974521,0.0,0.0
2024-07-01,3E,P3,110.0,80.5,81.15,-0.6500000000000057,1.7560659344293583,-2.406065934429364,0.0,0.0
2024-08-01,3E,P3,110.0,75.1,81.15,-6.050000000000011,3.3213672706715016,-9.371367270671513,0.0,0.0
2024-09-01,3E,P3,110.0,83.9,81.15,2.75,-0.22300687713322986,2.97300687713323,0.0,0.0
2024-10-01,3E,P3,110.0,89.9,81.75,8.150000000000006,-0.48206324847386384,8.63206324847387,0.0,0.0
2024-11-01,3E,P3,110.0,87.3,82.05000000000001,5.249999999999986,1.411020230486443,3.838979769513543,0.0,0.0
2024-12-01,3E,P3,110.0,84.6,82.9,1.6999999999999886,2.0055192230598777,-0.3055192230598891,0.0,0.0
2025-01-01,3E,P3,110.0,77.1,84.25,-7.150000000000006,-3.864208728785343,-3.285791271214663,0.0,0.0
2025-02-01,3E,P3,110.0,68.8,84.25,-15.450000000000003,-5.788562832128818,-9.661437167871185,0.0,0.0
2025-03-01,3E,P3,110.0,78.8,84.25,-5.450000000000003,-1.5488315282628662,-3.9011684717371367,0.0,0.0
2025-04-01,3E,P3,110.0,86.0,84.25,1.75,-0.1902169145301542,1.9402169145301542,0.0,0.0
2025-05-01,3E,P3,110.0,73.4,84.25,-10.849999999999994,3.116587780895756,-13.96658778089575,1.0,0.12878338278931745
2025-06-01,3E,P3,110.0,89.0,82.2,6.799999999999997,4.399165832765135,2.400834167234862,0.0,0.0
2025-07-01,3E,P3,110.0,86.9,82.2,4.700000000000003,4.556888425133408,0.14311157486659454,0.0,0.0
2025-08-01,3E,P3,110.0,65.3,84.25,-18.950000000000003,4.182845145578327,-23.13284514557833,1.0,0.2249258160237389
2025-09-01,3E,P3,110.0,74.2,84.25,-10.049999999999997,1.9734256330037283,-12.023425633003725,1.0,0.11928783382789314
2025-10-01,3E,P3,110.0,83.5,81.69999999999999,1.8000000000000114,-4.165038185158082,5.965038185158093,0.0,0.0
2025-11-01,3E,P3,110.0,67.9,81.15,-13.25,1.1476831666894185,-14.397683166689418,1.0,0.16327788046826863
2025-12-01,3E,P3,110.0,79.2,77.94999999999999,1.2500000000000142,2.674922367080086,-1.4249223670800717,0.0,0.0
2026-01-01,3E,P3,110.0,81.6,77.94999999999999,3.6500000000000057,-1.8881275518184708,5.5381275518184765,0.0,0.0
2026-02-01,3E,P3,110.0,78.8,79.0,-0.20000000000000284,-4.347140876342209,4.147140876342206,0.0,0.0
2026-03-01,3E,P3,110.0,85.2,79.0,6.200000000000003,-1.6661842624423713,7.866184262442374,0.0,0.0
2026-04-01,3E,P3,110.0,87.8,80.4,7.3999999999999915,-3.2261287531445646,10.626128753144556,0.0,0.0
2026-05-01,3E,P3,110.0,79.6,80.4,-0.8000000000000114,0.6417257502912719,-1.4417257502912832,0.0,0.0
2026-06-01,3E,P3,110.0,68.4,80.6,-12.199999999999989,3.1450487282120463,-15.345048728212035,1.0,0.15136476426798995
2026-07-01,3E,P3,110.0,54.7,79.4,-24.700000000000003,3.2509939174965723,-27.950993917496575,1.0,0.3110831234256927
1981-01-01,AP,P1,,,,,,,,0.0
1981-02-01,AP,P1,,,,,,,,0.0
1981-03-01,AP,P1,,,,,,,,0.0
1981-04-01,AP,P1,,,,,,,,0.0
1981-05-01,AP,P1,,,,,,,,0.0
1981-06-01,AP,P1,,,,,,,,0.0
1981-07-01,AP,P1,,,,,,,,0.0
1981-08-01,AP,P1,,,,,,,,0.0
1981-09-01,AP,P1,,,,,,,,0.0
1981-10-01,AP,P1,,,,,,,,0.0
1981-11-01,AP,P1,,,,,,,,0.0
1981-12-01,AP,P1,,,,,,,,0.0
1982-01-01,AP,P1,,,,,,,,0.0
1982-02-01,AP,P1,,,,,,,,0.0
1982-03-01,AP,P1,,,,,,,,0.0
1982-04-01,AP,P1,,,,,,,,0.0
1982-05-01,AP,P1,,,,,,,,0.0
1982-06-01,AP,P1,,,,,,,,0.0
1982-07-01,AP,P1,,,,,,,,0.0
1982-08-01,AP,P1,,,,,,,,0.0
1982-09-01,AP,P1,,,,,,,,0.0
1982-10-01,AP,P1,,,,,,,,0.0
1982-11-01,AP,P1,,,,,,,,0.0
1982-12-01,AP,P1,,,,,,,,0.0
1983-01-01,AP,P1,,,,,,,,0.0
1983-02-01,AP,P1,,,,,,,,0.0
1983-03-01,AP,P1,,,,,,,,0.0
1983-04-01,AP,P1,,,,,,,,0.0
1983-05-01,AP,P1,,,,,,,,0.0
1983-06-01,AP,P1,,,,,,,,0.0
1983-07-01,AP,P1,,,,,,,,0.0
1983-08-01,AP,P1,,,,,,,,0.0
1983-09-01,AP,P1,,,,,,,,0.0
1983-10-01,AP,P1,,,,,,,,0.0
1983-11-01,AP,P1,,,,,,,,0.0
1983-12-01,AP,P1,,,,,,,,0.0
1984-01-01,AP,P1,,,,,,,,0.0
1984-02-01,AP,P1,,,,,,,,0.0
1984-03-01,AP,P1,,,,,,,,0.0
1984-04-01,AP,P1,,,,,,,,0.0
1984-05-01,AP,P1,,,,,,,,0.0
1984-06-01,AP,P1,,,,,,,,0.0
1984-07-01,AP,P1,,,,,,,,0.0
1984-08-01,AP,P1,,,,,,,,0.0
1984-09-01,AP,P1,,,,,,,,0.0
1984-10-01,AP,P1,,,,,,,,0.0
1984-11-01,AP,P1,,,,,,,,0.0
1984-12-01,AP,P1,,,,,,,,0.0
1985-01-01,AP,P1,113.0,79.2,,,,,,0.0
1985-02-01,AP,P1,115.0,80.8,,,,,,0.0
1985-03-01,AP,P1,115.0,84.4,,,,,,0.0
1985-04-01,AP,P1,115.0,77.5,,,,,,0.0
1985-05-01,AP,P1,115.0,80.4,,,,,,0.0
1985-06-01,AP,P1,116.0,85.0,,,,,,0.0
1985-07-01,AP,P1,116.0,84.8,,,,,,0.0
1985-08-01,AP,P1,116.0,84.2,,,,,,0.0
1985-09-01,AP,P1,116.0,83.5,,,,,,0.0
1985-10-01,AP,P1,116.0,83.4,,,,,,0.0
1985-11-01,AP,P1,116.0,39.5,,,,,,0.0
1985-12-01,AP,P1,116.0,87.5,,,,,,0.0
1986-01-01,AP,P1,108.0,88.0,83.45,4.549999999999997,3.3794184225918826,1.1705815774081145,0.0,0.0
1986-02-01,AP,P1,110.0,87.5,83.85,3.6500000000000057,-0.5297312694749365,4.179731269474942,0.0,0.0
1986-03-01,AP,P1,110.0,87.5,84.30000000000001,3.1999999999999886,-2.532202086595561,5.732202086595549,0.0,0.0
1986-04-01,AP,P1,110.0,92.8,84.5,8.299999999999997,3.0102177084676924,5.289782291532305,0.0,0.0
1986-05-01,AP,P1,110.0,96.1,84.9,11.199999999999989,7.057715632446346,4.142284367553643,0.0,0.0
1986-06-01,AP,P1,110.0,97.8,86.25,11.549999999999997,6.515430974419743,5.034569025580254,0.0,0.0
1986-07-01,AP,P1,110.0,86.9,87.5,-0.5999999999999943,3.5399241831872246,-4.139924183187219,0.0,0.0
1986-08-01,AP,P1,110.0,92.6,87.5,5.099999999999994,6.077403834738362,-0.977403834738368,0.0,0.0
1986-09-01,AP,P1,110.0,87.9,87.5,0.4000000000000057,4.1589583429821175,-3.758958342982112,0.0,0.0
1986-10-01,AP,P1,110.0,91.7,87.7,4.0,1.4049025435373892,2.595097456462611,0.0,0.0
1986-11-01,AP,P1,110.0,97.6,87.95,9.649999999999991,1.79466009831512,7.8553399016848715,0.0,0.0
1986-12-01,AP,P1,110.0,93.6,89.85,3.75,0.4101450931230204,3.3398549068769796,0.0,0.0
1987-01-01,AP,P1,108.0,86.5,92.15,-5.650000000000006,-2.064585173255125,-3.5854148267448807,0.0,0.0
1987-02-01,AP,P1,108.0,90.2,92.15,-1.9500000000000028,-3.913662311452697,1.963662311452694,0.0,0.0
1987-03-01,AP,P1,108.0,94.9,92.15,2.75,-5.172055282045164,7.922055282045164,0.0,0.0
1987-04-01,AP,P1,108.0,85.3,92.69999999999999,-7.3999999999999915,-2.6330799574459434,-4.766920042554048,0.0,0.0
1987-05-01,AP,P1,108.0,97.6,92.15,5.449999999999989,-1.2674924967919878,6.7174924967919765,0.0,0.0
1987-06-01,AP,P1,108.0,96.4,92.15,4.25,2.1091823788544275,2.1408176211455725,0.0,0.0
1987-07-01,AP,P1,108.0,91.9,92.15,-0.25,3.4699698314957175,-3.7199698314957175,0.0,0.0
1987-08-01,AP,P1,108.0,91.7,92.25,-0.5499999999999972,3.4847209843049995,-4.034720984304997,0.0,0.0
1987-09-01,AP,P1,108.0,92.6,91.80000000000001,0.799999999999983,2.225835224158331,-1.425835224158348,0.0,0.0
1987-10-01,AP,P1,108.0,89.2,92.25,-3.049999999999997,-0.5397043148731768,-2.5102956851268203,0.0,0.0
1987-11-01,AP,P1,108.0,89.5,92.25,-2.75,-0.9557356888449817,-1.7942643111550183,0.0,0.0
1987-12-01,AP,P1,108.0,86.7,91.80000000000001,-5.1000000000000085,1.2892766318278603,-6.389276631827869,0.0,0.0
1988-01-01,AP,P1,108.0,92.7,90.95,1.75,0.15671516336347224,1.5932848366365278,0.0,0.0
1988-02-01,AP,P1,108.0,88.4,91.80000000000001,-3.4000000000000057,-1.8875332356537342,-1.5124667643462715,0.0,0.0
1988-03-01,AP,P1,108.0,93.2,91.80000000000001,1.3999999999999915,0.5893341572292883,0.8106658427707032,0.0,0.0
1988-04-01,AP,P1,108.0,67.7,91.80000000000001,-24.10000000000001,0.9483000846020104,-25.04830008460202,1.0,0.2625272331154685
1988-05-01,AP,P1,109.0,92.4,91.80000000000001,0.5999999999999943,2.103784141442702,-1.5037841414427078,0.0,0.0
1988-06-01,AP,P1,109.0,95.3,91.80000000000001,3.499999999999986,2.093638832375845,1.4063611676241408,0.0,0.0
1988-07-01,AP,P1,109.0,96.1,91.80000000000001,4.299999999999983,2.5434321048283692,1.7565678951716137,0.0,0.0
1988-08-01,AP,P1,109.0,94.0,92.05000000000001,1.9499999999999886,3.4706222289040767,-1.520622228904088,0.0,0.0
1988-09-01,AP,P1,109.0,92.0,92.5,-0.5,-0.31863037031827446,-0.18136962968172554,0.0,0.0
1988-10-01,AP,P1,109.0,97.7,92.2,5.5,-0.35992451597084596,5.859924515970846,0.0,0.0
1988-11-01,AP,P1,109.0,95.9,92.55000000000001,3.3499999999999943,0.16059517060720907,3.1894048293927852,0.0,0.0
1988-12-01,AP,P1,109.0,98.4,92.95,5.450000000000003,1.2065172554753048,4.243482744524698,0.0,0.0
1989-01-01,AP,P1,109.0,90.7,93.6,-2.8999999999999915,2.269736984831198,-5.169736984831189,0.0,0.0
1989-02-01,AP,P1,109.0,93.1,93.6,-0.5,-1.7612451867868089,1.2612451867868089,0.0,0.0
1989-03-01,AP,P1,109.0,93.3,93.6,-0.29999999999999716,-0.7554049041973059,0.4554049041973087,0.0,0.0
1989-04-01,AP,P1,109.0,93.6,93.65,-0.05000000000001137,-0.9020813561787691,0.8520813561787577,0.0,0.0
1989-05-01,AP,P1,109.0,86.1,93.8,-7.700000000000003,1.9151160375523801,-9.615116037552383,0.0,0.0
1989-06-01,AP,P1,109.0,90.7,93.8,-3.0999999999999943,5.085430950566874,-8.185430950566868,0.0,0.0
1989-07-01,AP,P1,109.0,86.7,93.44999999999999,-6.749999999999986,4.378163434643298,-11.128163434643284,1.0,0.07223113964686984
1989-08-01,AP,P1,109.0,91.3,93.19999999999999,-1.8999999999999915,4.757523564335017,-6.657523564335008,0.0,0.0
1989-09-01,AP,P1,124.0,74.0,92.55,-18.549999999999997,3.881265936515888,-22.431265936515885,1.0,0.20043219881145324
1989-10-01,AP,P1,124.0,72.7,92.19999999999999,-19.499999999999986,0.3897879640323083,-19.889787964032294,1.0,0.21149674620390443
1989-11-01,AP,P1,124.0,81.1,91.0,-9.900000000000006,-0.03257487330654385,-9.867425126693462,0.0,0.0
1989-12-01,AP,P1,124.0,83.0,90.7,-7.700000000000003,-2.1720284790656734,-5.527971520934329,0.0,0.0
1990-01-01,AP,P1,124.0,82.5,88.7,-6.200000000000003,1.581614951387479,-7.781614951387482,0.0,0.0
1990-02-01,AP,P1,124.0,77.7,86.4,-8.700000000000003,1.6187697258800853,-10.318769725880088,1.0,0.10069444444444448
1990-03-01,AP,P1,124.0,77.5,84.55,-7.049999999999997,-3.1699083007276982,-3.880091699272299,0.0,0.0
1990-04-01,AP,P1,124.0,77.7,82.75,-5.049999999999997,-2.0899185689859365,-2.9600814310140606,0.0,0.0
1990-05-01,AP,P1,124.0,76.0,81.8,-5.799999999999997,0.004042411632724452,-5.804042411632722,0.0,0.0
1990-06-01,AP,P1,124.0,78.3,79.4,-1.1000000000000085,1.6272695346844301,-2.7272695346844387,0.0,0.0
1990-07-01,AP,P1,124.0,83.2,78.0,5.200000000000003,4.972662091583999,0.2273379084160041,0.0,0.0
1990-08-01,AP,P1,124.0,85.6,78.0,7.599999999999994,3.2019299169562743,4.39807008304372,0.0,0.0
1990-09-01,AP,P1,124.0,81.8,78.0,3.799999999999997,3.6303504011071652,0.16964959889283193,0.0,0.0
1990-10-01,AP,P1,124.0,79.0,79.69999999999999,-0.6999999999999886,-3.965306122660323,3.265306122660334,0.0,0.0
1990-11-01,AP,P1,124.0,70.7,80.05,-9.349999999999994,-3.255431864665809,-6.094568135334185,0.0,0.0
1990-12-01,AP,P1,124.0,66.9,78.65,-11.75,-4.639762070911615,-7.110237929088385,0.0,0.0
1991-01-01,AP,P1,105.0,88.5,78.0,10.5,-4.929044213542824,15.429044213542824,0.0,0.0
1991-02-01,AP,P1,105.0,86.9,78.0,8.900000000000006,-1.670854802289611,10.570854802289617,0.0,0.0
1991-03-01,AP,P1,105.0,87.3,78.65,8.649999999999991,-1.4981016708613737,10.148101670861365,0.0,0.0
1991-04-01,AP,P1,105.0,52.3,80.4,-28.10000000000001,-0.09798619526898733,-28.00201380473102,1.0,0.34950248756218916
1991-05-01,AP,P1,105.0,85.9,80.4,5.5,3.015339191201548,2.484660808798452,0.0,0.0
1991-06-01,AP,P1,105.0,94.5,82.5,12.0,5.324292424798159,6.675707575201841,0.0,0.0
1991-07-01,AP,P1,105.0,94.2,84.4,9.799999999999997,4.323740470846204,5.476259529153793,0.0,0.0
1991-08-01,AP,P1,105.0,93.8,85.75,8.049999999999997,4.5434308869711515,3.5065691130288457,0.0,0.0
1991-09-01,AP,P1,105.0,89.5,86.4,3.0999999999999943,3.7865978186086835,-0.6865978186086892,0.0,0.0
1991-10-01,AP,P1,105.0,78.2,87.1,-8.899999999999991,-1.0379432453344037,-7.862056754665588,0.0,0.0
1991-11-01,AP,P1,105.0,85.6,87.1,-1.5,-0.813569755956479,-0.686430244043521,0.0,0.0
1991-12-01,AP,P1,105.0,86.5,87.1,-0.5999999999999943,2.07150678476323,-2.671506784763224,0.0,0.0
1992-01-01,AP,P1,108.0,80.9,87.1,-6.199999999999989,-2.153875126985895,-4.046124873014094,0.0,0.0
1992-02-01,AP,P1,101.0,86.9,86.7,0.20000000000000284,-4.27925124782071,4.479251247820713,0.0,0.0
1992-03-01,AP,P1,101.0,95.1,86.7,8.399999999999991,-0.5145356386749427,8.914535638674934,0.0,0.0
1992-04-01,AP,P1,101.0,91.7,86.7,5.0,-0.37576609886409074,5.375766098864091,0.0,0.0
1992-05-01,AP,P1,101.0,87.5,88.2,-0.7000000000000028,3.377657885260575,-4.077657885260578,0.0,0.0
1992-06-01,AP,P1,101.0,97.0,88.5,8.5,6.395017998760622,2.104982001239378,0.0,0.0
1992-07-01,AP,P1,101.0,96.0,88.5,7.5,5.860552572240266,1.639447427759734,0.0,0.0
1992-08-01,AP,P1,101.0,97.8,88.5,9.299999999999997,3.056884578210486,6.243115421789511,0.0,0.0
1992-09-01,AP,P1,101.0,95.5,88.5,7.0,4.69142788791298,2.3085721120870204,0.0,0.0
1992-10-01,AP,P1,101.0,94.4,89.6,4.800000000000011,3.306484611184459,1.4935153888155526,0.0,0.0
1992-11-01,AP,P1,101.0,91.7,93.05000000000001,-1.3500000000000085,2.324635598731234,-3.6746355987312427,0.0,0.0
1992-12-01,AP,P1,101.0,90.2,93.05000000000001,-2.8500000000000085,-1.661169596942031,-1.1888304030579775,0.0,0.0
1993-01-01,AP,P1,101.0,91.1,93.05000000000001,-1.950000000000017,-2.4201088664155748,0.4701088664155577,0.0,0.0
1993-02-01,AP,P1,101.0,99.1,93.05000000000001,6.049999999999983,-2.6271779867038134,8.677177986703796,0.0,0.0
1993-03-01,AP,P1,101.0,97.1,94.75,2.3499999999999943,0.07597628938157186,2.2740237106184225,0.0,0.0
1993-04-01,AP,P1,97.0,98.4,94.95,3.450000000000003,1.988341524542264,1.4616584754577389,0.0,0.0
1993-05-01,AP,P1,97.0,100.3,95.75,4.549999999999997,3.456248221341866,1.093751778658131,0.0,0.0
1993-06-01,AP,P1,97.0,103.5,96.5,7.0,5.336087915725983,1.663912084274017,0.0,0.0
1993-07-01,AP,P1,97.0,97.2,96.55,0.6500000000000057,5.387771200507956,-4.73777120050795,0.0,0.0
1993-08-01,AP,P1,97.0,99.7,97.15,2.549999999999997,3.001034727403649,-0.4510347274036519,0.0,0.0
1993-09-01,AP,P1,97.0,94.2,97.15,-2.950000000000003,2.32488638671191,-5.274886386711913,0.0,0.0
1993-10-01,AP,P1,97.0,96.2,97.15,-0.9500000000000028,1.1250374272366486,-2.0750374272366514,0.0,0.0
1993-11-01,AP,P1,97.0,96.8,97.15,-0.3500000000000085,0.3829993806863712,-0.7329993806863797,0.0,0.0
1993-12-01,AP,P1,97.0,89.0,97.15,-8.150000000000006,-0.7266277160969423,-7.423372283903063,0.0,0.0
1994-01-01,AP,P1,97.0,93.4,97.15,-3.75,-2.084868289382996,-1.665131710617004,0.0,0.0
1994-02-01,AP,P1,97.0,92.8,97.15,-4.3500000000000085,-3.1551670390244055,-1.194832960975603,0.0,0.0
1994-03-01,AP,P1,97.0,91.3,96.94999999999999,-5.6499999999999915,-4.334127715050755,-1.3158722849492364,0.0,0.0
1994-04-01,AP,P1,97.0,50.8,96.5,-45.7,0.512353824148903,-46.212353824148906,1.0,0.4735751295336788
1994-05-01,AP,P1,97.0,104.0,95.2,8.799999999999997,3.242904960896226,5.557095039103771,0.0,0.0
1994-06-01,AP,P1,97.0,105.9,95.2,10.700000000000003,3.5961068338765045,7.103893166123498,0.0,0.0
1994-07-01,AP,P1,97.0,102.0,95.2,6.799999999999997,3.3148506156177717,3.4851493843822254,0.0,0.0
1994-08-01,AP,P1,97.0,105.8,95.2,10.599999999999994,4.230169349963404,6.36983065003659,0.0,0.0
1994-09-01,AP,P1,97.0,103.4,95.2,8.200000000000003,2.246250296830695,5.953749703169308,0.0,0.0
1994-10-01,AP,P1,97.0,104.3,96.5,7.799999999999997,-2.3911517399596676,10.191151739959665,0.0,0.0
1994-11-01,AP,P1,97.0,107.3,99.4,7.8999999999999915,0.4760509032583684,7.423949096741623,0.0,0.0
1994-12-01,AP,P1,97.0,96.1,102.7,-6.6000000000000085,0.11830492387221625,-6.718304923872225,0.0,0.0
1995-01-01,AP,P1,97.0,96.0,102.7,-6.700000000000003,-3.0366052355474267,-3.663394764452576,0.0,0.0
1995-02-01,AP,P1,97.0,95.6,102.7,-7.1000000000000085,-3.6401625225276604,-3.459837477472348,0.0,0.0
1995-03-01,AP,P1,97.0,90.8,102.7,-11.900000000000006,-5.966108615572182,-5.933891384427824,0.0,0.0
1995-04-01,AP,P1,97.0,93.2,102.7,-9.5,-2.143383403474516,-7.356616596525484,0.0,0.0
1995-05-01,AP,P1,97.0,95.5,102.7,-7.200000000000003,1.337832812647278,-8.537832812647281,0.0,0.0
1995-06-01,AP,P1,97.0,100.2,99.05,1.1500000000000057,2.986864399804432,-1.8368643998044263,0.0,0.0
1995-07-01,AP,P1,97.0,100.2,98.15,2.049999999999997,1.4068195312713954,0.6431804687286018,0.0,0.0
1995-08-01,AP,P1,97.0,99.4,98.15,1.25,1.3668641553639418,-0.11686415536394179,0.0,0.0
1995-09-01,AP,P1,97.0,103.4,97.75,5.650000000000006,2.910940476229996,2.7390595237700097,0.0,0.0
1995-10-01,AP,P1,97.0,95.9,97.75,-1.8499999999999943,-2.14870368864176,0.29870368864176555,0.0,0.0
1995-11-01,AP,P1,97.0,86.7,96.05,-9.349999999999994,-0.5103164611690261,-8.839683538830968,0.0,0.0
1995-12-01,AP,P1,97.0,90.0,95.95,-5.950000000000003,0.9444343468755392,-6.894434346875542,0.0,0.0
1996-01-01,AP,P1,97.0,94.4,95.75,-1.3499999999999943,-2.1068500425796515,0.7568500425796572,0.0,0.0
1996-02-01,AP,P1,97.0,96.1,95.55,0.5499999999999972,-2.538001441794165,3.0880014417941624,0.0,0.0
1996-03-01,AP,P1,97.0,101.7,95.7,6.0,-0.919995983909871,6.919995983909871,0.0,0.0
1996-04-01,AP,P1,97.0,91.7,96.0,-4.299999999999997,2.3007520242550044,-6.6007520242550015,0.0,0.0
1996-05-01,AP,P1,97.0,96.2,96.0,0.20000000000000284,2.1062332145862115,-1.9062332145862086,0.0,0.0
1996-06-01,AP,P1,97.0,105.5,96.15,9.349999999999994,2.738233913643228,6.611766086356766,0.0,0.0
1996-07-01,AP,P1,97.0,97.5,96.15,1.3499999999999943,1.270060345612464,0.07993965438753037,0.0,0.0
1996-08-01,AP,P1,97.0,104.1,96.15,7.949999999999989,1.2979568587820438,6.652043141217945,0.0,0.0
1996-09-01,AP,P1,97.0,99.9,96.15,3.75,1.7753173567198246,1.9746826432801754,0.0,0.0
1996-10-01,AP,P1,97.0,97.3,96.15,1.1499999999999915,0.5071915375848306,0.6428084624151609,0.0,0.0
1996-11-01,AP,P1,97.0,93.8,96.75,-2.950000000000003,-0.5715760114305652,-2.3784239885694376,0.0,0.0
1996-12-01,AP,P1,97.0,96.4,96.75,-0.3499999999999943,-0.4851802054017327,0.13518020540173836,0.0,0.0
1997-01-01,AP,P1,97.0,90.3,96.85,-6.549999999999997,-5.683388405386182,-0.8666115946138149,0.0,0.0
1997-02-01,AP,P1,97.0,88.6,96.85,-8.25,-6.789044631117491,-1.4609553688825088,0.0,0.0
1997-03-01,AP,P1,97.0,93.0,96.85,-3.8499999999999943,-4.24393150998111,0.39393150998111537,0.0,0.0
1997-04-01,AP,P1,97.0,86.5,96.30000000000001,-9.800000000000011,-2.158671024711296,-7.641328975288715,0.0,0.0
1997-05-01,AP,P1,97.0,99.1,96.30000000000001,2.799999999999983,3.0551252185479143,-0.25512521854793135,0.0,0.0
1997-06-01,AP,P1,97.0,93.2,96.85,-3.6499999999999915,3.3535833514723095,-7.003583351472301,0.0,0.0
1997-07-01,AP,P1,98.0,91.2,95.1,-3.8999999999999915,2.6698974027528237,-6.569897402752815,0.0,0.0
1997-08-01,AP,P1,98.0,102.9,93.5,9.400000000000006,4.4425399972080015,4.957460002792004,0.0,0.0
1997-09-01,AP,P1,98.0,97.9,93.5,4.400000000000006,5.0840108390008965,-0.6840108390008908,0.0,0.0
1997-10-01,AP,P1,98.0,76.5,93.5,-17.0,2.464776125502624,-19.464776125502624,1.0,0.18181818181818182
1997-11-01,AP,P1,98.0,91.7,93.1,-1.3999999999999915,0.12385636952483026,-1.5238563695248217,0.0,0.0
1997-12-01,AP,P1,98.0,93.7,92.35,1.3500000000000085,0.8414015916199418,0.5085984083800668,0.0,0.0
1998-01-01,AP,P1,98.0,91.9,92.35,-0.44999999999998863,-3.731281795628476,3.2812817956284874,0.0,0.0
1998-02-01,AP,P1,98.0,95.2,92.45,2.75,-6.299894666136481,9.049894666136481,0.0,0.0
1998-03-01,AP,P1,98.0,90.3,93.1,-2.799999999999997,-2.3419874799689353,-0.45801252003106185,0.0,0.0
1998-04-01,AP,P1,98.0,85.1,92.55000000000001,-7.450000000000017,0.4784273394841847,-7.928427339484202,0.0,0.0
1998-05-01,AP,P1,98.0,57.6,92.55000000000001,-34.95000000000001,1.275327071587597,-36.22532707158761,1.0,0.3776337115072934
1998-06-01,AP,P1,98.0,101.3,91.80000000000001,9.499999999999986,1.86417421357676,7.635825786423226,0.0,0.0
1998-07-01,AP,P1,98.0,99.7,91.80000000000001,7.8999999999999915,2.0503267549477755,5.849673245052216,0.0,0.0
1998-08-01,AP,P1,98.0,99.5,92.80000000000001,6.699999999999989,2.4106758104711616,4.289324189528827,0.0,0.0
1998-09-01,AP,P1,98.0,100.3,92.80000000000001,7.499999999999986,-2.320993909662789,9.820993909662775,0.0,0.0
1998-10-01,AP,P1,98.0,98.1,92.80000000000001,5.299999999999983,-7.484719759987229,12.784719759987212,0.0,0.0
1998-11-01,AP,P1,98.0,92.9,94.45,-1.5499999999999972,-1.6915600643901456,0.14156006439014845,0.0,0.0
1998-12-01,AP,P1,98.0,87.7,94.45,-6.75,-1.0364722287333876,-5.713527771266612,0.0,0.0
1999-01-01,AP,P1,100.0,92.0,94.05000000000001,-2.0500000000000114,-4.670101921727351,2.62010192172734,0.0,0.0
1999-02-01,AP,P1,100.0,90.6,94.05000000000001,-3.450000000000017,-5.041981842262189,1.5919818422621717,0.0,0.0
1999-03-01,AP,P1,100.0,89.2,92.45,-3.25,-4.116618887777307,0.8666188877773067,0.0,0.0
1999-04-01,AP,P1,100.0,97.2,92.45,4.75,-0.41492010748530106,5.164920107485301,0.0,0.0
1999-05-01,AP,P1,100.0,99.8,95.05000000000001,4.749999999999986,-0.9984638941545256,5.748463894154511,0.0,0.0
1999-06-01,AP,P1,100.0,95.1,97.65,-2.5500000000000114,-1.2518633292066141,-1.2981366707933972,0.0,0.0
1999-07-01,AP,P1,100.0,96.8,96.15,0.6499999999999915,0.5955037160234724,0.054496283976519067,0.0,0.0
1999-08-01,AP,P1,100.0,97.9,95.94999999999999,1.950000000000017,1.271357105021508,0.678642894978509,0.0,0.0
1999-09-01,AP,P1,100.0,96.3,95.94999999999999,0.3500000000000085,-0.1559792907974895,0.505979290797498,0.0,0.0
1999-10-01,AP,P1,100.0,82.2,95.69999999999999,-13.499999999999986,-2.947474704746597,-10.552525295253389,1.0,0.141065830721003
1999-11-01,AP,P1,100.0,84.1,94.0,-9.900000000000006,-1.9919799124272686,-7.908020087572737,0.0,0.0
1999-12-01,AP,P1,100.0,88.5,93.55,-5.049999999999997,-3.320918038398162,-1.7290819616018354,0.0,0.0
2000-01-01,AP,P1,101.0,88.0,93.55,-5.549999999999997,-7.0134854895324,1.4634854895324025,0.0,0.0
2000-02-01,AP,P1,101.0,87.3,92.85,-5.549999999999997,-6.361114860534315,0.8111148605343175,0.0,0.0
2000-03-01,AP,P1,101.0,86.4,92.15,-5.75,-3.0279289394099322,-2.7220710605900678,0.0,0.0
2000-04-01,AP,P1,101.0,77.0,91.8,-14.799999999999997,-0.16935984750953992,-14.630640152490457,1.0,0.16122004357298472
2000-05-01,AP,P1,101.0,80.9,88.25,-7.349999999999994,2.370287800078998,-9.720287800078992,0.0,0.0
2000-06-01,AP,P1,91.0,99.6,87.65,11.949999999999989,3.8827664780195335,8.067233521980455,0.0,0.0
2000-07-01,AP,P1,91.0,101.8,87.65,14.149999999999991,4.526598689936847,9.623401310063144,0.0,0.0
2000-08-01,AP,P1,91.0,98.5,87.65,10.849999999999994,3.5311147292024287,7.318885270797566,0.0,0.0
2000-09-01,AP,P1,91.0,93.8,87.65,6.1499999999999915,1.863294372590488,4.2867056274095034,0.0,0.0
2000-10-01,AP,P1,91.0,95.9,87.65,8.25,-0.09116159454174522,8.341161594541745,0.0,0.0
2000-11-01,AP,P1,91.0,90.6,88.25,2.3499999999999943,0.15813356118280808,2.1918664388171862,0.0,0.0
2000-12-01,AP,P1,91.0,93.8,89.55,4.25,1.3237253486224034,2.9262746513775966,0.0,0.0
2001-01-01,AP,P1,91.0,93.8,92.19999999999999,1.6000000000000085,-3.0644353496679884,4.664435349667997,0.0,0.0
2001-02-01,AP,P1,91.0,90.5,93.8,-3.299999999999997,-2.7012653834680833,-0.5987346165319138,0.0,0.0
2001-03-01,AP,P1,91.0,91.2,93.8,-2.5999999999999943,-3.820162940761776,1.2201629407617816,0.0,0.0
2001-04-01,AP,P1,91.0,98.2,93.8,4.400000000000006,1.6975147663683856,2.70248523363162,0.0,0.0
2001-05-01,AP,P1,91.0,95.4,93.8,1.6000000000000085,2.3687306301680167,-0.7687306301680081,0.0,0.0
2001-06-01,AP,P1,91.0,104.6,94.6,10.0,1.5804831764221774,8.419516823577823,0.0,0.0
2001-07-01,AP,P1,91.0,96.1,94.6,1.5,-0.17265136841821516,1.6726513684182152,0.0,0.0
2001-08-01,AP,P1,91.0,98.0,94.6,3.4000000000000057,-0.5957843315693623,3.995784331569368,0.0,0.0
2001-09-01,AP,P1,91.0,97.5,94.6,2.9000000000000057,-1.315326519697578,4.215326519697584,0.0,0.0
2001-10-01,AP,P1,91.0,80.8,95.65,-14.850000000000009,-0.8581393931142287,-13.99186060688578,1.0,0.15525352848928392
2001-11-01,AP,P1,91.0,97.4,94.6,2.8000000000000114,-0.6380762939637776,3.438076293963789,0.0,0.0
2001-12-01,AP,P1,91.0,96.0,95.75,0.25,-2.555984573518657,2.805984573518657,0.0,0.0
2002-01-01,AP,P1,94.0,94.3,96.05,-1.75,-4.546323728480857,2.796323728480857,0.0,0.0
2002-02-01,AP,P1,94.0,92.2,96.05,-3.8499999999999943,-5.6573526136563,1.807352613656306,0.0,0.0
2002-03-01,AP,P1,94.0,93.6,96.05,-2.450000000000003,-4.393059226213012,1.943059226213009,0.0,0.0
2002-04-01,AP,P1,94.0,93.1,96.05,-2.950000000000003,0.7703493231306169,-3.7203493231306197,0.0,0.0
2002-05-01,AP,P1,94.0,97.8,95.7,2.0999999999999943,-0.7768727333234011,2.8768727333233954,0.0,0.0
2002-06-01,AP,P1,94.0,99.1,96.05,3.049999999999997,0.9667573681492172,2.08324263185078,0.0,0.0
2002-07-01,AP,P1,94.0,97.9,96.05,1.8500000000000085,1.3169303578891345,0.533069642110874,0.0,0.0
2002-08-01,AP,P1,94.0,96.9,96.7,0.20000000000000284,0.7392639298290078,-0.539263929829005,0.0,0.0
2002-09-01,AP,P1,94.0,96.5,96.45,0.04999999999999716,-1.7691111596484461,1.8191111596484433,0.0,0.0
2002-10-01,AP,P1,94.0,69.2,96.25,-27.049999999999997,-4.26052260476817,-22.789477395231827,1.0,0.28103896103896103
2002-11-01,AP,P1,94.0,71.5,96.25,-24.75,1.6770098462183256,-26.427009846218326,1.0,0.2571428571428571
2002-12-01,AP,P1,94.0,90.0,95.15,-5.150000000000006,0.19261463663748657,-5.342614636637492,0.0,0.0
2003-01-01,AP,P1,94.0,93.3,93.94999999999999,-0.6499999999999915,-4.113476375551556,3.463476375551565,0.0,0.0
2003-02-01,AP,P1,94.0,90.2,93.44999999999999,-3.249999999999986,-3.870703275127312,0.620703275127326,0.0,0.0
2003-03-01,AP,P1,94.0,90.6,93.44999999999999,-2.8499999999999943,-0.7931596878333096,-2.0568403121666847,0.0,0.0
2003-04-01,AP,P1,94.0,87.5,93.19999999999999,-5.699999999999989,2.7897278211229803,-8.489727821122969,0.0,0.0
2003-05-01,AP,P1,94.0,98.7,91.94999999999999,6.750000000000014,4.458536037029361,2.291463962970653,0.0,0.0
2003-06-01,AP,P1,94.0,100.4,91.94999999999999,8.450000000000017,2.777877088907914,5.672122911092103,0.0,0.0
2003-07-01,AP,P1,94.0,93.8,91.94999999999999,1.8500000000000085,2.166651867986019,-0.3166518679860104,0.0,0.0
2003-08-01,AP,P1,94.0,93.0,91.94999999999999,1.0500000000000114,3.135830277348333,-2.0858302773483217,0.0,0.0
2003-09-01,AP,P1,94.0,95.6,91.8,3.799999999999997,1.2278352928725695,2.5721647071274276,0.0,0.0
2003-10-01,AP,P1,94.0,94.2,91.8,2.4000000000000057,-0.41247731072367344,2.812477310723679,0.0,0.0
2003-11-01,AP,P1,94.0,91.4,93.15,-1.75,0.7756705278242038,-2.5256705278242038,0.0,0.0
2003-12-01,AP,P1,94.0,93.7,93.15,0.5499999999999972,-0.3491401958442708,0.899140195844268,0.0,0.0
2004-01-01,AP,P1,94.0,95.3,93.5,1.7999999999999972,-4.283296713830225,6.083296713830222,0.0,0.0
2004-02-01,AP,P1,94.0,92.9,93.75,-0.8499999999999943,-4.517934377811358,3.6679343778113633,0.0,0.0
2004-03-01,AP,P1,94.0,97.4,93.75,3.6500000000000057,-4.848882836175505,8.498882836175511,0.0,0.0
2004-04-01,AP,P1,94.0,86.2,94.0,-7.799999999999997,-0.8758278859428543,-6.924172114057143,0.0,0.0
2004-05-01,AP,P1,94.0,98.2,94.0,4.200000000000003,2.5745665941418565,1.6254334058581463,0.0,0.0
2004-06-01,AP,P1,94.0,99.7,94.0,5.700000000000003,4.447916025792722,1.252083974207281,0.0,0.0
2004-07-01,AP,P1,94.0,89.3,94.0,-4.700000000000003,3.722665323454109,-8.422665323454112,0.0,0.0
2004-08-01,AP,P1,94.0,97.1,93.95,3.1499999999999915,4.0857156606357705,-0.935715660635779,0.0,0.0
2004-09-01,AP,P1,94.0,100.0,94.75,5.25,-2.8994719240276368,8.149471924027637,0.0,0.0
2004-10-01,AP,P1,94.0,100.2,94.75,5.450000000000003,-2.5775261384736297,8.027526138473632,0.0,0.0
2004-11-01,AP,P1,94.0,82.6,96.19999999999999,-13.599999999999994,1.5843099232387772,-15.184309923238771,1.0,0.14137214137214132
2004-12-01,AP,P1,94.0,95.6,96.19999999999999,-0.5999999999999943,2.2788512022400766,-2.878851202240071,0.0,0.0
2005-01-01,AP,P1,94.0,92.2,96.35,-4.1499999999999915,-2.099562119439639,-2.0504378805603523,0.0,0.0
2005-02-01,AP,P1,94.0,93.4,96.35,-2.9499999999999886,-2.829120922335477,-0.12087907766451167,0.0,0.0
2005-03-01,AP,P1,94.0,96.2,96.35,-0.14999999999999147,-2.6538391705106648,2.5038391705106733,0.0,0.0
2005-04-01,AP,P1,94.0,96.0,95.9,0.09999999999999432,-0.5947233373289578,0.6947233373289521,0.0,0.0
2005-05-01,AP,P1,94.0,100.6,96.1,4.5,0.6756566743952845,3.8243433256047155,0.0,0.0
2005-06-01,AP,P1,94.0,96.4,96.1,0.30000000000001137,3.5453758380225366,-3.2453758380225253,0.0,0.0
2005-07-01,AP,P1,94.0,102.7,96.1,6.6000000000000085,0.6632089553397549,5.936791044660254,0.0,0.0
2005-08-01,AP,P1,94.0,102.9,96.30000000000001,6.599999999999994,-0.8184605836884344,7.418460583688429,0.0,0.0
2005-09-01,AP,P1,94.0,102.0,96.30000000000001,5.699999999999989,-9.191544312469802,14.89154431246979,0.0,0.0
2005-10-01,AP,P1,94.0,96.8,96.30000000000001,0.4999999999999858,-11.425540310542715,11.9255403105427,0.0,0.0
2005-11-01,AP,P1,94.0,102.2,96.30000000000001,5.8999999999999915,-3.4685824005281916,9.368582400528183,0.0,0.0
2005-12-01,AP,P1,94.0,100.2,96.6,3.6000000000000085,-2.602369599393299,6.2023695993933075,0.0,0.0
2006-01-01,AP,P1,95.0,99.0,98.5,0.5,-4.032381491042884,4.532381491042884,0.0,0.0
2006-02-01,AP,P1,95.0,99.6,99.6,0.0,-4.163386425933595,4.163386425933595,0.0,0.0
2006-03-01,AP,P1,95.0,85.7,99.9,-14.200000000000003,-4.318823069770787,-9.881176930229216,0.0,0.0
2006-04-01,AP,P1,95.0,86.7,99.9,-13.200000000000003,-1.3219531943121012,-11.878046805687902,1.0,0.13213213213213215
2006-05-01,AP,P1,95.0,103.0,99.9,3.0999999999999943,2.561641153328324,0.5383588466716702,0.0,0.0
2006-06-01,AP,P1,95.0,101.9,99.9,2.0,4.360732637429294,-2.360732637429294,0.0,0.0
2006-07-01,AP,P1,95.0,103.0,101.05000000000001,1.9499999999999886,3.8796418653251976,-1.929641865325209,0.0,0.0
2006-08-01,AP,P1,95.0,102.0,101.05000000000001,0.9499999999999886,4.543213417098897,-3.5932134170989087,0.0,0.0
2006-09-01,AP,P1,95.0,102.1,101.05000000000001,1.049999999999983,4.368383683835546,-3.318383683835563,0.0,0.0
2006-10-01,AP,P1,95.0,98.9,101.05000000000001,-2.1500000000000057,-1.4531368267017086,-0.6968631732982971,0.0,0.0
2006-11-01,AP,P1,95.0,101.2,101.05000000000001,0.14999999999999147,-1.32102372975325,1.4710237297532416,0.0,0.0
2006-12-01,AP,P1,95.0,101.9,100.7,1.2000000000000028,1.8926155541108614,-0.6926155541108585,0.0,0.0
2007-01-01,AP,P1,95.0,102.5,101.55000000000001,0.9499999999999886,-1.1324950463783523,2.082495046378341,0.0,0.0
2007-02-01,AP,P1,95.0,95.1,101.9,-6.800000000000011,-4.700177756296782,-2.0998222437032297,0.0,0.0
2007-03-01,AP,P1,95.0,67.8,101.9,-34.10000000000001,-2.3389510437717007,-31.761048956228308,1.0,0.3346418056918548
2007-04-01,AP,P1,95.0,56.6,101.9,-45.300000000000004,-1.2509888769617277,-44.04901112303828,1.0,0.4445534838076546
2007-05-01,AP,P1,95.0,104.0,101.9,2.0999999999999943,0.2772066799283124,1.822793320071682,0.0,0.0
2007-06-01,AP,P1,100.0,99.9,101.9,-2.0,-0.4593958528907933,-1.5406041471092067,0.0,0.0
2007-07-01,AP,P1,100.0,100.3,101.55000000000001,-1.2500000000000142,2.8845539680305166,-4.134553968030531,0.0,0.0
2007-08-01,AP,P1,100.0,96.6,100.75,-4.150000000000006,2.504082086230028,-6.654082086230034,0.0,0.0
2007-09-01,AP,P1,100.0,90.7,100.1,-9.399999999999991,0.5873269681074049,-9.987326968107396,0.0,0.0
2007-10-01,AP,P1,100.0,79.3,99.4,-20.10000000000001,-0.9131257799010939,-19.186874220098915,1.0,0.20221327967806849
2007-11-01,AP,P1,100.0,83.4,98.25,-14.849999999999994,0.5421610560207455,-15.39216105602074,1.0,0.15114503816793887
2007-12-01,AP,P1,100.0,89.6,95.85,-6.25,0.03356179609686194,-6.283561796096862,0.0,0.0
2008-01-01,AP,P1,95.0,94.7,92.9,1.7999999999999972,-2.828478713726554,4.628478713726551,0.0,0.0
2008-02-01,AP,P1,95.0,96.8,92.7,4.099999999999994,-3.6312241238328653,7.73122412383286,0.0,0.0
2008-03-01,AP,P1,95.0,91.9,92.7,-0.7999999999999972,-5.376867277359821,4.576867277359824,0.0,0.0
2008-04-01,AP,P1,95.0,85.0,93.30000000000001,-8.300000000000011,-2.4340888995959347,-5.865911100404077,0.0,0.0
2008-05-01,AP,P1,95.0,89.4,93.30000000000001,-3.9000000000000057,0.1955366025770644,-4.09553660257707,0.0,0.0
2008-06-01,AP,P1,95.0,98.1,91.30000000000001,6.799999999999983,0.9692006301790173,5.830799369820966,0.0,0.0
2008-07-01,AP,P1,95.0,97.7,91.30000000000001,6.3999999999999915,0.09097925409621155,6.30902074590378,0.0,0.0
2008-08-01,AP,P1,95.0,100.4,91.30000000000001,9.099999999999994,-1.6088503881525185,10.708850388152513,0.0,0.0
2008-09-01,AP,P1,95.0,98.1,91.30000000000001,6.799999999999983,-13.41859555204428,20.218595552044263,0.0,0.0
2008-10-01,AP,P1,95.0,95.0,93.30000000000001,1.6999999999999886,-1.9275309062004595,3.627530906200448,0.0,0.0
2008-11-01,AP,P1,95.0,90.9,94.85,-3.9499999999999886,-0.8558150817393084,-3.09418491826068,0.0,0.0
2008-12-01,AP,P1,95.0,95.6,94.85,0.75,-2.0270559503843373,2.7770559503843373,0.0,0.0
2009-01-01,AP,P1,95.0,99.7,95.3,4.400000000000006,-3.4817919654750824,7.881791965475088,0.0,0.0
2009-02-01,AP,P1,95.0,100.4,96.19999999999999,4.200000000000017,-4.013498795716018,8.213498795716035,0.0,0.0
2009-03-01,AP,P1,95.0,81.8,96.65,-14.850000000000009,-4.060969370636798,-10.78903062936321,1.0,0.15364718054837048
2009-04-01,AP,P1,95.0,81.1,96.65,-15.550000000000011,-2.858830393724176,-12.691169606275835,1.0,0.16088980858768764
2009-05-01,AP,P1,95.0,100.6,96.65,3.9499999999999886,-0.6518880889116616,4.60188808891165,0.0,0.0
2009-06-01,AP,P1,95.0,96.6,97.9,-1.3000000000000114,2.025930193064113,-3.3259301930641243,0.0,0.0
2009-07-01,AP,P1,95.0,99.5,97.15,2.3499999999999943,0.271491705667799,2.0785082943321953,0.0,0.0
2009-08-01,AP,P1,95.0,95.0,97.35,-2.3499999999999943,0.14533368293153615,-2.4953336829315305,0.0,0.0
2009-09-01,AP,P1,95.0,96.5,96.1,0.4000000000000057,0.992129678633134,-0.5921296786331283,0.0,0.0
2009-10-01,AP,P1,95.0,86.9,96.05,-9.149999999999991,-2.5393707048585696,-6.610629295141422,0.0,0.0
2009-11-01,AP,P1,95.0,88.6,96.05,-7.450000000000003,-2.905678369743484,-4.544321630256519,0.0,0.0
2009-12-01,AP,P1,95.0,91.8,96.05,-4.25,-2.045260143167795,-2.204739856832205,0.0,0.0
2010-01-01,AP,P1,95.0,90.3,95.75,-5.450000000000003,-2.544076315350978,-2.905923684649025,0.0,0.0
2010-02-01,AP,P1,95.0,82.7,93.4,-10.700000000000003,-0.9728210957448766,-9.727178904255126,0.0,0.0
2010-03-01,AP,P1,95.0,83.7,91.05,-7.349999999999994,1.1390421221211682,-8.489042122121162,0.0,0.0
2010-04-01,AP,P1,95.0,83.7,91.05,-7.349999999999994,5.683231258784531,-13.033231258784525,1.0,0.08072487644151559
2010-05-01,AP,P1,95.0,99.2,91.05,8.150000000000006,4.576182251267923,3.5738177487320826,0.0,0.0
2010-06-01,AP,P1,95.0,104.8,91.05,13.75,7.009532553880007,6.740467446119993,0.0,0.0
2010-07-01,AP,P1,95.0,102.9,91.05,11.850000000000009,7.5007543973214155,4.349245602678593,0.0,0.0
2010-08-01,AP,P1,95.0,75.0,91.05,-16.049999999999997,5.4621446439964245,-21.51214464399642,1.0,0.17627677100494232
2010-09-01,AP,P1,95.0,71.1,89.44999999999999,-18.349999999999994,2.37174084871468,-20.721740848714674,1.0,0.2051425377305757
2010-10-01,AP,P1,95.0,73.9,87.75,-13.849999999999994,-2.2929008124657884,-11.557099187534206,1.0,0.15783475783475778
2010-11-01,AP,P1,95.0,78.4,86.15,-7.75,1.690177690500903,-9.440177690500903,0.0,0.0
2010-12-01,AP,P1,95.0,84.1,83.7,0.3999999999999915,1.9094557576161009,-1.5094557576161094,0.0,0.0
2011-01-01,AP,P1,95.0,90.1,83.7,6.3999999999999915,-2.5848725498490808,8.984872549849072,0.0,0.0
2011-02-01,AP,P1,95.0,90.3,83.7,6.599999999999994,-7.327799764146874,13.927799764146869,0.0,0.0
2011-03-01,AP,P1,95.0,84.7,83.9,0.7999999999999972,-3.0169636588303064,3.8169636588303035,0.0,0.0
2011-04-01,AP,P1,95.0,43.4,84.4,-41.00000000000001,-4.413265175434006,-36.586734824566,1.0,0.4857819905213271
2011-05-01,AP,P1,95.0,102.6,84.4,18.19999999999999,-1.2003964333927684,19.400396433392757,0.0,0.0
2011-06-01,AP,P1,95.0,101.6,84.4,17.19999999999999,3.0888931177295547,14.111106882270434,0.0,0.0
2011-07-01,AP,P1,95.0,100.1,84.4,15.699999999999989,4.34010809207696,11.359891907923028,0.0,0.0
2011-08-01,AP,P1,95.0,101.1,84.4,16.69999999999999,4.380295271419584,12.319704728580405,0.0,0.0
2011-09-01,AP,P1,95.0,100.6,87.4,13.199999999999989,2.8607993025409684,10.33920069745902,0.0,0.0
2011-10-01,AP,P1,95.0,99.8,90.19999999999999,9.600000000000009,-1.0681303923017822,10.66813039230179,0.0,0.0
2011-11-01,AP,P1,95.0,102.3,95.05,7.25,1.0873891858996387,6.162610814100361,0.0,0.0
2011-12-01,AP,P1,95.0,93.1,99.94999999999999,-6.849999999999994,0.33269005987654054,-7.182690059876535,0.0,0.0
2012-01-01,AP,P1,95.0,95.0,99.94999999999999,-4.949999999999989,-0.32916998781435325,-4.620830012185635,0.0,0.0
2012-02-01,AP,P1,95.0,100.4,99.94999999999999,0.45000000000001705,0.4897695021130488,-0.03976950211303176,0.0,0.0
2012-03-01,AP,P1,95.0,83.0,100.25,-17.25,-0.9341682733947749,-16.315831726605225,1.0,0.17206982543640897
2012-04-01,AP,P1,95.0,89.3,100.25,-10.950000000000003,0.04029340754989619,-10.990293407549899,1.0,0.10922693266832921
2012-05-01,AP,P1,95.0,102.4,100.25,2.1500000000000057,4.113698504641732,-1.9636985046417266,0.0,0.0
2012-06-01,AP,P1,95.0,103.0,100.25,2.75,5.767586512812088,-3.0175865128120876,0.0,0.0
2012-07-01,AP,P1,95.0,103.6,100.25,3.3499999999999943,5.701832934961772,-2.3518329349617773,0.0,0.0
2012-08-01,AP,P1,95.0,100.3,100.5,-0.20000000000000284,4.320197952974922,-4.520197952974925,0.0,0.0
2012-09-01,AP,P1,95.0,92.7,100.35,-7.6499999999999915,0.8633927334268634,-8.513392733426855,0.0,0.0
2012-10-01,AP,P1,95.0,99.1,100.05,-0.9500000000000028,0.31574655403017005,-1.2657465540301729,0.0,0.0
2012-11-01,AP,P1,95.0,98.2,99.69999999999999,-1.4999999999999858,1.4911961597054813,-2.991196159705467,0.0,0.0
2012-12-01,AP,P1,95.0,98.6,98.65,-0.05000000000001137,2.993988010554702,-3.0439880105547132,0.0,0.0
2013-01-01,AP,P1,95.0,99.9,98.85,1.0500000000000114,-4.301054150965342,5.3510541509653535,0.0,0.0
2013-02-01,AP,P1,95.0,101.9,99.5,2.4000000000000057,-6.435909400926093,8.835909400926099,0.0,0.0
2013-03-01,AP,P1,95.0,100.9,99.5,1.4000000000000057,-4.391741892225056,5.791741892225062,0.0,0.0
2013-04-01,AP,P1,95.0,59.5,100.1,-40.599999999999994,-2.2841748101547807,-38.315825189845214,1.0,0.40559440559440557
2013-05-01,AP,P1,96.0,88.3,100.1,-11.799999999999997,0.12441794500229264,-11.92441794500229,1.0,0.11788211788211786
2013-06-01,AP,P1,96.0,102.2,99.5,2.700000000000003,3.653008314087657,-0.9530083140876542,0.0,0.0
2013-07-01,AP,P1,98.0,85.3,99.5,-14.200000000000003,4.572732235947299,-18.772732235947302,1.0,0.142713567839196
2013-08-01,AP,P1,98.0,92.0,98.85,-6.849999999999994,3.508927600248697,-10.358927600248691,1.0,0.06929691451694481
2013-09-01,AP,P1,98.0,99.1,98.4,0.6999999999999886,2.7535011131555365,-2.053501113155548,0.0,0.0
2013-10-01,AP,P1,98.0,100.2,98.85,1.3500000000000085,-1.5120132825487076,2.862013282548716,0.0,0.0
2013-11-01,AP,P1,98.0,99.3,98.85,0.45000000000000284,2.1516567511213367,-1.7016567511213339,0.0,0.0
2013-12-01,AP,P1,98.0,84.5,99.19999999999999,-14.699999999999989,2.60640406237944,-17.30640406237943,1.0,0.14818548387096764
2014-01-01,AP,P1,98.0,94.4,99.19999999999999,-4.799999999999983,-2.0476621917683104,-2.7523378082316725,0.0,0.0
2014-02-01,AP,P1,98.0,93.5,96.75,-3.25,-2.792859112442187,-0.4571408875578129,0.0,0.0
2014-03-01,AP,P1,98.0,66.6,93.95,-27.35000000000001,-3.53877556429201,-23.811224435708,1.0,0.29111229377328374
2014-04-01,AP,P1,98.0,49.4,92.75,-43.35,1.2502238171200304,-44.60022381712003,1.0,0.46738544474393534
2014-05-01,AP,P1,98.0,94.3,92.75,1.5499999999999972,-0.36476077640813287,1.91476077640813,0.0,0.0
2014-06-01,AP,P1,98.0,103.6,93.9,9.699999999999989,-0.31324120252595833,10.013241202525947,0.0,0.0
2014-07-01,AP,P1,98.0,99.2,93.9,5.299999999999997,4.252851151976785,1.0471488480232125,0.0,0.0
2014-08-01,AP,P1,98.0,88.7,94.35,-5.6499999999999915,3.28449501831453,-8.934495018314522,0.0,0.0
2014-09-01,AP,P1,98.0,94.4,94.35,0.05000000000001137,1.3394176467065506,-1.2894176467065392,0.0,0.0
2014-10-01,AP,P1,98.0,100.5,94.35,6.150000000000006,-2.6601266553334426,8.810126655333448,0.0,0.0
2014-11-01,AP,P1,98.0,93.5,94.35,-0.8499999999999943,1.4840699777208641,-2.3340699777208584,0.0,0.0
2014-12-01,AP,P1,98.0,86.3,93.9,-7.6000000000000085,3.620533449613191,-11.2205334496132,1.0,0.08093716719914812
2015-01-01,AP,P1,98.0,93.3,93.9,-0.6000000000000085,-2.6911980800303894,2.091198080030381,0.0,0.0
2015-02-01,AP,P1,98.0,92.8,93.5,-0.7000000000000028,-3.3310176178191284,2.6310176178191256,0.0,0.0
2015-03-01,AP,P1,98.0,89.8,93.4,-3.6000000000000085,-1.9847004794193026,-1.615299520580706,0.0,0.0
2015-04-01,AP,P1,98.0,87.1,93.4,-6.300000000000011,1.5410739863350216,-7.841073986335033,0.0,0.0
2015-05-01,AP,P1,98.0,97.2,93.4,3.799999999999997,1.4759285671822795,2.3240714328177177,0.0,0.0
2015-06-01,AP,P1,98.0,93.1,93.4,-0.30000000000001137,1.9511171025490341,-2.2511171025490455,0.0,0.0
2015-07-01,AP,P1,98.0,96.8,93.19999999999999,3.6000000000000085,3.0557377333776543,0.5442622666223542,0.0,0.0
2015-08-01,AP,P1,98.0,99.1,93.19999999999999,5.900000000000006,1.8056859359291053,4.0943140640709,0.0,0.0
2015-09-01,AP,P1,98.0,100.1,93.4,6.699999999999989,-1.3664700471523759,8.066470047152364,0.0,0.0
2015-10-01,AP,P1,98.0,89.1,93.4,-4.300000000000011,-5.391860194227817,1.091860194227806,0.0,0.0
2015-11-01,AP,P1,98.0,97.4,93.19999999999999,4.200000000000017,-0.17437136473932924,4.374371364739346,0.0,0.0
2015-12-01,AP,P1,98.0,98.6,93.19999999999999,5.400000000000006,0.7643563390498116,4.635643660950194,0.0,0.0
2016-01-01,AP,P1,98.0,96.2,95.05,1.1500000000000057,-2.8886621436113273,4.038662143611333,0.0,0.0
2016-02-01,AP,P1,98.0,92.6,96.5,-3.9000000000000057,-3.5245577597056865,-0.37544224029431916,0.0,0.0
2016-03-01,AP,P1,98.0,94.9,96.5,-1.5999999999999943,-2.9559891412146015,1.3559891412146072,0.0,0.0
2016-04-01,AP,P1,98.0,85.1,96.5,-11.400000000000006,-3.3241915540100706,-8.075808445989935,0.0,0.0
2016-05-01,AP,P1,98.0,98.7,96.5,2.200000000000003,-1.198061517499255,3.398061517499258,0.0,0.0
2016-06-01,AP,P1,98.0,101.6,96.5,5.099999999999994,0.8974965937010779,4.202503406298916,0.0,0.0
2016-07-01,AP,P1,98.0,99.6,97.1,2.5,1.9364538985348076,0.5635461014651924,0.0,0.0
2016-08-01,AP,P1,98.0,99.0,98.0,1.0,1.845090582742472,-0.845090582742472,0.0,0.0
2016-09-01,AP,P1,98.0,99.9,98.0,1.9000000000000057,0.15866812564314614,1.7413318743568595,0.0,0.0
2016-10-01,AP,P1,98.0,93.9,98.0,-4.099999999999994,-4.723091402132766,0.623091402132772,0.0,0.0
2016-11-01,AP,P1,98.0,87.7,98.0,-10.299999999999997,-0.7153253582996655,-9.584674641700332,0.0,0.0
2016-12-01,AP,P1,98.0,96.5,97.4,-0.9000000000000057,1.564604565051667,-2.4646045650516726,0.0,0.0
2017-01-01,AP,P1,98.0,99.1,96.35,2.75,-1.2909573956955285,4.0409573956955285,0.0,0.0
2017-02-01,AP,P1,98.0,100.4,97.6,2.8000000000000114,-4.720935372813216,7.520935372813227,0.0,0.0
2017-03-01,AP,P1,98.0,94.7,98.85,-4.1499999999999915,-1.5336044617988591,-2.6163955382011324,0.0,0.0
2017-04-01,AP,P1,98.0,81.7,98.85,-17.14999999999999,3.0628079979218796,-20.21280799792187,1.0,0.17349519473950423
2017-05-01,AP,P1,98.0,97.6,98.85,-1.25,4.190061117009321,-5.440061117009321,0.0,0.0
2017-06-01,AP,P1,98.0,99.9,98.3,1.6000000000000085,3.60813550230921,-2.0081355023092016,0.0,0.0
2017-07-01,AP,P1,98.0,70.5,98.3,-27.799999999999997,4.277367966874067,-32.077367966874064,1.0,0.28280773143438453
2017-08-01,AP,P1,98.0,98.7,97.05,1.6500000000000057,2.0007160996122764,-0.3507160996122707,0.0,0.0
2017-09-01,AP,P1,98.0,100.3,97.05,3.25,-5.504625985158484,8.754625985158484,0.0,0.0
2017-10-01,AP,P1,98.0,90.6,97.05,-6.450000000000003,-2.034401815848369,-4.415598184151634,0.0,0.0
2017-11-01,AP,P1,98.0,97.0,97.05,-0.04999999999999716,2.161157463158389,-2.2111574631583863,0.0,0.0
2017-12-01,AP,P1,98.0,95.8,97.3,-1.5,2.7932826214476307,-4.293282621447631,0.0,0.0
2018-01-01,AP,P1,98.0,96.7,97.3,-0.5999999999999943,-1.6846375482906666,1.0846375482906723,0.0,0.0
2018-02-01,AP,P1,98.0,95.1,96.85,-1.75,-4.691675561087038,2.941675561087038,0.0,0.0
2018-03-01,AP,P1,98.0,55.1,96.25,-41.15,-1.543237473017797,-39.6067625269822,1.0,0.42753246753246754
2018-04-01,AP,P1,98.0,53.0,96.25,-43.25,-0.7025847497531146,-42.547415250246885,1.0,0.44935064935064933
2018-05-01,AP,P1,98.0,100.3,96.25,4.049999999999997,0.9766870479464131,3.073312952053584,0.0,0.0
2018-06-01,AP,P1,98.0,103.4,96.25,7.150000000000006,4.756702102519242,2.393297897480764,0.0,0.0
2018-07-01,AP,P1,98.0,103.1,96.25,6.849999999999994,2.8454057962662205,4.004594203733774,0.0,0.0
2018-08-01,AP,P1,98.0,102.6,96.85,5.75,4.369430611523725,1.3805693884762746,0.0,0.0
2018-09-01,AP,P1,98.0,100.2,96.85,3.3500000000000085,1.1854342670446414,2.164565732955367,0.0,0.0
2018-10-01,AP,P1,98.0,104.7,96.85,7.8500000000000085,-2.9346981317058862,10.784698131705895,0.0,0.0
2018-11-01,AP,P1,98.0,104.7,98.6,6.1000000000000085,1.18699612759319,4.913003872406819,0.0,0.0
2018-12-01,AP,P1,98.0,104.4,100.25,4.150000000000006,2.084207320149261,2.0657926798507447,0.0,0.0
2019-01-01,AP,P1,98.0,102.1,101.44999999999999,0.6500000000000057,-2.350021763275919,3.0000217632759245,0.0,0.0
2019-02-01,AP,P1,98.0,96.9,102.35,-5.449999999999989,-7.418829249053999,1.9688292490540107,0.0,0.0
2019-03-01,AP,P1,98.0,100.3,102.35,-2.049999999999997,-6.546741418759993,4.496741418759996,0.0,0.0
2019-04-01,AP,P1,98.0,102.5,102.35,0.15000000000000568,-4.573494568847721,4.723494568847727,0.0,0.0
2019-05-01,AP,P1,98.0,101.4,102.55,-1.1499999999999915,-2.696488880081702,1.5464888800817107,0.0,0.0
2019-06-01,AP,P1,98.0,77.6,102.55,-24.950000000000003,1.8820585207223672,-26.83205852072237,1.0,0.24329595319356415
2019-07-01,AP,P1,98.0,105.1,102.3,2.799999999999997,1.8091466168465615,0.9908533831534356,0.0,0.0
2019-08-01,AP,P1,98.0,103.3,102.3,1.0,2.6151703288993104,-1.6151703288993104,0.0,0.0
2019-09-01,AP,P1,98.0,101.7,102.3,-0.5999999999999943,-3.2529140987683007,2.6529140987683064,0.0,0.0
2019-10-01,AP,P1,98.0,105.0,102.3,2.700000000000003,-5.054577595831773,7.754577595831776,0.0,0.0
2019-11-01,AP,P1,98.0,92.4,102.3,-9.899999999999991,-0.19841831038331748,-9.701581689616674,0.0,0.0
2019-12-01,AP,P1,98.0,103.3,101.9,1.3999999999999915,1.874360678398645,-0.4743606783986536,0.0,0.0
2020-01-01,AP,P1,98.0,103.3,101.9,1.3999999999999915,-1.7601471672117555,3.160147167211747,0.0,0.0
2020-02-01,AP,P1,98.0,98.5,102.1,-3.5999999999999943,-2.795048236131521,-0.8049517638684733,0.0,0.0
2020-03-01,AP,P1,98.0,98.1,102.1,-4.0,-6.728479939335571,2.728479939335571,0.0,0.0
2020-04-01,AP,P1,98.0,85.0,102.1,-17.099999999999994,-19.608449374411464,2.5084493744114695,0.0,0.0
2020-05-01,AP,P1,98.0,88.9,101.55000000000001,-12.650000000000006,-17.749593955618465,5.0995939556184595,0.0,0.0
2020-06-01,AP,P1,98.0,96.0,100.1,-4.099999999999994,-12.53865358825172,8.438653588251725,0.0,0.0
2020-07-01,AP,P1,98.0,96.5,100.1,-3.5999999999999943,-8.311379576650793,4.711379576650799,0.0,0.0
2020-08-01,AP,P1,98.0,98.1,98.3,-0.20000000000000284,-7.452153046431349,7.252153046431346,0.0,0.0
2020-09-01,AP,P1,98.0,102.1,98.1,4.0,-7.516117990010656,11.516117990010656,0.0,0.0
2020-10-01,AP,P1,98.0,91.2,98.1,-6.8999999999999915,-6.021330173764042,-0.8786698262359494,0.0,0.0
2020-11-01,AP,P1,98.0,92.4,97.3,-4.8999999999999915,0.03481843981231236,-4.934818439812304,0.0,0.0
2020-12-01,AP,P1,98.0,92.0,97.3,-5.299999999999997,-0.026487466012298455,-5.273512533987699,0.0,0.0
2021-01-01,AP,P1,98.0,93.7,96.25,-2.549999999999997,3.6241423510696364,-6.174142351069634,0.0,0.0
2021-02-01,AP,P1,98.0,101.3,94.85,6.450000000000003,-8.370016179461572,14.820016179461575,0.0,0.0
2021-03-01,AP,P1,98.0,97.7,94.85,2.8500000000000085,3.9445651413525127,-1.0945651413525042,0.0,0.0
2021-04-01,AP,P1,98.0,52.4,94.85,-42.449999999999996,8.349970844921373,-50.79997084492137,1.0,0.44754876120189774
2021-05-01,AP,P1,98.0,93.2,94.85,-1.6499999999999915,9.985723243562333,-11.635723243562325,1.0,0.017395888244596643
2021-06-01,AP,P1,98.0,91.7,94.85,-3.1499999999999915,13.169392024765273,-16.319392024765264,1.0,0.033210332103320944
2021-07-01,AP,P1,98.0,102.4,93.45,8.950000000000003,11.447102849337057,-2.497102849337054,0.0,0.0
2021-08-01,AP,P1,98.0,102.1,93.45,8.649999999999991,9.763881663206135,-1.1138816632061435,0.0,0.0
2021-09-01,AP,P1,98.0,103.2,93.45,9.75,4.949066531351733,4.800933468648267,0.0,0.0
2021-10-01,AP,P1,98.0,99.4,93.45,5.950000000000003,1.6196768040674954,4.3303231959325075,0.0,0.0
2021-11-01,AP,P1,98.0,96.0,95.7,0.29999999999999716,2.9547550627955985,-2.6547550627956014,0.0,0.0
2021-12-01,AP,P1,98.0,95.0,96.85,-1.8499999999999943,4.509675954944001,-6.359675954943995,0.0,0.0
2022-01-01,AP,P1,98.0,98.3,96.85,1.4500000000000028,0.9717961709332457,0.4782038290667572,0.0,0.0
2022-02-01,AP,P1,98.0,91.7,98.0,-6.299999999999997,-0.11785924044673379,-6.182140759553263,0.0,0.0
2022-03-01,AP,P1,98.0,53.8,96.85,-43.05,2.498611347788568,-45.548611347788565,1.0,0.4445018069179143
2022-04-01,AP,P1,98.0,40.2,95.5,-55.3,0.8188208344334242,-56.11882083443342,1.0,0.5790575916230366
2022-05-01,AP,P1,98.0,91.5,95.5,-4.0,3.8075718798753257,-7.807571879875326,0.0,0.0
2022-06-01,AP,P1,98.0,98.1,95.5,2.5999999999999943,5.296824045034697,-2.6968240450347025,0.0,0.0
2022-07-01,AP,P1,98.0,94.1,97.05,-2.950000000000003,3.908843017409808,-6.858843017409811,0.0,0.0
2022-08-01,AP,P1,98.0,91.4,95.5,-4.099999999999994,4.021646537124667,-8.121646537124661,0.0,0.0
2022-09-01,AP,P1,98.0,96.9,94.55,2.3500000000000085,1.9168325150909453,0.4331674849090632,0.0,0.0
2022-10-01,AP,P1,98.0,102.2,94.55,7.650000000000006,-1.0836130062756126,8.733613006275618,0.0,0.0
2022-11-01,AP,P1,98.0,100.8,94.55,6.25,2.722868854267446,3.527131145732554,0.0,0.0
2022-12-01,AP,P1,98.0,91.0,94.55,-3.549999999999997,-4.00716268388129,0.4571626838812932,0.0,0.0
2023-01-01,AP,P1,98.0,95.1,92.9,2.1999999999999886,-5.506346336437403,7.706346336437392,0.0,0.0
2023-02-01,AP,P1,98.0,101.7,92.9,8.799999999999997,-5.361521367716023,14.16152136771602,0.0,0.0
2023-03-01,AP,P1,98.0,102.8,94.6,8.200000000000003,-4.281691673182095,12.481691673182098,0.0,0.0
2023-04-01,AP,P1,98.0,101.4,96.0,5.400000000000006,-1.2957978870469589,6.6957978870469645,0.0,0.0
2023-05-01,AP,P1,98.0,95.8,97.5,-1.7000000000000028,0.33844951306251403,-2.038449513062517,0.0,0.0
2023-06-01,AP,P1,98.0,100.7,97.5,3.200000000000003,2.105373768355207,1.0946262316447957,0.0,0.0
2023-07-01,AP,P1,98.0,103.2,98.80000000000001,4.3999999999999915,2.770969788885907,1.6290302111140846,0.0,0.0
2023-08-01,AP,P1,98.0,102.8,100.75,2.049999999999997,3.135188265243187,-1.0851882652431897,0.0,0.0
2023-09-01,AP,P1,98.0,98.4,101.1,-2.6999999999999886,0.4625470655934407,-3.1625470655934294,0.0,0.0
2023-10-01,AP,P1,98.0,101.8,101.1,0.7000000000000028,-4.20253740778314,4.902537407783143,0.0,0.0
2023-11-01,AP,P1,98.0,100.1,101.1,-1.0,-0.9121479936960668,-0.0878520063039332,0.0,0.0
2023-12-01,AP,P1,98.0,98.1,101.05000000000001,-2.950000000000017,3.094770982061121,-6.044770982061138,0.0,0.0
2024-01-01,AP,P1,98.0,96.5,101.05000000000001,-4.550000000000011,-4.678007099547997,0.12800709954798606,0.0,0.0
2024-02-01,AP,P1,98.0,91.8,101.05000000000001,-9.250000000000014,-8.066926209595309,-1.1830737904047055,0.0,0.0
2024-03-01,AP,P1,98.0,87.1,100.4,-13.300000000000011,-2.0663207301703608,-11.23367926982965,1.0,0.13247011952191245
2024-04-01,AP,P1,98.0,89.1,99.25,-10.150000000000006,-1.3156876806178701,-8.834312319382136,0.0,0.0
2024-05-01,AP,P1,98.0,97.3,98.25,-0.9500000000000028,2.846553657251718,-3.796553657251721,0.0,0.0
2024-06-01,AP,P1,98.0,101.0,98.25,2.75,3.5301973770254733,-0.7801973770254733,0.0,0.0
2024-07-01,AP,P1,98.0,99.7,98.25,1.4500000000000028,1.7560659344293583,-0.3060659344293555,0.0,0.0
2024-08-01,AP,P1,98.0,95.1,98.25,-3.1500000000000057,3.3213672706715016,-6.471367270671507,0.0,0.0
2024-09-01,AP,P1,98.0,90.0,97.69999999999999,-7.699999999999989,-0.22300687713322986,-7.476993122866759,0.0,0.0
2024-10-01,AP,P1,98.0,54.8,96.9,-42.10000000000001,-0.48206324847386384,-41.617936751526145,1.0,0.43446852425180604
2024-11-01,AP,P1,98.0,89.1,95.8,-6.700000000000003,1.411020230486443,-8.111020230486446,0.0,0.0
2024-12-01,AP,P1,98.0,97.6,93.44999999999999,4.150000000000006,2.0055192230598777,2.144480776940128,0.0,0.0
2025-01-01,AP,P1,100.0,99.2,93.44999999999999,5.750000000000014,-3.864208728785343,9.614208728785357,0.0,0.0
2025-02-01,AP,P1,100.0,100.3,93.44999999999999,6.8500000000000085,-5.788562832128818,12.638562832128827,0.0,0.0
2025-03-01,AP,P1,100.0,96.7,96.19999999999999,0.5000000000000142,-1.5488315282628662,2.0488315282628804,0.0,0.0
2025-04-01,AP,P1,100.0,78.5,97.0,-18.5,-0.1902169145301542,-18.309783085469846,1.0,0.19072164948453607
2025-05-01,AP,P1,100.0,80.6,97.0,-16.400000000000006,3.116587780895756,-19.51658778089576,1.0,0.16907216494845367
2025-06-01,AP,P1,100.0,88.5,95.9,-7.400000000000006,4.399165832765135,-11.79916583276514,1.0,0.07716371220020861
2025-07-01,AP,P1,100.0,102.0,92.55,9.450000000000003,4.556888425133408,4.8931115748665945,0.0,0.0
2025-08-01,AP,P1,100.0,101.7,92.55,9.150000000000006,4.182845145578327,4.967154854421679,0.0,0.0
2025-09-01,AP,P1,100.0,100.0,93.35,6.650000000000006,1.9734256330037283,4.676574366996277,0.0,0.0
2025-10-01,AP,P1,100.0,97.6,97.15,0.44999999999998863,-4.165038185158082,4.61503818515807,0.0,0.0
2025-11-01,AP,P1,100.0,97.6,97.6,0.0,1.1476831666894185,-1.1476831666894185,0.0,0.0
2025-12-01,AP,P1,100.0,90.9,97.6,-6.699999999999989,2.674922367080086,-9.374922367080075,0.0,0.0
2026-01-01,AP,P1,100.0,90.7,97.6,-6.8999999999999915,-1.8881275518184708,-5.011872448181521,0.0,0.0
2026-02-01,AP,P1,100.0,89.2,97.15,-7.950000000000003,-4.347140876342209,-3.602859123657794,0.0,0.0
2026-03-01,AP,P1,100.0,94.1,93.80000000000001,0.29999999999998295,-1.6661842624423713,1.9661842624423542,0.0,0.0
2026-04-01,AP,P1,100.0,95.1,92.5,2.5999999999999943,-3.2261287531445646,5.826128753144559,0.0,0.0
2026-05-01,AP,P1,100.0,98.0,94.6,3.4000000000000057,0.6417257502912719,2.758274249708734,0.0,0.0
2026-06-01,AP,P1,100.0,96.7,96.35,0.3500000000000085,3.1450487282120463,-2.7950487282120378,0.0,0.0
2026-07-01,AP,P1,100.0,96.7,97.15,-0.45000000000000284,3.2509939174965723,-3.700993917496575,0.0,0.0
1985-01-01,EC,P1,1472.0,68.1,,,,,,0.0
1985-02-01,EC,P1,1404.0,72.0,,,,,,0.0
1985-03-01,EC,P1,1404.0,72.0,,,,,,0.0
1985-04-01,EC,P1,1404.0,75.5,,,,,,0.0
1985-05-01,EC,P1,1421.0,74.7,,,,,,0.0
1985-06-01,EC,P1,1423.0,79.3,,,,,,0.0
1985-07-01,EC,P1,1423.0,77.2,,,,,,0.0
1985-08-01,EC,P1,1425.0,76.9,,,,,,0.0
1985-09-01,EC,P1,1425.0,71.0,,,,,,0.0
1985-10-01,EC,P1,1425.0,77.8,,,,,,0.0
1985-11-01,EC,P1,1425.0,78.9,,,,,,0.0
1985-12-01,EC,P1,1425.0,76.7,,,,,,0.0
1986-01-01,EC,P1,1345.0,77.7,76.1,1.6000000000000085,3.3794184225918826,-1.779418422591874,0.0,0.0
1986-02-01,EC,P1,1355.0,73.6,76.80000000000001,-3.200000000000017,-0.5297312694749365,-2.6702687305250805,0.0,0.0
1986-03-01,EC,P1,1355.0,74.0,76.80000000000001,-2.8000000000000114,-2.532202086595561,-0.2677979134044506,0.0,0.0
1986-04-01,EC,P1,1346.0,74.4,76.80000000000001,-2.4000000000000057,3.0102177084676924,-5.410217708467698,0.0,0.0
1986-05-01,EC,P1,1346.0,86.3,76.80000000000001,9.499999999999986,7.057715632446346,2.44228436755364,0.0,0.0
1986-06-01,EC,P1,1346.0,92.6,77.05000000000001,15.549999999999983,6.515430974419743,9.03456902558024,0.0,0.0
1986-07-01,EC,P1,1346.0,88.2,77.05000000000001,11.149999999999991,3.5399241831872246,7.610075816812767,0.0,0.0
1986-08-01,EC,P1,1346.0,92.5,77.30000000000001,15.199999999999989,6.077403834738362,9.122596165261626,0.0,0.0
1986-09-01,EC,P1,1346.0,91.2,77.75,13.450000000000003,4.1589583429821175,9.291041657017885,0.0,0.0
1986-10-01,EC,P1,1346.0,88.4,78.35,10.050000000000011,1.4049025435373892,8.645097456462622,0.0,0.0
1986-11-01,EC,P1,1346.0,81.7,82.6,-0.8999999999999915,1.79466009831512,-2.6946600983151114,0.0,0.0
1986-12-01,EC,P1,1346.0,83.8,84.0,-0.20000000000000284,0.4101450931230204,-0.6101450931230232,0.0,0.0
1987-01-01,EC,P1,1341.0,75.9,85.05,-9.149999999999991,-2.064585173255125,-7.0854148267448664,0.0,0.0
1987-02-01,EC,P1,1341.0,79.4,85.05,-5.6499999999999915,-3.913662311452697,-1.7363376885472945,0.0,0.0
1987-03-01,EC,P1,1341.0,76.0,85.05,-9.049999999999997,-5.172055282045164,-3.8779447179548328,0.0,0.0
1987-04-01,EC,P1,1341.0,86.7,85.05,1.6500000000000057,-2.6330799574459434,4.283079957445949,0.0,0.0
1987-05-01,EC,P1,1341.0,87.3,86.5,0.7999999999999972,-1.2674924967919878,2.067492496791985,0.0,0.0
1987-06-01,EC,P1,1341.0,95.7,87.0,8.700000000000003,2.1091823788544275,6.590817621145575,0.0,0.0
1987-07-01,EC,P1,1341.0,93.7,87.0,6.700000000000003,3.4699698314957175,3.2300301685042854,0.0,0.0
1987-08-01,EC,P1,1341.0,94.6,87.0,7.599999999999994,3.4847209843049995,4.115279015694995,0.0,0.0
1987-09-01,EC,P1,1341.0,87.6,87.0,0.5999999999999943,2.225835224158331,-1.6258352241583367,0.0,0.0
1987-10-01,EC,P1,1341.0,83.0,87.0,-4.0,-0.5397043148731768,-3.460295685126823,0.0,0.0
1987-11-01,EC,P1,1341.0,84.2,85.25,-1.0499999999999972,-0.9557356888449817,-0.09426431115501543,0.0,0.0
1987-12-01,EC,P1,1361.0,90.4,85.45,4.950000000000003,1.2892766318278603,3.6607233681721425,0.0,0.0
1988-01-01,EC,P1,1369.0,88.9,87.0,1.9000000000000057,0.15671516336347224,1.7432848366365334,0.0,0.0
1988-02-01,EC,P1,1369.0,88.6,87.44999999999999,1.1500000000000057,-1.8875332356537342,3.03753323565374,0.0,0.0
1988-03-01,EC,P1,1352.0,84.4,88.1,-3.6999999999999886,0.5893341572292883,-4.289334157229277,0.0,0.0
1988-04-01,EC,P1,1352.0,78.5,88.1,-9.599999999999994,0.9483000846020104,-10.548300084602005,1.0,0.10896708286038587
1988-05-01,EC,P1,1352.0,85.3,88.1,-2.799999999999997,2.103784141442702,-4.903784141442699,0.0,0.0
1988-06-01,EC,P1,1352.0,91.2,88.1,3.1000000000000085,2.093638832375845,1.0063611676241635,0.0,0.0
1988-07-01,EC,P1,1352.0,96.4,88.1,8.300000000000011,2.5434321048283692,5.756567895171642,0.0,0.0
1988-08-01,EC,P1,1352.0,96.6,88.1,8.5,3.4706222289040767,5.029377771095923,0.0,0.0
1988-09-01,EC,P1,1352.0,89.3,88.1,1.2000000000000028,-0.31863037031827446,1.5186303703182773,0.0,0.0
1988-10-01,EC,P1,1354.0,86.5,88.75,-2.25,-0.35992451597084596,-1.890075484029154,0.0,0.0
1988-11-01,EC,P1,1354.0,83.8,88.75,-4.950000000000003,0.16059517060720907,-5.110595170607212,0.0,0.0
1988-12-01,EC,P1,1354.0,89.6,88.75,0.8499999999999943,1.2065172554753048,-0.35651725547531044,0.0,0.0
1989-01-01,EC,P1,1325.0,90.3,88.75,1.5499999999999972,2.269736984831198,-0.7197369848312007,0.0,0.0
1989-02-01,EC,P1,1339.0,87.2,88.94999999999999,-1.7499999999999858,-1.7612451867868089,0.01124518678682307,0.0,0.0
1989-03-01,EC,P1,1339.0,82.9,88.25,-5.349999999999994,-0.7554049041973059,-4.594595095802688,0.0,0.0
1989-04-01,EC,P1,1339.0,71.9,88.25,-16.349999999999994,-0.9020813561787691,-15.447918643821225,1.0,0.1852691218130311
1989-05-01,EC,P1,1339.0,69.6,88.25,-18.650000000000006,1.9151160375523801,-20.565116037552386,1.0,0.21133144475920687
1989-06-01,EC,P1,1339.0,91.1,88.25,2.8499999999999943,5.085430950566874,-2.2354309505668795,0.0,0.0
1989-07-01,EC,P1,1339.0,92.3,88.25,4.049999999999997,4.378163434643298,-0.3281634346433009,0.0,0.0
1989-08-01,EC,P1,1339.0,93.8,88.25,5.549999999999997,4.757523564335017,0.7924764356649803,0.0,0.0
1989-09-01,EC,P1,1339.0,96.0,88.25,7.75,3.881265936515888,3.868734063484112,0.0,0.0
1989-10-01,EC,P1,1339.0,95.4,88.4,7.0,0.3897879640323083,6.610212035967692,0.0,0.0
1989-11-01,EC,P1,1339.0,88.8,89.94999999999999,-1.1499999999999915,-0.03257487330654385,-1.1174251266934476,0.0,0.0
1989-12-01,EC,P1,1339.0,88.3,89.94999999999999,-1.6499999999999915,-2.1720284790656734,0.522028479065682,0.0,0.0
1990-01-01,EC,P1,1381.0,93.6,89.55,4.049999999999997,1.581614951387479,2.468385048612518,0.0,0.0
1990-02-01,EC,P1,1381.0,94.6,89.94999999999999,4.650000000000006,1.6187697258800853,3.0312302741199204,0.0,0.0
1990-03-01,EC,P1,1381.0,85.0,91.69999999999999,-6.699999999999989,-3.1699083007276982,-3.5300916992722904,0.0,0.0
1990-04-01,EC,P1,1381.0,78.9,91.69999999999999,-12.799999999999983,-2.0899185689859365,-10.710081431014046,1.0,0.13958560523446004
1990-05-01,EC,P1,1381.0,82.9,91.69999999999999,-8.799999999999983,0.004042411632724452,-8.804042411632707,0.0,0.0
1990-06-01,EC,P1,1381.0,86.3,91.69999999999999,-5.3999999999999915,1.6272695346844301,-7.027269534684422,0.0,0.0
1990-07-01,EC,P1,1381.0,95.3,90.55,4.75,4.972662091583999,-0.22266209158399874,0.0,0.0
1990-08-01,EC,P1,1381.0,75.7,91.19999999999999,-15.499999999999986,3.2019299169562743,-18.70192991695626,1.0,0.16995614035087706
1990-09-01,EC,P1,1381.0,94.0,88.55,5.450000000000003,3.6303504011071652,1.8196495988928376,0.0,0.0
1990-10-01,EC,P1,1381.0,77.7,88.55,-10.849999999999994,-3.965306122660323,-6.8846938773396715,0.0,0.0
1990-11-01,EC,P1,1381.0,74.1,87.3,-13.200000000000003,-3.255431864665809,-9.944568135334194,0.0,0.0
1990-12-01,EC,P1,1381.0,71.1,85.65,-14.550000000000011,-4.639762070911615,-9.910237929088396,0.0,0.0
1991-01-01,EC,P1,1386.0,73.9,83.95,-10.049999999999997,-4.929044213542824,-5.1209557864571735,0.0,0.0
1991-02-01,EC,P1,1386.0,80.7,80.9,-0.20000000000000284,-1.670854802289611,1.4708548022896082,0.0,0.0
1991-03-01,EC,P1,1386.0,81.6,79.80000000000001,1.799999999999983,-1.4981016708613737,3.2981016708613566,0.0,0.0
1991-04-01,EC,P1,1386.0,80.9,79.80000000000001,1.0999999999999943,-0.09798619526898733,1.1979861952689816,0.0,0.0
1991-05-01,EC,P1,1386.0,83.7,80.80000000000001,2.8999999999999915,3.015339191201548,-0.11533919120155645,0.0,0.0
1991-06-01,EC,P1,1388.0,87.2,80.80000000000001,6.3999999999999915,5.324292424798159,1.0757075752018324,0.0,0.0
1991-07-01,EC,P1,1388.0,86.8,80.80000000000001,5.999999999999986,4.323740470846204,1.676259529153782,0.0,0.0
1991-08-01,EC,P1,1388.0,86.3,80.80000000000001,5.499999999999986,4.5434308869711515,0.9565691130288343,0.0,0.0
1991-09-01,EC,P1,1388.0,86.7,81.25,5.450000000000003,3.7865978186086835,1.6634021813913193,0.0,0.0
1991-10-01,EC,P1,1388.0,69.4,81.25,-11.849999999999994,-1.0379432453344037,-10.81205675466559,1.0,0.14584615384615376
1991-11-01,EC,P1,1388.0,76.4,81.25,-4.849999999999994,-0.813569755956479,-4.036430244043515,0.0,0.0
1991-12-01,EC,P1,1388.0,79.0,81.25,-2.25,2.07150678476323,-4.32150678476323,0.0,0.0
1992-01-01,EC,P1,1424.0,74.5,81.25,-6.75,-2.153875126985895,-4.596124873014105,0.0,0.0
1992-02-01,EC,P1,1418.0,73.9,81.25,-7.349999999999994,-4.27925124782071,-3.0707487521792842,0.0,0.0
1992-03-01,EC,P1,1415.0,73.0,81.25,-8.25,-0.5145356386749427,-7.735464361325057,0.0,0.0
1992-04-01,EC,P1,1415.0,83.6,79.95,3.6499999999999915,-0.37576609886409074,4.025766098864082,0.0,0.0
1992-05-01,EC,P1,1415.0,83.4,81.3,2.1000000000000085,3.377657885260575,-1.2776578852605667,0.0,0.0
1992-06-01,EC,P1,1415.0,89.5,81.2,8.299999999999997,6.395017998760622,1.9049820012393752,0.0,0.0
1992-07-01,EC,P1,1415.0,85.6,81.2,4.3999999999999915,5.860552572240266,-1.4605525722402746,0.0,0.0
1992-08-01,EC,P1,1415.0,77.7,81.2,-3.5,3.056884578210486,-6.556884578210486,0.0,0.0
1992-09-01,EC,P1,1415.0,82.2,78.35,3.8500000000000085,4.69142788791298,-0.8414278879129711,0.0,0.0
1992-10-01,EC,P1,1424.0,86.2,78.35,7.8500000000000085,3.306484611184459,4.54351538881555,0.0,0.0
1992-11-01,EC,P1,1424.0,81.5,80.6,0.9000000000000057,2.324635598731234,-1.4246355987312285,0.0,0.0
1992-12-01,EC,P1,1424.0,78.4,81.85,-3.4499999999999886,-1.661169596942031,-1.7888304030579576,0.0,0.0
1993-01-01,EC,P1,1442.0,78.8,81.85,-3.049999999999997,-2.4201088664155748,-0.6298911335844224,0.0,0.0
1993-02-01,EC,P1,1442.0,69.6,81.85,-12.25,-2.6271779867038134,-9.622822013296187,0.0,0.0
1993-03-01,EC,P1,1442.0,72.0,81.85,-9.849999999999994,0.07597628938157186,-9.925976289381566,0.0,0.0
1993-04-01,EC,P1,1452.0,89.9,81.85,8.050000000000011,1.988341524542264,6.061658475457747,0.0,0.0
1993-05-01,EC,P1,1452.0,92.6,81.85,10.75,3.456248221341866,7.293751778658134,0.0,0.0
1993-06-01,EC,P1,1452.0,94.4,81.85,12.550000000000011,5.336087915725983,7.213912084274028,0.0,0.0
1993-07-01,EC,P1,1452.0,92.9,81.85,11.050000000000011,5.387771200507956,5.6622287994920555,0.0,0.0
1993-08-01,EC,P1,1452.0,87.5,81.85,5.650000000000006,3.001034727403649,2.6489652725963566,0.0,0.0
1993-09-01,EC,P1,1452.0,92.7,84.2,8.5,2.32488638671191,6.17511361328809,0.0,0.0
1993-10-01,EC,P1,1410.0,100.1,86.85,13.25,1.1250374272366486,12.124962572763351,0.0,0.0
1993-11-01,EC,P1,1433.0,92.4,88.7,3.700000000000003,0.3829993806863712,3.3170006193136317,0.0,0.0
1993-12-01,EC,P1,1433.0,84.9,91.15,-6.25,-0.7266277160969423,-5.523372283903058,0.0,0.0
1994-01-01,EC,P1,1426.0,81.7,91.15,-9.450000000000003,-2.084868289382996,-7.365131710617007,0.0,0.0
1994-02-01,EC,P1,1426.0,90.1,91.15,-1.0500000000000114,-3.1551670390244055,2.105167039024394,0.0,0.0
1994-03-01,EC,P1,1426.0,77.7,91.25,-13.549999999999997,-4.334127715050755,-9.215872284949242,0.0,0.0
1994-04-01,EC,P1,1426.0,85.2,91.25,-6.049999999999997,0.512353824148903,-6.5623538241489,0.0,0.0
1994-05-01,EC,P1,1426.0,92.8,91.25,1.5499999999999972,3.242904960896226,-1.6929049608962288,0.0,0.0
1994-06-01,EC,P1,1426.0,96.0,91.25,4.75,3.5961068338765045,1.1538931661234955,0.0,0.0
1994-07-01,EC,P1,1426.0,93.5,91.25,2.25,3.3148506156177717,-1.0648506156177717,0.0,0.0
1994-08-01,EC,P1,1426.0,91.3,91.25,0.04999999999999716,4.230169349963404,-4.180169349963407,0.0,0.0
1994-09-01,EC,P1,1426.0,89.2,91.85,-2.6499999999999915,2.246250296830695,-4.8962502968306865,0.0,0.0
1994-10-01,EC,P1,1439.0,87.1,90.69999999999999,-3.5999999999999943,-2.3911517399596676,-1.2088482600403267,0.0,0.0
1994-11-01,EC,P1,1439.0,95.0,89.65,5.349999999999994,0.4760509032583684,4.873949096741626,0.0,0.0
1994-12-01,EC,P1,1439.0,87.4,89.65,-2.25,0.11830492387221625,-2.3683049238722162,0.0,0.0
1995-01-01,EC,P1,1475.0,84.5,89.65,-5.150000000000006,-3.0366052355474267,-2.113394764452579,0.0,0.0
1995-02-01,EC,P1,1475.0,92.5,89.65,2.8499999999999943,-3.6401625225276604,6.490162522527655,0.0,0.0
1995-03-01,EC,P1,1475.0,93.3,90.25,3.049999999999997,-5.966108615572182,9.016108615572179,0.0,0.0
1995-04-01,EC,P1,1475.0,87.9,91.9,-4.0,-2.143383403474516,-1.856616596525484,0.0,0.0
1995-05-01,EC,P1,1475.0,89.7,91.9,-2.200000000000003,1.337832812647278,-3.537832812647281,0.0,0.0
1995-06-01,EC,P1,1475.0,95.0,90.5,4.5,2.986864399804432,1.513135600195568,0.0,0.0
1995-07-01,EC,P1,1475.0,93.4,90.5,2.9000000000000057,1.4068195312713954,1.4931804687286103,0.0,0.0
1995-08-01,EC,P1,1475.0,98.3,90.5,7.799999999999997,1.3668641553639418,6.433135844636055,0.0,0.0
1995-09-01,EC,P1,1475.0,96.1,91.1,5.0,2.910940476229996,2.089059523770004,0.0,0.0
1995-10-01,EC,P1,1475.0,85.6,92.9,-7.300000000000011,-2.14870368864176,-5.1512963113582515,0.0,0.0
1995-11-01,EC,P1,1475.0,91.6,92.9,-1.3000000000000114,-0.5103164611690261,-0.7896835388309853,0.0,0.0
1995-12-01,EC,P1,1496.0,88.0,92.05,-4.049999999999997,0.9444343468755392,-4.994434346875536,0.0,0.0
1996-01-01,EC,P1,1498.0,85.0,92.05,-7.049999999999997,-2.1068500425796515,-4.943149957420346,0.0,0.0
1996-02-01,EC,P1,1326.0,84.4,92.05,-7.6499999999999915,-2.538001441794165,-5.111998558205826,0.0,0.0
1996-03-01,EC,P1,1326.0,81.7,90.65,-8.950000000000003,-0.919995983909871,-8.030004016090132,0.0,0.0
1996-04-01,EC,P1,1326.0,89.8,88.85,0.9500000000000028,2.3007520242550044,-1.3507520242550015,0.0,0.0
1996-05-01,EC,P1,1326.0,92.2,89.75,2.450000000000003,2.1062332145862115,0.34376678541379135,0.0,0.0
1996-06-01,EC,P1,1326.0,88.6,90.69999999999999,-2.0999999999999943,2.738233913643228,-4.838233913643222,0.0,0.0
1996-07-01,EC,P1,1341.0,91.1,89.19999999999999,1.9000000000000057,1.270060345612464,0.6299396543875417,0.0,0.0
1996-08-01,EC,P1,1341.0,92.9,89.19999999999999,3.700000000000017,1.2979568587820438,2.4020431412179732,0.0,0.0
1996-09-01,EC,P1,1337.0,95.6,89.19999999999999,6.400000000000006,1.7753173567198246,4.624682643280181,0.0,0.0
1996-10-01,EC,P1,1337.0,89.6,89.19999999999999,0.4000000000000057,0.5071915375848306,-0.10719153758482491,0.0,0.0
1996-11-01,EC,P1,1337.0,89.3,89.69999999999999,-0.3999999999999915,-0.5715760114305652,0.17157601143057377,0.0,0.0
1996-12-01,EC,P1,1337.0,90.6,89.44999999999999,1.1500000000000057,-0.4851802054017327,1.6351802054017384,0.0,0.0
1997-01-01,EC,P1,1365.0,83.7,89.69999999999999,-5.999999999999986,-5.683388405386182,-0.3166115946138035,0.0,0.0
1997-02-01,EC,P1,1365.0,88.9,89.69999999999999,-0.799999999999983,-6.789044631117491,5.989044631117508,0.0,0.0
1997-03-01,EC,P1,1545.0,78.8,89.69999999999999,-10.899999999999991,-4.24393150998111,-6.656068490018882,0.0,0.0
1997-04-01,EC,P1,1545.0,83.0,89.69999999999999,-6.699999999999989,-2.158671024711296,-4.5413289752886925,0.0,0.0
1997-05-01,EC,P1,1545.0,92.2,89.44999999999999,2.750000000000014,3.0551252185479143,-0.3051252185479001,0.0,0.0
1997-06-01,EC,P1,1545.0,93.6,89.44999999999999,4.150000000000006,3.3535833514723095,0.7964166485276962,0.0,0.0
1997-07-01,EC,P1,1545.0,93.4,90.1,3.3000000000000114,2.6698974027528237,0.6301025972471876,0.0,0.0
1997-08-01,EC,P1,1545.0,93.1,90.1,3.0,4.4425399972080015,-1.4425399972080015,0.0,0.0
1997-09-01,EC,P1,1545.0,97.4,90.1,7.300000000000011,5.0840108390008965,2.215989160999115,0.0,0.0
1997-10-01,EC,P1,1545.0,96.9,90.1,6.800000000000011,2.464776125502624,4.335223874497387,0.0,0.0
1997-11-01,EC,P1,1545.0,88.4,91.4,-3.0,0.12385636952483026,-3.1238563695248303,0.0,0.0
1997-12-01,EC,P1,1545.0,86.8,91.4,-4.6000000000000085,0.8414015916199418,-5.44140159161995,0.0,0.0
1998-01-01,EC,P1,1547.0,92.6,90.55000000000001,2.049999999999983,-3.731281795628476,5.781281795628459,0.0,0.0
1998-02-01,EC,P1,1547.0,92.1,92.4,-0.30000000000001137,-6.299894666136481,5.99989466613647,0.0,0.0
1998-03-01,EC,P1,1547.0,94.2,92.4,1.7999999999999972,-2.3419874799689353,4.1419874799689325,0.0,0.0
1998-04-01,EC,P1,1547.0,97.6,92.85,4.75,0.4784273394841847,4.271572660515815,0.0,0.0
1998-05-01,EC,P1,1547.0,98.4,93.25,5.150000000000006,1.275327071587597,3.8746729284124086,0.0,0.0
1998-06-01,EC,P1,1547.0,97.9,93.5,4.400000000000006,1.86417421357676,2.5358257864232456,0.0,0.0
1998-07-01,EC,P1,1547.0,95.8,93.80000000000001,1.9999999999999858,2.0503267549477755,-0.05032675494778971,0.0,0.0
1998-08-01,EC,P1,1547.0,96.7,95.0,1.7000000000000028,2.4106758104711616,-0.7106758104711588,0.0,0.0
1998-09-01,EC,P1,1547.0,92.8,96.25,-3.450000000000003,-2.320993909662789,-1.1290060903372137,0.0,0.0
1998-10-01,EC,P1,1547.0,76.0,95.0,-19.0,-7.484719759987229,-11.515280240012771,1.0,0.2
1998-11-01,EC,P1,1557.0,99.2,93.5,5.700000000000003,-1.6915600643901456,7.3915600643901485,0.0,0.0
1998-12-01,EC,P1,1557.0,94.2,95.0,-0.7999999999999972,-1.0364722287333876,0.23647222873339047,0.0,0.0
1999-01-01,EC,P1,1591.0,92.3,95.0,-2.700000000000003,-4.670101921727351,1.9701019217273483,0.0,0.0
1999-02-01,EC,P1,1591.0,91.4,95.0,-3.5999999999999943,-5.041981842262189,1.4419818422621944,0.0,0.0
1999-03-01,EC,P1,1591.0,87.4,95.0,-7.599999999999994,-4.116618887777307,-3.4833811122226876,0.0,0.0
1999-04-01,EC,P1,1591.0,91.5,95.0,-3.5,-0.41492010748530106,-3.085079892514699,0.0,0.0
1999-05-01,EC,P1,1591.0,94.4,93.5,0.9000000000000057,-0.9984638941545256,1.8984638941545313,0.0,0.0
1999-06-01,EC,P1,1591.0,92.7,93.5,-0.7999999999999972,-1.2518633292066141,0.451863329206617,0.0,0.0
1999-07-01,EC,P1,1591.0,91.8,92.75,-0.9500000000000028,0.5955037160234724,-1.5455037160234752,0.0,0.0
1999-08-01,EC,P1,1591.0,95.4,92.5,2.9000000000000057,1.271357105021508,1.6286428949784977,0.0,0.0
1999-09-01,EC,P1,1591.0,91.3,92.5,-1.2000000000000028,-0.1559792907974895,-1.0440207092025133,0.0,0.0
1999-10-01,EC,P1,1591.0,89.3,92.05,-2.75,-2.947474704746597,0.19747470474659679,0.0,0.0
1999-11-01,EC,P1,1591.0,87.7,92.05,-4.349999999999994,-1.9919799124272686,-2.3580200875727257,0.0,0.0
1999-12-01,EC,P1,1591.0,84.3,91.65,-7.3500000000000085,-3.320918038398162,-4.029081961601847,0.0,0.0
2000-01-01,EC,P1,1603.0,77.3,91.45,-14.150000000000006,-7.0134854895324,-7.136514510467606,0.0,0.0
2000-02-01,EC,P1,1603.0,90.2,91.35,-1.1499999999999915,-6.361114860534315,5.211114860534323,0.0,0.0
2000-03-01,EC,P1,1603.0,95.4,90.75,4.650000000000006,-3.0279289394099322,7.677928939409938,0.0,0.0
2000-04-01,EC,P1,1603.0,94.3,91.4,2.8999999999999915,-0.16935984750953992,3.0693598475095314,0.0,0.0
2000-05-01,EC,P1,1603.0,93.5,91.55,1.9500000000000028,2.370287800078998,-0.42028780007899513,0.0,0.0
2000-06-01,EC,P1,1603.0,94.2,91.55,2.6500000000000057,3.8827664780195335,-1.2327664780195278,0.0,0.0
2000-07-01,EC,P1,1603.0,95.8,91.55,4.25,4.526598689936847,-0.2765986899368471,0.0,0.0
2000-08-01,EC,P1,1603.0,97.4,92.4,5.0,3.5311147292024287,1.4688852707975713,0.0,0.0
2000-09-01,EC,P1,1603.0,89.0,92.4,-3.4000000000000057,1.863294372590488,-5.263294372590494,0.0,0.0
2000-10-01,EC,P1,1603.0,90.7,91.85,-1.1499999999999915,-0.09116159454174522,-1.0588384054582463,0.0,0.0
2000-11-01,EC,P1,1603.0,92.8,92.1,0.7000000000000028,0.15813356118280808,0.5418664388171948,0.0,0.0
2000-12-01,EC,P1,1603.0,89.9,93.15,-3.25,1.3237253486224034,-4.573725348622403,0.0,0.0
2001-01-01,EC,P1,1607.0,92.0,93.15,-1.1500000000000057,-3.0644353496679884,1.9144353496679827,0.0,0.0
2001-02-01,EC,P1,1607.0,94.5,93.15,1.3499999999999943,-2.7012653834680833,4.051265383468078,0.0,0.0
2001-03-01,EC,P1,1607.0,83.0,93.85,-10.849999999999994,-3.820162940761776,-7.029837059238218,0.0,0.0
2001-04-01,EC,P1,1607.0,89.0,93.15,-4.150000000000006,1.6975147663683856,-5.847514766368391,0.0,0.0
2001-05-01,EC,P1,1607.0,96.7,92.4,4.299999999999997,2.3687306301680167,1.9312693698319805,0.0,0.0
2001-06-01,EC,P1,1607.0,87.8,92.4,-4.6000000000000085,1.5804831764221774,-6.180483176422186,0.0,0.0
2001-07-01,EC,P1,1607.0,88.7,91.35,-2.6499999999999915,-0.17265136841821516,-2.4773486315817763,0.0,0.0
2001-08-01,EC,P1,1607.0,78.8,90.30000000000001,-11.500000000000014,-0.5957843315693623,-10.904215668430652,1.0,0.12735326688815074
2001-09-01,EC,P1,1607.0,81.2,89.45,-8.25,-1.315326519697578,-6.934673480302422,0.0,0.0
2001-10-01,EC,P1,1607.0,84.6,89.45,-4.8500000000000085,-0.8581393931142287,-3.99186060688578,0.0,0.0
2001-11-01,EC,P1,1607.0,89.8,88.85,0.9500000000000028,-0.6380762939637776,1.5880762939637805,0.0,0.0
2001-12-01,EC,P1,1607.0,75.8,88.85,-13.049999999999997,-2.555984573518657,-10.49401542648134,1.0,0.14687675858187954
2002-01-01,EC,P1,1621.0,79.0,88.25,-9.25,-4.546323728480857,-4.703676271519143,0.0,0.0
2002-02-01,EC,P1,1621.0,84.7,86.19999999999999,-1.4999999999999858,-5.6573526136563,4.157352613656315,0.0,0.0
2002-03-01,EC,P1,1621.0,88.1,84.65,3.4499999999999886,-4.393059226213012,7.843059226213001,0.0,0.0
2002-04-01,EC,P1,1621.0,92.1,86.25,5.849999999999994,0.7703493231306169,5.079650676869377,0.0,0.0
2002-05-01,EC,P1,1621.0,92.9,86.25,6.650000000000006,-0.7768727333234011,7.426872733323407,0.0,0.0
2002-06-01,EC,P1,1621.0,91.0,86.25,4.75,0.9667573681492172,3.783242631850783,0.0,0.0
2002-07-01,EC,P1,1621.0,91.4,86.4,5.0,1.3169303578891345,3.6830696421108655,0.0,0.0
2002-08-01,EC,P1,1621.0,89.8,86.4,3.3999999999999915,0.7392639298290078,2.6607360701709837,0.0,0.0
2002-09-01,EC,P1,1621.0,87.7,88.94999999999999,-1.2499999999999858,-1.7691111596484461,0.5191111596484603,0.0,0.0
2002-10-01,EC,P1,1621.0,89.5,88.94999999999999,0.5500000000000114,-4.26052260476817,4.810522604768181,0.0,0.0
2002-11-01,EC,P1,1621.0,90.4,89.65,0.75,1.6770098462183256,-0.9270098462183256,0.0,0.0
2002-12-01,EC,P1,1621.0,88.8,89.65,-0.8500000000000085,0.19261463663748657,-1.042614636637495,0.0,0.0
2003-01-01,EC,P1,1614.0,85.9,89.65,-3.75,-4.113476375551556,0.36347637555155643,0.0,0.0
2003-02-01,EC,P1,1614.0,87.2,89.65,-2.450000000000003,-3.870703275127312,1.420703275127309,0.0,0.0
2003-03-01,EC,P1,1614.0,94.8,89.65,5.1499999999999915,-0.7931596878333096,5.943159687833301,0.0,0.0
2003-04-01,EC,P1,1614.0,94.8,90.1,4.700000000000003,2.7897278211229803,1.9102721788770225,0.0,0.0
2003-05-01,EC,P1,1614.0,96.7,90.1,6.6000000000000085,4.458536037029361,2.141463962970647,0.0,0.0
2003-06-01,EC,P1,1614.0,96.6,90.1,6.5,2.777877088907914,3.722122911092086,0.0,0.0
2003-07-01,EC,P1,1614.0,96.3,90.1,6.200000000000003,2.166651867986019,4.033348132013984,0.0,0.0
2003-08-01,EC,P1,1614.0,93.9,90.1,3.8000000000000114,3.135830277348333,0.6641697226516783,0.0,0.0
2003-09-01,EC,P1,1614.0,94.9,92.15,2.75,1.2278352928725695,1.5221647071274305,0.0,0.0
2003-10-01,EC,P1,1614.0,92.9,94.35,-1.4499999999999886,-0.41247731072367344,-1.0375226892763152,0.0,0.0
2003-11-01,EC,P1,1614.0,84.5,94.35,-9.849999999999994,0.7756705278242038,-10.625670527824198,1.0,0.10439851616322199
2003-12-01,EC,P1,1614.0,92.9,94.35,-1.4499999999999886,-0.3491401958442708,-1.1008598041557178,0.0,0.0
2004-01-01,EC,P1,1642.0,86.2,94.35,-8.149999999999991,-4.283296713830225,-3.8667032861697663,0.0,0.0
2004-02-01,EC,P1,1642.0,96.0,94.35,1.6500000000000057,-4.517934377811358,6.167934377811363,0.0,0.0
2004-03-01,EC,P1,1642.0,93.9,94.8,-0.8999999999999915,-4.848882836175505,3.948882836175514,0.0,0.0
2004-04-01,EC,P1,1642.0,92.2,94.35,-2.1499999999999915,-0.8758278859428543,-1.2741721140571372,0.0,0.0
2004-05-01,EC,P1,1642.0,90.6,93.9,-3.3000000000000114,2.5745665941418565,-5.874566594141868,0.0,0.0
2004-06-01,EC,P1,1642.0,94.1,93.4,0.6999999999999886,4.447916025792722,-3.7479160257927333,0.0,0.0
2004-07-01,EC,P1,1647.0,94.6,93.4,1.1999999999999886,3.722665323454109,-2.5226653234541203,0.0,0.0
2004-08-01,EC,P1,1641.0,94.0,93.4,0.5999999999999943,4.0857156606357705,-3.485715660635776,0.0,0.0
2004-09-01,EC,P1,1641.0,76.8,93.4,-16.60000000000001,-2.8994719240276368,-13.700528075972372,1.0,0.17773019271948617
2004-10-01,EC,P1,1641.0,84.5,92.9,-8.400000000000006,-2.5775261384736297,-5.822473861526376,0.0,0.0
2004-11-01,EC,P1,1641.0,90.4,92.55000000000001,-2.1500000000000057,1.5843099232387772,-3.734309923238783,0.0,0.0
2004-12-01,EC,P1,1641.0,89.1,92.55000000000001,-3.450000000000017,2.2788512022400766,-5.728851202240094,0.0,0.0
2005-01-01,EC,P1,1623.0,88.3,91.4,-3.1000000000000085,-2.099562119439639,-1.0004378805603693,0.0,0.0
2005-02-01,EC,P1,1623.0,89.1,91.4,-2.3000000000000114,-2.829120922335477,0.5291209223354656,0.0,0.0
2005-03-01,EC,P1,1623.0,92.6,90.5,2.0999999999999943,-2.6538391705106648,4.753839170510659,0.0,0.0
2005-04-01,EC,P1,1623.0,93.1,90.5,2.5999999999999943,-0.5947233373289578,3.194723337328952,0.0,0.0
2005-05-01,EC,P1,1623.0,97.0,90.5,6.5,0.6756566743952845,5.8243433256047155,0.0,0.0
2005-06-01,EC,P1,1623.0,93.2,91.5,1.7000000000000028,3.5453758380225366,-1.8453758380225338,0.0,0.0
2005-07-01,EC,P1,1623.0,94.7,91.5,3.200000000000003,0.6632089553397549,2.536791044660248,0.0,0.0
2005-08-01,EC,P1,1623.0,91.1,91.5,-0.4000000000000057,-0.8184605836884344,0.41846058368842876,0.0,0.0
2005-09-01,EC,P1,1623.0,97.5,90.75,6.75,-9.191544312469802,15.941544312469802,0.0,0.0
2005-10-01,EC,P1,1623.0,93.1,91.85,1.25,-11.425540310542715,12.675540310542715,0.0,0.0
2005-11-01,EC,P1,1623.0,94.5,92.85,1.6500000000000057,-3.4685824005281916,5.118582400528197,0.0,0.0
2005-12-01,EC,P1,1623.0,89.2,93.1,-3.8999999999999915,-2.602369599393299,-1.2976304006066925,0.0,0.0
2006-01-01,EC,P1,1618.0,89.4,93.1,-3.6999999999999886,-4.032381491042884,0.33238149104289505,0.0,0.0
2006-02-01,EC,P1,1618.0,84.1,93.1,-9.0,-4.163386425933595,-4.836613574066405,0.0,0.0
2006-03-01,EC,P1,1618.0,85.0,93.1,-8.099999999999994,-4.318823069770787,-3.7811769302292078,0.0,0.0
2006-04-01,EC,P1,1618.0,79.8,93.1,-13.299999999999997,-1.3219531943121012,-11.978046805687896,1.0,0.14285714285714285
2006-05-01,EC,P1,1618.0,81.9,92.1,-10.199999999999989,2.561641153328324,-12.761641153328313,1.0,0.11074918566775233
2006-06-01,EC,P1,1618.0,85.0,90.25,-5.25,4.360732637429294,-9.610732637429294,0.0,0.0
2006-07-01,EC,P1,1618.0,82.6,89.30000000000001,-6.700000000000017,3.8796418653251976,-10.579641865325215,1.0,0.07502799552071687
2006-08-01,EC,P1,1618.0,89.2,87.1,2.1000000000000085,4.543213417098897,-2.443213417098889,0.0,0.0
2006-09-01,EC,P1,1618.0,92.8,87.1,5.700000000000003,4.368383683835546,1.3316163161644567,0.0,0.0
2006-10-01,EC,P1,1618.0,87.5,87.1,0.4000000000000057,-1.4531368267017086,1.8531368267017143,0.0,0.0
2006-11-01,EC,P1,1618.0,88.2,86.25,1.9500000000000028,-1.32102372975325,3.271023729753253,0.0,0.0
2006-12-01,EC,P1,1618.0,86.7,86.25,0.45000000000000284,1.8926155541108614,-1.4426155541108585,0.0,0.0
2007-01-01,EC,P1,1620.0,87.4,85.85,1.5500000000000114,-1.1324950463783523,2.6824950463783637,0.0,0.0
2007-02-01,EC,P1,1623.0,77.8,85.85,-8.049999999999997,-4.700177756296782,-3.3498222437032155,0.0,0.0
2007-03-01,EC,P1,1623.0,75.9,85.85,-9.949999999999989,-2.3389510437717007,-7.611048956228288,0.0,0.0
2007-04-01,EC,P1,1623.0,85.2,85.85,-0.6499999999999915,-1.2509888769617277,0.6009888769617362,0.0,0.0
2007-05-01,EC,P1,1623.0,86.7,85.95,0.75,0.2772066799283124,0.4727933200716876,0.0,0.0
2007-06-01,EC,P1,1623.0,86.5,86.7,-0.20000000000000284,-0.4593958528907933,0.2593958528907905,0.0,0.0
2007-07-01,EC,P1,1623.0,87.3,86.7,0.5999999999999943,2.8845539680305166,-2.2845539680305222,0.0,0.0
2007-08-01,EC,P1,1623.0,82.4,87.0,-4.599999999999994,2.504082086230028,-7.104082086230022,0.0,0.0
2007-09-01,EC,P1,1623.0,88.0,86.7,1.2999999999999972,0.5873269681074049,0.7126730318925922,0.0,0.0
2007-10-01,EC,P1,1623.0,90.8,86.7,4.099999999999994,-0.9131257799010939,5.013125779901088,0.0,0.0
2007-11-01,EC,P1,1623.0,90.3,86.7,3.5999999999999943,0.5421610560207455,3.057838943979249,0.0,0.0
2007-12-01,EC,P1,1623.0,86.3,86.7,-0.4000000000000057,0.03356179609686194,-0.4335617960968676,0.0,0.0
2008-01-01,EC,P1,1627.0,88.5,86.6,1.9000000000000057,-2.828478713726554,4.72847871372656,0.0,0.0
2008-02-01,EC,P1,1627.0,79.9,86.6,-6.699999999999989,-3.6312241238328653,-3.0687758761671233,0.0,0.0
2008-03-01,EC,P1,1627.0,71.1,86.6,-15.5,-5.376867277359821,-10.123132722640179,1.0,0.1789838337182448
2008-04-01,EC,P1,1627.0,79.5,86.6,-7.099999999999994,-2.4340888995959347,-4.66591110040406,0.0,0.0
2008-05-01,EC,P1,1627.0,80.9,86.6,-5.699999999999989,0.1955366025770644,-5.895536602577053,0.0,0.0
2008-06-01,EC,P1,1627.0,81.4,86.4,-5.0,0.9692006301790173,-5.969200630179017,0.0,0.0
2008-07-01,EC,P1,1627.0,80.3,84.35,-4.049999999999997,0.09097925409621155,-4.140979254096209,0.0,0.0
2008-08-01,EC,P1,1627.0,82.2,81.9,0.29999999999999716,-1.6088503881525185,1.9088503881525156,0.0,0.0
2008-09-01,EC,P1,1627.0,81.7,81.80000000000001,-0.10000000000000853,-13.41859555204428,13.318595552044272,0.0,0.0
2008-10-01,EC,P1,1627.0,84.5,81.55000000000001,2.9499999999999886,-1.9275309062004595,4.877530906200448,0.0,0.0
2008-11-01,EC,P1,1627.0,76.4,81.55000000000001,-5.150000000000006,-0.8558150817393084,-4.294184918260697,0.0,0.0
2008-12-01,EC,P1,1627.0,73.6,81.15,-7.550000000000011,-2.0270559503843373,-5.522944049615674,0.0,0.0
2009-01-01,EC,P1,1628.0,77.5,80.6,-3.0999999999999943,-3.4817919654750824,0.3817919654750881,0.0,0.0
2009-02-01,EC,P1,1628.0,68.3,80.1,-11.799999999999997,-4.013498795716018,-7.786501204283979,0.0,0.0
2009-03-01,EC,P1,1628.0,64.9,79.9,-15.0,-4.060969370636798,-10.939030629363202,1.0,0.18773466833541927
2009-04-01,EC,P1,1628.0,65.8,79.9,-14.100000000000009,-2.858830393724176,-11.241169606275832,1.0,0.1764705882352942
2009-05-01,EC,P1,1628.0,70.1,78.9,-8.800000000000011,-0.6518880889116616,-8.14811191108835,0.0,0.0
2009-06-01,EC,P1,1628.0,75.5,76.95,-1.4500000000000028,2.025930193064113,-3.4759301930641158,0.0,0.0
2009-07-01,EC,P1,1628.0,75.1,75.95,-0.8500000000000085,0.271491705667799,-1.1214917056678075,0.0,0.0
2009-08-01,EC,P1,1628.0,74.1,75.3,-1.2000000000000028,0.14533368293153615,-1.345333682931539,0.0,0.0
2009-09-01,EC,P1,1628.0,77.1,74.6,2.5,0.992129678633134,1.507870321366866,0.0,0.0
2009-10-01,EC,P1,1628.0,76.4,74.6,1.8000000000000114,-2.5393707048585696,4.339370704858581,0.0,0.0
2009-11-01,EC,P1,1628.0,66.2,74.6,-8.399999999999991,-2.905678369743484,-5.494321630256508,0.0,0.0
2009-12-01,EC,P1,1628.0,62.3,73.85,-11.549999999999997,-2.045260143167795,-9.504739856832202,0.0,0.0
2010-01-01,EC,P1,1302.0,76.6,72.1,4.5,-2.544076315350978,7.044076315350978,0.0,0.0
2010-02-01,EC,P1,1302.0,83.8,72.1,11.700000000000003,-0.9728210957448766,12.67282109574488,0.0,0.0
2010-03-01,EC,P1,1302.0,75.4,74.6,0.8000000000000114,1.1390421221211682,-0.3390421221211568,0.0,0.0
2010-04-01,EC,P1,1302.0,85.7,75.25,10.450000000000003,5.683231258784531,4.766768741215472,0.0,0.0
2010-05-01,EC,P1,1302.0,87.1,75.45,11.649999999999991,4.576182251267923,7.073817748732068,0.0,0.0
2010-06-01,EC,P1,1302.0,88.1,75.95,12.149999999999991,7.009532553880007,5.140467446119985,0.0,0.0
2010-07-01,EC,P1,1302.0,87.8,76.5,11.299999999999997,7.5007543973214155,3.7992456026785817,0.0,0.0
2010-08-01,EC,P1,1302.0,87.0,76.85,10.150000000000006,5.4621446439964245,4.687855356003581,0.0,0.0
2010-09-01,EC,P1,1302.0,77.2,80.44999999999999,-3.249999999999986,2.37174084871468,-5.621740848714666,0.0,0.0
2010-10-01,EC,P1,1302.0,58.2,80.5,-22.299999999999997,-2.2929008124657884,-20.00709918753421,1.0,0.27701863354037265
2010-11-01,EC,P1,1302.0,64.8,80.5,-15.700000000000003,1.690177690500903,-17.390177690500906,1.0,0.19503105590062114
2010-12-01,EC,P1,1302.0,73.0,80.5,-7.5,1.9094557576161009,-9.4094557576161,0.0,0.0
2011-01-01,EC,P1,1523.0,64.3,80.5,-16.200000000000003,-2.5848725498490808,-13.615127450150922,1.0,0.20124223602484476
2011-02-01,EC,P1,1523.0,60.7,80.5,-19.799999999999997,-7.327799764146874,-12.472200235853123,1.0,0.24596273291925463
2011-03-01,EC,P1,1523.0,58.1,76.30000000000001,-18.20000000000001,-3.0169636588303064,-15.183036341169704,1.0,0.23853211009174322
2011-04-01,EC,P1,1523.0,59.9,75.1,-15.199999999999996,-4.413265175434006,-10.78673482456599,1.0,0.2023968042609853
2011-05-01,EC,P1,1523.0,69.3,68.9,0.3999999999999915,-1.2003964333927684,1.6003964333927598,0.0,0.0
2011-06-01,EC,P1,1523.0,67.2,67.05,0.15000000000000568,3.0888931177295547,-2.938893117729549,0.0,0.0
2011-07-01,EC,P1,1523.0,78.4,66.0,12.400000000000006,4.34010809207696,8.059891907923046,0.0,0.0
2011-08-01,EC,P1,1523.0,74.3,66.0,8.299999999999997,4.380295271419584,3.919704728580413,0.0,0.0
2011-09-01,EC,P1,1523.0,75.2,66.0,9.200000000000003,2.8607993025409684,6.3392006974590345,0.0,0.0
2011-10-01,EC,P1,1523.0,68.1,66.0,2.0999999999999943,-1.0681303923017822,3.1681303923017765,0.0,0.0
2011-11-01,EC,P1,1523.0,66.0,67.65,-1.6500000000000057,1.0873891858996387,-2.7373891858996444,0.0,0.0
2011-12-01,EC,P1,1523.0,55.6,67.65,-12.050000000000004,0.33269005987654054,-12.382690059876545,1.0,0.1781226903178123
2012-01-01,EC,P1,1093.0,71.4,66.6,4.800000000000011,-0.32916998781435325,5.129169987814365,0.0,0.0
2012-02-01,EC,P1,1093.0,74.9,67.65,7.25,0.4897695021130488,6.760230497886951,0.0,0.0
2012-03-01,EC,P1,1093.0,79.3,68.69999999999999,10.600000000000009,-0.9341682733947749,11.534168273394783,0.0,0.0
2012-04-01,EC,P1,1093.0,80.2,70.35,9.850000000000009,0.04029340754989619,9.809706592450112,0.0,0.0
2012-05-01,EC,P1,1093.0,76.1,72.85,3.25,4.113698504641732,-0.8636985046417323,0.0,0.0
2012-06-01,EC,P1,1093.0,80.9,74.6,6.300000000000011,5.767586512812088,0.5324134871879238,0.0,0.0
2012-07-01,EC,P1,1093.0,81.0,75.05000000000001,5.949999999999989,5.701832934961772,0.24816706503821706,0.0,0.0
2012-08-01,EC,P1,1013.0,86.3,75.05000000000001,11.249999999999986,4.320197952974922,6.929802047025063,0.0,0.0
2012-09-01,EC,P1,1198.0,77.1,75.65,1.4499999999999886,0.8633927334268634,0.5866072665731252,0.0,0.0
2012-10-01,EC,P1,1198.0,79.5,76.6,2.9000000000000057,0.31574655403017005,2.5842534459698356,0.0,0.0
2012-11-01,EC,P1,1198.0,69.5,78.19999999999999,-8.699999999999989,1.4911961597054813,-10.19119615970547,1.0,0.11125319693094617
2012-12-01,EC,P1,1198.0,78.7,78.19999999999999,0.5000000000000142,2.993988010554702,-2.4939880105546877,0.0,0.0
2013-01-01,EC,P1,1198.0,81.0,79.0,2.0,-4.301054150965342,6.301054150965342,0.0,0.0
2013-02-01,EC,P1,1198.0,70.1,79.4,-9.300000000000011,-6.435909400926093,-2.8640905990739185,0.0,0.0
2013-03-01,EC,P1,1198.0,80.0,79.4,0.5999999999999943,-4.391741892225056,4.9917418922250505,0.0,0.0
2013-04-01,EC,P1,1198.0,89.9,79.75,10.150000000000006,-2.2841748101547807,12.434174810154786,0.0,0.0
2013-05-01,EC,P1,1198.0,92.1,79.75,12.349999999999994,0.12441794500229264,12.225582054997702,0.0,0.0
2013-06-01,EC,P1,1198.0,90.1,80.45,9.649999999999991,3.653008314087657,5.9969916859123344,0.0,0.0
2013-07-01,EC,P1,1198.0,88.3,80.5,7.799999999999997,4.572732235947299,3.227267764052698,0.0,0.0
2013-08-01,EC,P1,1198.0,86.1,80.5,5.599999999999994,3.508927600248697,2.0910723997512974,0.0,0.0
2013-09-01,EC,P1,1198.0,86.2,80.5,5.700000000000003,2.7535011131555365,2.9464988868444664,0.0,0.0
2013-10-01,EC,P1,1198.0,67.2,83.55,-16.349999999999994,-1.5120132825487076,-14.837986717451287,1.0,0.19569120287253136
2013-11-01,EC,P1,1198.0,75.2,83.55,-8.349999999999994,2.1516567511213367,-10.501656751121331,1.0,0.09994015559545176
2013-12-01,EC,P1,1198.0,83.8,83.55,0.25,2.60640406237944,-2.35640406237944,0.0,0.0
2014-01-01,EC,P1,1198.0,72.0,84.94999999999999,-12.949999999999989,-2.0476621917683104,-10.902337808231678,1.0,0.1524426133019422
2014-02-01,EC,P1,1198.0,75.0,84.94999999999999,-9.949999999999989,-2.792859112442187,-7.1571408875578015,0.0,0.0
2014-03-01,EC,P1,1198.0,79.2,84.94999999999999,-5.749999999999986,-3.53877556429201,-2.211224435707976,0.0,0.0
2014-04-01,EC,P1,1198.0,85.6,84.94999999999999,0.6500000000000057,1.2502238171200304,-0.6002238171200247,0.0,0.0
2014-05-01,EC,P1,1198.0,88.1,84.69999999999999,3.4000000000000057,-0.36476077640813287,3.7647607764081386,0.0,0.0
2014-06-01,EC,P1,1198.0,88.8,84.69999999999999,4.1000000000000085,-0.31324120252595833,4.413241202525967,0.0,0.0
2014-07-01,EC,P1,1198.0,86.6,84.69999999999999,1.9000000000000057,4.252851151976785,-2.352851151976779,0.0,0.0
2014-08-01,EC,P1,1198.0,84.1,84.69999999999999,-0.5999999999999943,3.28449501831453,-3.8844950183145244,0.0,0.0
2014-09-01,EC,P1,1198.0,88.7,83.94999999999999,4.750000000000014,1.3394176467065506,3.4105823532934636,0.0,0.0
2014-10-01,EC,P1,1198.0,86.2,83.94999999999999,2.250000000000014,-2.6601266553334426,4.910126655333457,0.0,0.0
2014-11-01,EC,P1,1170.0,87.1,84.85,2.25,1.4840699777208641,0.7659300222791359,0.0,0.0
2014-12-01,EC,P1,1170.0,85.1,85.9,-0.8000000000000114,3.620533449613191,-4.4205334496132025,0.0,0.0
2015-01-01,EC,P1,1170.0,84.9,85.9,-1.0,-2.6911980800303894,1.6911980800303894,0.0,0.0
2015-02-01,EC,P1,1170.0,66.7,85.9,-19.200000000000003,-3.3310176178191284,-15.868982382180874,1.0,0.22351571594877767
2015-03-01,EC,P1,1170.0,84.7,85.9,-1.2000000000000028,-1.9847004794193026,0.7847004794192998,0.0,0.0
2015-04-01,EC,P1,1170.0,89.3,85.9,3.3999999999999915,1.5410739863350216,1.85892601366497,0.0,0.0
2015-05-01,EC,P1,1170.0,90.6,86.4,4.199999999999989,1.4759285671822795,2.724071432817709,0.0,0.0
2015-06-01,EC,P1,1170.0,92.7,86.4,6.299999999999997,1.9511171025490341,4.348882897450963,0.0,0.0
2015-07-01,EC,P1,1174.0,93.6,86.4,7.199999999999989,3.0557377333776543,4.144262266622334,0.0,0.0
2015-08-01,EC,P1,1174.0,93.6,86.65,6.949999999999989,1.8056859359291053,5.144314064070883,0.0,0.0
2015-09-01,EC,P1,1179.0,81.8,87.9,-6.1000000000000085,-1.3664700471523759,-4.733529952847633,0.0,0.0
2015-10-01,EC,P1,1174.0,89.1,86.65,2.4499999999999886,-5.391860194227817,7.841860194227806,0.0,0.0
2015-11-01,EC,P1,1174.0,93.2,88.1,5.1000000000000085,-0.17437136473932924,5.274371364739338,0.0,0.0
2015-12-01,EC,P1,1174.0,88.5,89.19999999999999,-0.6999999999999886,0.7643563390498116,-1.4643563390498002,0.0,0.0
2016-01-01,EC,P1,1179.0,88.3,89.19999999999999,-0.8999999999999915,-2.8886621436113273,1.9886621436113359,0.0,0.0
2016-02-01,EC,P1,1179.0,83.9,89.19999999999999,-5.299999999999983,-3.5245577597056865,-1.7754422402942964,0.0,0.0
2016-03-01,EC,P1,1179.0,81.3,89.19999999999999,-7.8999999999999915,-2.9559891412146015,-4.94401085878539,0.0,0.0
2016-04-01,EC,P1,1179.0,90.3,89.19999999999999,1.1000000000000085,-3.3241915540100706,4.424191554010079,0.0,0.0
2016-05-01,EC,P1,1179.0,91.3,89.69999999999999,1.6000000000000085,-1.198061517499255,2.7980615174992636,0.0,0.0
2016-06-01,EC,P1,1179.0,89.5,89.69999999999999,-0.19999999999998863,0.8974965937010779,-1.0974965937010666,0.0,0.0
2016-07-01,EC,P1,1179.0,84.6,89.3,-4.700000000000003,1.9364538985348076,-6.6364538985348105,0.0,0.0
2016-08-01,EC,P1,1179.0,84.3,88.8,-4.5,1.845090582742472,-6.345090582742472,0.0,0.0
2016-09-01,EC,P1,1179.0,83.9,88.4,-4.5,0.15866812564314614,-4.658668125643146,0.0,0.0
2016-10-01,EC,P1,1179.0,83.8,88.4,-4.6000000000000085,-4.723091402132766,0.12309140213275782,0.0,0.0
2016-11-01,EC,P1,1179.0,87.6,86.44999999999999,1.1500000000000057,-0.7153253582996655,1.8653253582996712,0.0,0.0
2016-12-01,EC,P1,1179.0,82.3,86.1,-3.799999999999997,1.564604565051667,-5.364604565051664,0.0,0.0
2017-01-01,EC,P1,1157.0,82.4,84.44999999999999,-2.049999999999983,-1.2909573956955285,-0.7590426043044545,0.0,0.0
2017-02-01,EC,P1,1157.0,69.5,84.1,-14.599999999999994,-4.720935372813216,-9.879064627186779,0.0,0.0
2017-03-01,EC,P1,1157.0,69.0,84.1,-15.099999999999994,-1.5336044617988591,-13.566395538201135,1.0,0.1795481569560047
2017-04-01,EC,P1,1157.0,84.9,84.1,0.8000000000000114,3.0628079979218796,-2.2628079979218683,0.0,0.0
2017-05-01,EC,P1,1083.0,93.8,84.1,9.700000000000003,4.190061117009321,5.5099388829906815,0.0,0.0
2017-06-01,EC,P1,1083.0,95.2,84.1,11.100000000000009,3.60813550230921,7.491864497690798,0.0,0.0
2017-07-01,EC,P1,1083.0,93.2,84.1,9.100000000000009,4.277367966874067,4.822632033125942,0.0,0.0
2017-08-01,EC,P1,1083.0,96.3,84.1,12.200000000000003,2.0007160996122764,10.199283900387726,0.0,0.0
2017-09-01,EC,P1,1083.0,93.0,84.4,8.599999999999994,-5.504625985158484,14.104625985158478,0.0,0.0
2017-10-01,EC,P1,1083.0,92.4,86.25,6.150000000000006,-2.034401815848369,8.184401815848375,0.0,0.0
2017-11-01,EC,P1,1083.0,98.3,90.0,8.299999999999997,2.161157463158389,6.138842536841608,0.0,0.0
2017-12-01,EC,P1,1083.0,94.4,92.7,1.7000000000000028,2.7932826214476307,-1.093282621447628,0.0,0.0
2018-01-01,EC,P1,1125.0,86.6,93.1,-6.5,-1.6846375482906666,-4.815362451709333,0.0,0.0
2018-02-01,EC,P1,1125.0,77.8,93.1,-15.299999999999997,-4.691675561087038,-10.608324438912959,1.0,0.1643394199785177
2018-03-01,EC,P1,1125.0,77.0,93.1,-16.099999999999994,-1.543237473017797,-14.556762526982197,1.0,0.17293233082706763
2018-04-01,EC,P1,1125.0,94.1,93.1,1.0,-0.7025847497531146,1.7025847497531146,0.0,0.0
2018-05-01,EC,P1,1125.0,94.2,93.5,0.7000000000000028,0.9766870479464131,-0.2766870479464103,0.0,0.0
2018-06-01,EC,P1,1125.0,93.2,93.65,-0.45000000000000284,4.756702102519242,-5.206702102519245,0.0,0.0
2018-07-01,EC,P1,1125.0,92.4,93.2,-0.7999999999999972,2.8454057962662205,-3.6454057962662176,0.0,0.0
2018-08-01,EC,P1,1125.0,86.1,93.1,-7.0,4.369430611523725,-11.369430611523725,1.0,0.07518796992481204
2018-09-01,EC,P1,1125.0,80.5,92.7,-12.200000000000003,1.1854342670446414,-13.385434267044644,1.0,0.13160733549083067
2018-10-01,EC,P1,1125.0,72.9,92.4,-19.5,-2.9346981317058862,-16.565301868294114,1.0,0.21103896103896103
2018-11-01,EC,P1,1125.0,80.5,89.5,-9.0,1.18699612759319,-10.18699612759319,1.0,0.1005586592178771
2018-12-01,EC,P1,1125.0,84.1,86.35,-2.25,2.084207320149261,-4.334207320149261,0.0,0.0
2019-01-01,EC,P1,1126.0,81.2,85.1,-3.8999999999999915,-2.350021763275919,-1.5499782367240726,0.0,0.0
2019-02-01,EC,P1,1126.0,60.7,82.65,-21.950000000000003,-7.418829249053999,-14.531170750946004,1.0,0.265577737447066
2019-03-01,EC,P1,1126.0,72.6,82.65,-10.050000000000011,-6.546741418759993,-3.5032585812400185,0.0,0.0
2019-04-01,EC,P1,1126.0,82.6,82.65,-0.05000000000001137,-4.573494568847721,4.52349456884771,0.0,0.0
2019-05-01,EC,P1,1126.0,88.0,81.9,6.099999999999994,-2.696488880081702,8.796488880081696,0.0,0.0
2019-06-01,EC,P1,1126.0,85.4,81.9,3.5,1.8820585207223672,1.6179414792776328,0.0,0.0
2019-07-01,EC,P1,1126.0,69.7,81.9,-12.200000000000003,1.8091466168465615,-14.009146616846564,1.0,0.148962148962149
2019-08-01,EC,P1,1126.0,66.3,80.85,-14.549999999999997,2.6151703288993104,-17.165170328899308,1.0,0.1799628942486085
2019-09-01,EC,P1,1126.0,64.1,80.5,-16.400000000000006,-3.2529140987683007,-13.147085901231705,1.0,0.20372670807453422
2019-10-01,EC,P1,1126.0,55.8,76.7,-20.900000000000006,-5.054577595831773,-15.845422404168232,1.0,0.2724902216427641
2019-11-01,EC,P1,1126.0,65.1,76.55,-11.450000000000003,-0.19841831038331748,-11.251581689616685,1.0,0.14957544088830835
2019-12-01,EC,P1,1126.0,63.1,71.15,-8.050000000000004,1.874360678398645,-9.92436067839865,0.0,0.0
2020-01-01,EC,P1,1126.0,63.9,68.0,-4.100000000000001,-1.7601471672117555,-2.339852832788246,0.0,0.0
2020-02-01,EC,P1,1126.0,56.2,65.69999999999999,-9.499999999999986,-2.795048236131521,-6.704951763868465,0.0,0.0
2020-03-01,EC,P1,1126.0,50.4,65.69999999999999,-15.29999999999999,-6.728479939335571,-8.571520060664419,0.0,0.0
2020-04-01,EC,P1,1126.0,42.2,64.6,-22.39999999999999,-19.608449374411464,-2.7915506255885276,0.0,0.0
2020-05-01,EC,P1,791.0,67.3,64.0,3.299999999999997,-17.749593955618465,21.049593955618462,0.0,0.0
2020-06-01,EC,P1,791.0,67.2,64.0,3.200000000000003,-12.53865358825172,15.738653588251722,0.0,0.0
2020-07-01,EC,P1,791.0,61.0,64.0,-3.0,-8.311379576650793,5.311379576650793,0.0,0.0
2020-08-01,EC,P1,791.0,66.8,63.5,3.299999999999997,-7.452153046431349,10.752153046431346,0.0,0.0
2020-09-01,EC,P1,791.0,60.8,63.5,-2.700000000000003,-7.516117990010656,4.816117990010653,0.0,0.0
2020-10-01,EC,P1,791.0,64.0,62.05,1.9500000000000028,-6.021330173764042,7.971330173764045,0.0,0.0
2020-11-01,EC,P1,791.0,66.4,63.5,2.9000000000000057,0.03481843981231236,2.8651815601876933,0.0,0.0
2020-12-01,EC,P1,791.0,64.8,63.5,1.2999999999999972,-0.026487466012298455,1.3264874660122956,0.0,0.0
2021-01-01,EC,P1,720.0,73.8,63.95,9.849999999999994,3.6241423510696364,6.225857648930358,0.0,0.0
2021-02-01,EC,P1,720.0,72.1,64.4,7.699999999999989,-8.370016179461572,16.07001617946156,0.0,0.0
2021-03-01,EC,P1,720.0,83.9,65.6,18.30000000000001,3.9445651413525127,14.355434858647499,0.0,0.0
2021-04-01,EC,P1,720.0,81.9,66.6,15.300000000000011,8.349970844921373,6.950029155078639,0.0,0.0
2021-05-01,EC,P1,720.0,86.9,67.0,19.900000000000006,9.985723243562333,9.914276756437673,0.0,0.0
2021-06-01,EC,P1,720.0,89.5,67.0,22.5,13.169392024765273,9.330607975234727,0.0,0.0
2021-07-01,EC,P1,720.0,83.5,69.44999999999999,14.050000000000011,11.447102849337057,2.6028971506629546,0.0,0.0
2021-08-01,EC,P1,720.0,86.6,72.94999999999999,13.650000000000006,9.763881663206135,3.8861183367938708,0.0,0.0
2021-09-01,EC,P1,720.0,87.9,77.85,10.050000000000011,4.949066531351733,5.100933468648279,0.0,0.0
2021-10-01,EC,P1,720.0,75.2,82.7,-7.5,1.6196768040674954,-9.119676804067495,0.0,0.0
2021-11-01,EC,P1,720.0,88.6,82.7,5.8999999999999915,2.9547550627955985,2.945244937204393,0.0,0.0
2021-12-01,EC,P1,720.0,92.8,83.7,9.099999999999994,4.509675954944001,4.5903240450559935,0.0,0.0
2022-01-01,EC,P1,720.0,87.7,85.25,2.450000000000003,0.9717961709332457,1.4782038290667572,0.0,0.0
2022-02-01,EC,P1,720.0,83.2,86.75,-3.549999999999997,-0.11785924044673379,-3.4321407595532634,0.0,0.0
2022-03-01,EC,P1,720.0,86.1,86.75,-0.6500000000000057,2.498611347788568,-3.1486113477885738,0.0,0.0
2022-04-01,EC,P1,720.0,90.6,86.75,3.8499999999999943,0.8188208344334242,3.03117916556657,0.0,0.0
2022-05-01,EC,P1,720.0,97.1,87.30000000000001,9.799999999999983,3.8075718798753257,5.992428120124657,0.0,0.0
2022-06-01,EC,P1,720.0,100.4,87.80000000000001,12.599999999999994,5.296824045034697,7.3031759549652975,0.0,0.0
2022-07-01,EC,P1,720.0,100.9,87.80000000000001,13.099999999999994,3.908843017409808,9.191156982590186,0.0,0.0
2022-08-01,EC,P1,720.0,103.4,88.25,15.150000000000006,4.021646537124667,11.128353462875339,0.0,0.0
2022-09-01,EC,P1,780.0,86.5,89.6,-3.0999999999999943,1.9168325150909453,-5.01683251509094,0.0,0.0
2022-10-01,EC,P1,780.0,89.4,89.6,-0.19999999999998863,-1.0836130062756126,0.883613006275624,0.0,0.0
2022-11-01,EC,P1,780.0,96.0,90.0,6.0,2.722868854267446,3.277131145732554,0.0,0.0
2022-12-01,EC,P1,780.0,91.5,91.69999999999999,-0.19999999999998863,-4.00716268388129,3.8071626838813017,0.0,0.0
2023-01-01,EC,P1,780.0,93.4,91.05,2.3500000000000085,-5.506346336437403,7.8563463364374115,0.0,0.0
2023-02-01,EC,P1,780.0,80.7,92.45,-11.75,-5.361521367716023,-6.388478632283977,0.0,0.0
2023-03-01,EC,P1,780.0,72.0,92.45,-20.450000000000003,-4.281691673182095,-16.168308326817908,1.0,0.22120064899945918
2023-04-01,EC,P1,780.0,93.4,92.45,0.9500000000000028,-1.2957978870469589,2.2457978870469617,0.0,0.0
2023-05-01,EC,P1,780.0,91.4,93.4,-2.0,0.33844951306251403,-2.338449513062514,0.0,0.0
2023-06-01,EC,P1,780.0,78.2,92.45,-14.25,2.105373768355207,-16.355373768355207,1.0,0.15413737155219037
2023-07-01,EC,P1,780.0,77.9,91.45,-13.549999999999997,2.770969788885907,-16.320969788885904,1.0,0.14816839803171128
2023-08-01,EC,P1,780.0,90.9,90.4,0.5,3.135188265243187,-2.635188265243187,0.0,0.0
2023-09-01,EC,P1,780.0,81.3,90.15,-8.850000000000009,0.4625470655934407,-9.31254706559345,0.0,0.0
2023-10-01,EC,P1,780.0,70.4,90.15,-19.75,-4.20253740778314,-15.54746259221686,1.0,0.21907931225734886
2023-11-01,EC,P1,854.0,78.9,86.1,-7.199999999999989,-0.9121479936960668,-6.287852006303922,0.0,0.0
2023-12-01,EC,P1,854.0,87.3,81.0,6.299999999999997,3.094770982061121,3.2052290179388763,0.0,0.0
2024-01-01,EC,P1,812.0,77.7,81.0,-3.299999999999997,-4.678007099547997,1.3780070995480003,0.0,0.0
2024-02-01,EC,P1,812.0,85.6,79.80000000000001,5.799999999999983,-8.066926209595309,13.866926209595292,0.0,0.0
2024-03-01,EC,P1,812.0,84.1,80.1,4.0,-2.0663207301703608,6.066320730170361,0.0,0.0
2024-04-01,EC,P1,812.0,88.9,82.69999999999999,6.200000000000017,-1.3156876806178701,7.515687680617887,0.0,0.0
2024-05-01,EC,P1,812.0,91.7,82.69999999999999,9.000000000000014,2.846553657251718,6.153446342748296,0.0,0.0
2024-06-01,EC,P1,812.0,90.3,82.69999999999999,7.6000000000000085,3.5301973770254733,4.069802622974535,0.0,0.0
2024-07-01,EC,P1,812.0,89.7,84.85,4.8500000000000085,1.7560659344293583,3.09393406557065,0.0,0.0
2024-08-01,EC,P1,812.0,82.7,86.44999999999999,-3.749999999999986,3.3213672706715016,-7.071367270671487,0.0,0.0
2024-09-01,EC,P1,812.0,85.1,84.85,0.25,-0.22300687713322986,0.47300687713322986,0.0,0.0
2024-10-01,EC,P1,812.0,83.3,85.35,-2.049999999999997,-0.48206324847386384,-1.5679367515261333,0.0,0.0
2024-11-01,EC,P1,812.0,82.1,85.35,-3.25,1.411020230486443,-4.661020230486443,0.0,0.0
2024-12-01,EC,P1,812.0,80.6,85.35,-4.75,2.0055192230598777,-6.755519223059878,0.0,0.0
2025-01-01,EC,P1,812.0,78.3,84.6,-6.299999999999997,-3.864208728785343,-2.4357912712146543,0.0,0.0
2025-02-01,EC,P1,812.0,62.9,84.6,-21.699999999999996,-5.788562832128818,-15.911437167871178,1.0,0.2565011820330969
2025-03-01,EC,P1,812.0,51.1,83.69999999999999,-32.59999999999999,-1.5488315282628662,-31.05116847173712,1.0,0.3894862604540023
2025-04-01,EC,P1,812.0,80.8,83.0,-2.200000000000003,-0.1902169145301542,-2.0097830854698486,0.0,0.0
2025-05-01,EC,P1,812.0,90.2,82.4,7.799999999999997,3.116587780895756,4.683412219104241,0.0,0.0
2025-06-01,EC,P1,812.0,87.0,82.4,4.599999999999994,4.399165832765135,0.20083416723485925,0.0,0.0
2025-07-01,EC,P1,812.0,83.7,82.4,1.2999999999999972,4.556888425133408,-3.256888425133411,0.0,0.0
2025-08-01,EC,P1,812.0,89.4,82.4,7.0,4.182845145578327,2.8171548544216733,0.0,0.0
2025-09-01,EC,P1,812.0,87.5,82.69999999999999,4.800000000000011,1.9734256330037283,2.826574366996283,0.0,0.0
2025-10-01,EC,P1,812.0,92.3,82.69999999999999,9.600000000000009,-4.165038185158082,13.76503818515809,0.0,0.0
2025-11-01,EC,P1,812.0,91.9,82.9,9.0,1.1476831666894185,7.8523168333105815,0.0,0.0
2025-12-01,EC,P1,812.0,92.7,85.35,7.3500000000000085,2.674922367080086,4.675077632919923,0.0,0.0
2026-01-01,EC,P1,828.0,82.6,87.25,-4.650000000000006,-1.8881275518184708,-2.761872448181535,0.0,0.0
2026-02-01,EC,P1,828.0,85.9,87.25,-1.3499999999999943,-4.347140876342209,2.9971408763422147,0.0,0.0
2026-03-01,EC,P1,828.0,88.6,87.25,1.3499999999999943,-1.6661842624423713,3.0161842624423656,0.0,0.0
2026-04-01,EC,P1,828.0,86.8,88.05,-1.25,-3.2261287531445646,1.9761287531445646,0.0,0.0
2026-05-01,EC,P1,828.0,84.8,88.05,-3.25,0.6417257502912719,-3.891725750291272,0.0,0.0
2026-06-01,EC,P1,828.0,76.2,87.25,-11.049999999999997,3.1450487282120463,-14.195048728212043,1.0,0.12664756446991401
2026-07-01,EC,P1,828.0,83.4,87.15,-3.75,3.2509939174965723,-7.000993917496572,0.0,0.0
1981-01-01,P4,P4,,,,,,,,0.0
1981-02-01,P4,P4,,,,,,,,0.0
1981-03-01,P4,P4,,,,,,,,0.0
1981-04-01,P4,P4,,,,,,,,0.0
1981-05-01,P4,P4,,,,,,,,0.0
1981-06-01,P4,P4,,,,,,,,0.0
1981-07-01,P4,P4,,,,,,,,0.0
1981-08-01,P4,P4,,,,,,,,0.0
1981-09-01,P4,P4,,,,,,,,0.0
1981-10-01,P4,P4,,,,,,,,0.0
1981-11-01,P4,P4,,,,,,,,0.0
1981-12-01,P4,P4,,,,,,,,0.0
1982-01-01,P4,P4,,,,,,,,0.0
1982-02-01,P4,P4,,,,,,,,0.0
1982-03-01,P4,P4,,,,,,,,0.0
1982-04-01,P4,P4,,,,,,,,0.0
1982-05-01,P4,P4,,,,,,,,0.0
1982-06-01,P4,P4,,,,,,,,0.0
1982-07-01,P4,P4,,,,,,,,0.0
1982-08-01,P4,P4,,,,,,,,0.0
1982-09-01,P4,P4,,,,,,,,0.0
1982-10-01,P4,P4,,,,,,,,0.0
1982-11-01,P4,P4,,,,,,,,0.0
1982-12-01,P4,P4,,,,,,,,0.0
1983-01-01,P4,P4,,,,,,,,0.0
1983-02-01,P4,P4,,,,,,,,0.0
1983-03-01,P4,P4,,,,,,,,0.0
1983-04-01,P4,P4,,,,,,,,0.0
1983-05-01,P4,P4,,,,,,,,0.0
1983-06-01,P4,P4,,,,,,,,0.0
1983-07-01,P4,P4,,,,,,,,0.0
1983-08-01,P4,P4,,,,,,,,0.0
1983-09-01,P4,P4,,,,,,,,0.0
1983-10-01,P4,P4,,,,,,,,0.0
1983-11-01,P4,P4,,,,,,,,0.0
1983-12-01,P4,P4,,,,,,,,0.0
1984-01-01,P4,P4,,,,,,,,0.0
1984-02-01,P4,P4,,,,,,,,0.0
1984-03-01,P4,P4,,,,,,,,0.0
1984-04-01,P4,P4,,,,,,,,0.0
1984-05-01,P4,P4,,,,,,,,0.0
1984-06-01,P4,P4,,,,,,,,0.0
1984-07-01,P4,P4,,,,,,,,0.0
1984-08-01,P4,P4,,,,,,,,0.0
1984-09-01,P4,P4,,,,,,,,0.0
1984-10-01,P4,P4,,,,,,,,0.0
1984-11-01,P4,P4,,,,,,,,0.0
1984-12-01,P4,P4,,,,,,,,0.0
1985-01-01,P4,P4,565.0,75.0,,,,,,0.0
1985-02-01,P4,P4,561.0,70.8,,,,,,0.0
1985-03-01,P4,P4,561.0,72.1,,,,,,0.0
1985-04-01,P4,P4,561.0,60.7,,,,,,0.0
1985-05-01,P4,P4,561.0,84.1,,,,,,0.0
1985-06-01,P4,P4,561.0,83.8,,,,,,0.0
1985-07-01,P4,P4,561.0,82.0,,,,,,0.0
1985-08-01,P4,P4,561.0,85.8,,,,,,0.0
1985-09-01,P4,P4,561.0,81.0,,,,,,0.0
1985-10-01,P4,P4,546.0,80.3,,,,,,0.0
1985-11-01,P4,P4,546.0,78.4,,,,,,0.0
1985-12-01,P4,P4,542.0,77.0,,,,,,0.0
1986-01-01,P4,P4,529.0,77.5,79.35,-1.8499999999999943,3.3794184225918826,-5.229418422591877,0.0,0.0
1986-02-01,P4,P4,532.0,70.6,79.35,-8.75,-0.5297312694749365,-8.220268730525063,0.0,0.0
1986-03-01,P4,P4,532.0,71.3,79.35,-8.049999999999997,-2.532202086595561,-5.517797913404436,0.0,0.0
1986-04-01,P4,P4,533.0,79.7,79.35,0.3500000000000085,3.0102177084676924,-2.660217708467684,0.0,0.0
1986-05-01,P4,P4,533.0,85.6,80.0,5.599999999999994,7.057715632446346,-1.4577156324463516,0.0,0.0
1986-06-01,P4,P4,533.0,88.9,80.0,8.900000000000006,6.515430974419743,2.3845690255802623,0.0,0.0
1986-07-01,P4,P4,537.0,88.5,80.0,8.5,3.5399241831872246,4.960075816812775,0.0,0.0
1986-08-01,P4,P4,537.0,87.4,80.0,7.400000000000006,6.077403834738362,1.3225961652616434,0.0,0.0
1986-09-01,P4,P4,537.0,83.2,80.0,3.200000000000003,4.1589583429821175,-0.9589583429821147,0.0,0.0
1986-10-01,P4,P4,537.0,80.0,80.0,0.0,1.4049025435373892,-1.4049025435373892,0.0,0.0
1986-11-01,P4,P4,537.0,80.7,79.85,0.8500000000000085,1.79466009831512,-0.9446600983151114,0.0,0.0
1986-12-01,P4,P4,537.0,79.0,80.35,-1.3499999999999943,0.4101450931230204,-1.7601450931230147,0.0,0.0
1987-01-01,P4,P4,534.0,78.3,80.35,-2.049999999999997,-2.064585173255125,0.01458517325512787,0.0,0.0
1987-02-01,P4,P4,534.0,78.4,80.35,-1.9499999999999886,-3.913662311452697,1.9636623114527083,0.0,0.0
1987-03-01,P4,P4,534.0,67.5,80.35,-12.849999999999994,-5.172055282045164,-7.67794471795483,0.0,0.0
1987-04-01,P4,P4,536.0,80.1,80.35,-0.25,-2.6330799574459434,2.3830799574459434,0.0,0.0
1987-05-01,P4,P4,536.0,81.0,80.4,0.5999999999999943,-1.2674924967919878,1.8674924967919821,0.0,0.0
1987-06-01,P4,P4,536.0,85.0,80.4,4.599999999999994,2.1091823788544275,2.490817621145567,0.0,0.0
1987-07-01,P4,P4,536.0,89.1,80.4,8.699999999999989,3.4699698314957175,5.230030168504271,0.0,0.0
1987-08-01,P4,P4,536.0,90.0,80.4,9.599999999999994,3.4847209843049995,6.115279015694995,0.0,0.0
1987-09-01,P4,P4,536.0,86.0,80.4,5.599999999999994,2.225835224158331,3.3741647758416633,0.0,0.0
1987-10-01,P4,P4,535.0,81.8,80.4,1.3999999999999915,-0.5397043148731768,1.9397043148731683,0.0,0.0
1987-11-01,P4,P4,535.0,82.1,80.85,1.25,-0.9557356888449817,2.2057356888449817,0.0,0.0
1987-12-01,P4,P4,535.0,81.0,81.4,-0.4000000000000057,1.2892766318278603,-1.689276631827866,0.0,0.0
1988-01-01,P4,P4,540.0,78.9,81.4,-2.5,0.15671516336347224,-2.6567151633634722,0.0,0.0
1988-02-01,P4,P4,540.0,78.5,81.4,-2.9000000000000057,-1.8875332356537342,-1.0124667643462715,0.0,0.0
1988-03-01,P4,P4,534.0,76.8,81.4,-4.6000000000000085,0.5893341572292883,-5.189334157229297,0.0,0.0
1988-04-01,P4,P4,534.0,80.8,81.4,-0.6000000000000085,0.9483000846020104,-1.548300084602019,0.0,0.0
1988-05-01,P4,P4,534.0,90.6,81.4,9.199999999999989,2.103784141442702,7.0962158585572865,0.0,0.0
1988-06-01,P4,P4,534.0,92.8,81.94999999999999,10.850000000000009,2.093638832375845,8.756361167624163,0.0,0.0
1988-07-01,P4,P4,534.0,92.4,81.94999999999999,10.450000000000017,2.5434321048283692,7.906567895171648,0.0,0.0
1988-08-01,P4,P4,534.0,94.8,81.94999999999999,12.850000000000009,3.4706222289040767,9.379377771095932,0.0,0.0
1988-09-01,P4,P4,541.0,87.5,81.94999999999999,5.550000000000011,-0.31863037031827446,5.868630370318286,0.0,0.0
1988-10-01,P4,P4,541.0,78.0,81.94999999999999,-3.9499999999999886,-0.35992451597084596,-3.5900754840291427,0.0,0.0
1988-11-01,P4,P4,541.0,82.9,81.55,1.3500000000000085,0.16059517060720907,1.1894048293927995,0.0,0.0
1988-12-01,P4,P4,541.0,82.4,81.95,0.45000000000000284,1.2065172554753048,-0.7565172554753019,0.0,0.0
1989-01-01,P4,P4,550.0,79.1,82.65,-3.5500000000000114,2.269736984831198,-5.819736984831209,0.0,0.0
1989-02-01,P4,P4,550.0,75.3,82.65,-7.3500000000000085,-1.7612451867868089,-5.5887548132132,0.0,0.0
1989-03-01,P4,P4,550.0,75.6,82.65,-7.050000000000011,-0.7554049041973059,-6.2945950958027055,0.0,0.0
1989-04-01,P4,P4,550.0,74.6,82.65,-8.050000000000011,-0.9020813561787691,-7.147918643821242,0.0,0.0
1989-05-01,P4,P4,550.0,86.6,82.65,3.9499999999999886,1.9151160375523801,2.0348839624476085,0.0,0.0
1989-06-01,P4,P4,550.0,89.7,82.65,7.049999999999997,5.085430950566874,1.9645690494331234,0.0,0.0
1989-07-01,P4,P4,550.0,89.0,82.65,6.349999999999994,4.378163434643298,1.9718365653566963,0.0,0.0
1989-08-01,P4,P4,554.0,91.1,82.65,8.449999999999989,4.757523564335017,3.6924764356649717,0.0,0.0
1989-09-01,P4,P4,554.0,90.1,82.65,7.449999999999989,3.881265936515888,3.5687340634841007,0.0,0.0
1989-10-01,P4,P4,554.0,81.0,82.65,-1.6500000000000057,0.3897879640323083,-2.039787964032314,0.0,0.0
1989-11-01,P4,P4,554.0,84.6,82.65,1.9499999999999886,-0.03257487330654385,1.9825748733065325,0.0,0.0
1989-12-01,P4,P4,554.0,83.9,83.5,0.4000000000000057,-2.1720284790656734,2.572028479065679,0.0,0.0
1990-01-01,P4,P4,555.0,80.2,84.25,-4.049999999999997,1.581614951387479,-5.631614951387476,0.0,0.0
1990-02-01,P4,P4,555.0,80.5,84.25,-3.75,1.6187697258800853,-5.368769725880085,0.0,0.0
1990-03-01,P4,P4,555.0,77.1,84.25,-7.150000000000006,-3.1699083007276982,-3.9800916992723074,0.0,0.0
1990-04-01,P4,P4,555.0,78.7,84.25,-5.549999999999997,-2.0899185689859365,-3.4600814310140606,0.0,0.0
1990-05-01,P4,P4,555.0,89.0,84.25,4.75,0.004042411632724452,4.7459575883672755,0.0,0.0
1990-06-01,P4,P4,555.0,89.5,84.25,5.25,1.6272695346844301,3.62273046531557,0.0,0.0
1990-07-01,P4,P4,555.0,90.2,84.25,5.950000000000003,4.972662091583999,0.9773379084160041,0.0,0.0
1990-08-01,P4,P4,555.0,92.2,84.25,7.950000000000003,3.2019299169562743,4.748070083043729,0.0,0.0
1990-09-01,P4,P4,555.0,88.7,84.25,4.450000000000003,3.6303504011071652,0.8196495988928376,0.0,0.0
1990-10-01,P4,P4,555.0,79.2,84.25,-5.049999999999997,-3.965306122660323,-1.0846938773396744,0.0,0.0
1990-11-01,P4,P4,555.0,78.9,84.25,-5.349999999999994,-3.255431864665809,-2.0945681353341854,0.0,0.0
1990-12-01,P4,P4,555.0,77.5,82.2,-4.700000000000003,-4.639762070911615,-0.06023792908838743,0.0,0.0
1991-01-01,P4,P4,555.0,73.5,80.35,-6.849999999999994,-4.929044213542824,-1.9209557864571707,0.0,0.0
1991-02-01,P4,P4,555.0,78.5,79.85,-1.3499999999999943,-1.670854802289611,0.3208548022896167,0.0,0.0
1991-03-01,P4,P4,550.0,83.3,79.05000000000001,4.249999999999986,-1.4981016708613737,5.7481016708613595,0.0,0.0
1991-04-01,P4,P4,550.0,79.0,81.25,-2.25,-0.09798619526898733,-2.1520138047310127,0.0,0.0
1991-05-01,P4,P4,550.0,86.3,81.25,5.049999999999997,3.015339191201548,2.0346608087984492,0.0,0.0
1991-06-01,P4,P4,550.0,89.6,81.25,8.349999999999994,5.324292424798159,3.025707575201835,0.0,0.0
1991-07-01,P4,P4,550.0,90.0,81.25,8.75,4.323740470846204,4.426259529153796,0.0,0.0
1991-08-01,P4,P4,550.0,91.8,81.25,10.549999999999997,4.5434308869711515,6.006569113028846,0.0,0.0
1991-09-01,P4,P4,550.0,84.1,81.25,2.8499999999999943,3.7865978186086835,-0.9365978186086892,0.0,0.0
1991-10-01,P4,P4,550.0,87.6,81.25,6.349999999999994,-1.0379432453344037,7.387943245334398,0.0,0.0
1991-11-01,P4,P4,550.0,84.6,83.69999999999999,0.9000000000000057,-0.813569755956479,1.7135697559564846,0.0,0.0
1991-12-01,P4,P4,550.0,78.5,84.35,-5.849999999999994,2.07150678476323,-7.921506784763224,0.0,0.0
1992-01-01,P4,P4,510.0,81.8,84.35,-2.549999999999997,-2.153875126985895,-0.39612487301410226,0.0,0.0
1992-02-01,P4,P4,510.0,79.7,84.35,-4.6499999999999915,-4.27925124782071,-0.3707487521792814,0.0,0.0
1992-03-01,P4,P4,510.0,88.2,84.35,3.8500000000000085,-0.5145356386749427,4.364535638674951,0.0,0.0
1992-04-01,P4,P4,510.0,81.2,85.44999999999999,-4.249999999999986,-0.37576609886409074,-3.874233901135895,0.0,0.0
1992-05-01,P4,P4,510.0,85.7,85.44999999999999,0.2500000000000142,3.377657885260575,-3.127657885260561,0.0,0.0
1992-06-01,P4,P4,510.0,87.0,85.15,1.8499999999999943,6.395017998760622,-4.545017998760628,0.0,0.0
1992-07-01,P4,P4,510.0,93.5,85.15,8.349999999999994,5.860552572240266,2.4894474277597283,0.0,0.0
1992-08-01,P4,P4,510.0,89.6,85.15,4.449999999999989,3.056884578210486,1.3931154217895028,0.0,0.0
1992-09-01,P4,P4,510.0,90.7,85.15,5.549999999999997,4.69142788791298,0.8585721120870176,0.0,0.0
1992-10-01,P4,P4,510.0,88.0,86.35,1.6500000000000057,3.306484611184459,-1.6564846111844531,0.0,0.0
1992-11-01,P4,P4,510.0,85.9,86.35,-0.44999999999998863,2.324635598731234,-2.774635598731223,0.0,0.0
1992-12-01,P4,P4,510.0,85.8,86.45,-0.6500000000000057,-1.661169596942031,1.0111695969420254,0.0,0.0
1993-01-01,P4,P4,519.0,80.8,86.45,-5.650000000000006,-2.4201088664155748,-3.229891133584431,0.0,0.0
1993-02-01,P4,P4,519.0,79.3,86.45,-7.150000000000006,-2.6271779867038134,-4.522822013296192,0.0,0.0
1993-03-01,P4,P4,519.0,85.8,86.45,-0.6500000000000057,0.07597628938157186,-0.7259762893815775,0.0,0.0
1993-04-01,P4,P4,519.0,77.9,85.85,-7.949999999999989,1.988341524542264,-9.938341524542253,0.0,0.0
1993-05-01,P4,P4,519.0,88.9,85.85,3.0500000000000114,3.456248221341866,-0.4062482213418548,0.0,0.0
1993-06-01,P4,P4,519.0,92.5,86.45,6.049999999999997,5.336087915725983,0.7139120842740141,0.0,0.0
1993-07-01,P4,P4,519.0,91.1,86.95,4.1499999999999915,5.387771200507956,-1.2377712005079644,0.0,0.0
1993-08-01,P4,P4,519.0,91.6,86.95,4.6499999999999915,3.001034727403649,1.6489652725963424,0.0,0.0
1993-09-01,P4,P4,519.0,93.0,86.95,6.049999999999997,2.32488638671191,3.7251136132880873,0.0,0.0
1993-10-01,P4,P4,519.0,87.8,86.95,0.8499999999999943,1.1250374272366486,-0.27503742723665425,0.0,0.0
1993-11-01,P4,P4,509.0,91.7,86.85,4.8500000000000085,0.3829993806863712,4.467000619313637,0.0,0.0
1993-12-01,P4,P4,512.0,88.2,88.35,-0.14999999999999147,-0.7266277160969423,0.5766277160969508,0.0,0.0
1994-01-01,P4,P4,510.0,89.5,88.55000000000001,0.9499999999999886,-2.084868289382996,3.0348682893829846,0.0,0.0
1994-02-01,P4,P4,510.0,88.5,89.2,-0.7000000000000028,-3.1551670390244055,2.4551670390244027,0.0,0.0
1994-03-01,P4,P4,510.0,82.2,89.2,-7.0,-4.334127715050755,-2.665872284949245,0.0,0.0
1994-04-01,P4,P4,510.0,85.6,89.2,-3.6000000000000085,0.512353824148903,-4.1123538241489115,0.0,0.0
1994-05-01,P4,P4,510.0,93.4,89.2,4.200000000000003,3.242904960896226,0.9570950391037769,0.0,0.0
1994-06-01,P4,P4,510.0,96.5,90.3,6.200000000000003,3.5961068338765045,2.6038931661234983,0.0,0.0
1994-07-01,P4,P4,510.0,95.0,90.3,4.700000000000003,3.3148506156177717,1.3851493843822311,0.0,0.0
1994-08-01,P4,P4,510.0,93.5,90.55,2.950000000000003,4.230169349963404,-1.2801693499634013,0.0,0.0
1994-09-01,P4,P4,510.0,95.4,90.6,4.800000000000011,2.246250296830695,2.5537497031693164,0.0,0.0
1994-10-01,P4,P4,502.0,91.4,90.6,0.8000000000000114,-2.3911517399596676,3.191151739959679,0.0,0.0
1994-11-01,P4,P4,502.0,91.1,91.55000000000001,-0.45000000000001705,0.4760509032583684,-0.9260509032583855,0.0,0.0
1994-12-01,P4,P4,502.0,91.1,91.25,-0.15000000000000568,0.11830492387221625,-0.26830492387222193,0.0,0.0
1995-01-01,P4,P4,508.0,92.6,91.25,1.3499999999999943,-3.0366052355474267,4.386605235547421,0.0,0.0
1995-02-01,P4,P4,508.0,88.0,92.0,-4.0,-3.6401625225276604,-0.35983747747233963,0.0,0.0
1995-03-01,P4,P4,508.0,88.8,92.0,-3.200000000000003,-5.966108615572182,2.766108615572179,0.0,0.0
1995-04-01,P4,P4,508.0,85.2,92.0,-6.799999999999997,-2.143383403474516,-4.656616596525481,0.0,0.0
1995-05-01,P4,P4,508.0,94.9,92.0,2.9000000000000057,1.337832812647278,1.5621671873527276,0.0,0.0
1995-06-01,P4,P4,508.0,98.6,92.0,6.599999999999994,2.986864399804432,3.6131356001955623,0.0,0.0
1995-07-01,P4,P4,508.0,96.9,92.0,4.900000000000006,1.4068195312713954,3.4931804687286103,0.0,0.0
1995-08-01,P4,P4,508.0,94.8,92.0,2.799999999999997,1.3668641553639418,1.4331358446360554,0.0,0.0
1995-09-01,P4,P4,508.0,89.6,92.0,-2.4000000000000057,2.910940476229996,-5.310940476230002,0.0,0.0
1995-10-01,P4,P4,508.0,84.4,91.25,-6.849999999999994,-2.14870368864176,-4.7012963113582344,0.0,0.0
1995-11-01,P4,P4,508.0,93.5,91.1,2.4000000000000057,-0.5103164611690261,2.9103164611690318,0.0,0.0
1995-12-01,P4,P4,508.0,85.8,91.85,-6.049999999999997,0.9444343468755392,-6.994434346875536,0.0,0.0
1996-01-01,P4,P4,508.0,86.9,91.1,-4.199999999999989,-2.1068500425796515,-2.093149957420337,0.0,0.0
1996-02-01,P4,P4,508.0,84.5,89.19999999999999,-4.699999999999989,-2.538001441794165,-2.1619985582058234,0.0,0.0
1996-03-01,P4,P4,508.0,89.3,89.19999999999999,0.10000000000000853,-0.919995983909871,1.0199959839098796,0.0,0.0
1996-04-01,P4,P4,508.0,91.2,89.44999999999999,1.7500000000000142,2.3007520242550044,-0.5507520242549901,0.0,0.0
1996-05-01,P4,P4,508.0,91.2,90.4,0.7999999999999972,2.1062332145862115,-1.3062332145862143,0.0,0.0
1996-06-01,P4,P4,518.0,97.0,90.4,6.599999999999994,2.738233913643228,3.8617660863567664,0.0,0.0
1996-07-01,P4,P4,518.0,96.6,90.4,6.199999999999989,1.270060345612464,4.929939654387525,0.0,0.0
1996-08-01,P4,P4,518.0,96.8,90.4,6.3999999999999915,1.2979568587820438,5.102043141217948,0.0,0.0
1996-09-01,P4,P4,518.0,97.4,90.4,7.0,1.7753173567198246,5.224682643280175,0.0,0.0
1996-10-01,P4,P4,518.0,93.1,91.2,1.8999999999999915,0.5071915375848306,1.3928084624151609,0.0,0.0
1996-11-01,P4,P4,518.0,92.3,92.15,0.14999999999999147,-0.5715760114305652,0.7215760114305567,0.0,0.0
1996-12-01,P4,P4,518.0,88.7,91.75,-3.049999999999997,-0.4851802054017327,-2.5648197945982645,0.0,0.0
1997-01-01,P4,P4,520.0,90.3,91.75,-1.4500000000000028,-5.683388405386182,4.233388405386179,0.0,0.0
1997-02-01,P4,P4,520.0,89.1,91.75,-2.6500000000000057,-6.789044631117491,4.1390446311174856,0.0,0.0
1997-03-01,P4,P4,520.0,86.0,91.75,-5.75,-4.24393150998111,-1.5060684900188903,0.0,0.0
1997-04-01,P4,P4,520.0,82.2,91.75,-9.549999999999997,-2.158671024711296,-7.391328975288701,0.0,0.0
1997-05-01,P4,P4,520.0,93.4,91.75,1.6500000000000057,3.0551252185479143,-1.4051252185479086,0.0,0.0
1997-06-01,P4,P4,520.0,97.5,92.69999999999999,4.800000000000011,3.3535833514723095,1.446416648527702,0.0,0.0
1997-07-01,P4,P4,520.0,98.7,92.69999999999999,6.000000000000014,2.6698974027528237,3.3301025972471905,0.0,0.0
1997-08-01,P4,P4,520.0,98.8,92.69999999999999,6.1000000000000085,4.4425399972080015,1.657460002792007,0.0,0.0
1997-09-01,P4,P4,520.0,97.7,92.69999999999999,5.000000000000014,5.0840108390008965,-0.08401083900088224,0.0,0.0
1997-10-01,P4,P4,520.0,95.4,92.69999999999999,2.700000000000017,2.464776125502624,0.23522387449739313,0.0,0.0
1997-11-01,P4,P4,520.0,91.4,92.85,-1.4499999999999886,0.12385636952483026,-1.5738563695248189,0.0,0.0
1997-12-01,P4,P4,520.0,94.7,92.4,2.299999999999997,0.8414015916199418,1.4585984083800554,0.0,0.0
1998-01-01,P4,P4,524.0,92.8,94.05000000000001,-1.2500000000000142,-3.731281795628476,2.481281795628462,0.0,0.0
1998-02-01,P4,P4,524.0,92.7,94.05000000000001,-1.3500000000000085,-6.299894666136481,4.949894666136473,0.0,0.0
1998-03-01,P4,P4,524.0,82.7,94.05000000000001,-11.350000000000009,-2.3419874799689353,-9.008012520031073,0.0,0.0
1998-04-01,P4,P4,524.0,86.6,94.05000000000001,-7.450000000000017,0.4784273394841847,-7.928427339484202,0.0,0.0
1998-05-01,P4,P4,524.0,89.2,94.05000000000001,-4.8500000000000085,1.275327071587597,-6.125327071587606,0.0,0.0
1998-06-01,P4,P4,524.0,98.9,93.75,5.150000000000006,1.86417421357676,3.2858257864232456,0.0,0.0
1998-07-01,P4,P4,524.0,95.1,93.75,1.3499999999999943,2.0503267549477755,-0.7003267549477812,0.0,0.0
1998-08-01,P4,P4,524.0,98.8,93.75,5.049999999999997,2.4106758104711616,2.6393241895288355,0.0,0.0
1998-09-01,P4,P4,524.0,97.8,93.75,4.049999999999997,-2.320993909662789,6.370993909662786,0.0,0.0
1998-10-01,P4,P4,524.0,95.4,93.75,1.6500000000000057,-7.484719759987229,9.134719759987235,0.0,0.0
1998-11-01,P4,P4,524.0,92.2,93.75,-1.5499999999999972,-1.6915600643901456,0.14156006439014845,0.0,0.0
1998-12-01,P4,P4,524.0,90.6,93.75,-3.1500000000000057,-1.0364722287333876,-2.113527771266618,0.0,0.0
1999-01-01,P4,P4,528.0,91.4,92.75,-1.3499999999999943,-4.670101921727351,3.320101921727357,0.0,0.0
1999-02-01,P4,P4,525.0,95.2,92.45,2.75,-5.041981842262189,7.791981842262189,0.0,0.0
1999-03-01,P4,P4,528.0,87.9,93.65,-5.75,-4.116618887777307,-1.6333811122226933,0.0,0.0
1999-04-01,P4,P4,528.0,85.5,93.65,-8.150000000000006,-0.41492010748530106,-7.735079892514705,0.0,0.0
1999-05-01,P4,P4,528.0,95.9,93.65,2.25,-0.9984638941545256,3.2484638941545256,0.0,0.0
1999-06-01,P4,P4,528.0,99.5,95.15,4.349999999999994,-1.2518633292066141,5.6018633292066085,0.0,0.0
1999-07-01,P4,P4,528.0,101.6,95.15,6.449999999999989,0.5955037160234724,5.854496283976516,0.0,0.0
1999-08-01,P4,P4,528.0,102.6,95.30000000000001,7.299999999999983,1.271357105021508,6.028642894978475,0.0,0.0
1999-09-01,P4,P4,528.0,101.4,95.30000000000001,6.099999999999994,-0.1559792907974895,6.255979290797484,0.0,0.0
1999-10-01,P4,P4,528.0,98.5,95.30000000000001,3.1999999999999886,-2.947474704746597,6.147474704746585,0.0,0.0
1999-11-01,P4,P4,528.0,95.1,95.55000000000001,-0.45000000000001705,-1.9919799124272686,1.5419799124272515,0.0,0.0
1999-12-01,P4,P4,528.0,93.5,95.55000000000001,-2.0500000000000114,-3.320918038398162,1.2709180383981504,0.0,0.0
2000-01-01,P4,P4,541.0,93.5,95.55000000000001,-2.0500000000000114,-7.0134854895324,4.963485489532388,0.0,0.0
2000-02-01,P4,P4,541.0,91.5,95.55000000000001,-4.050000000000011,-6.361114860534315,2.3111148605343033,0.0,0.0
2000-03-01,P4,P4,542.0,87.2,95.5,-8.299999999999997,-3.0279289394099322,-5.272071060590065,0.0,0.0
2000-04-01,P4,P4,542.0,88.3,95.5,-7.200000000000003,-0.16935984750953992,-7.030640152490463,0.0,0.0
2000-05-01,P4,P4,542.0,95.5,95.5,0.0,2.370287800078998,-2.370287800078998,0.0,0.0
2000-06-01,P4,P4,542.0,99.8,95.3,4.5,3.8827664780195335,0.6172335219804665,0.0,0.0
2000-07-01,P4,P4,542.0,101.0,95.3,5.700000000000003,4.526598689936847,1.1734013100631557,0.0,0.0
2000-08-01,P4,P4,542.0,100.6,95.3,5.299999999999997,3.5311147292024287,1.7688852707975684,0.0,0.0
2000-09-01,P4,P4,543.0,96.6,95.3,1.2999999999999972,1.863294372590488,-0.5632943725904909,0.0,0.0
2000-10-01,P4,P4,543.0,97.0,95.3,1.7000000000000028,-0.09116159454174522,1.791161594541748,0.0,0.0
2000-11-01,P4,P4,543.0,94.0,95.3,-1.2999999999999972,0.15813356118280808,-1.4581335611828052,0.0,0.0
2000-12-01,P4,P4,543.0,91.5,94.75,-3.25,1.3237253486224034,-4.573725348622403,0.0,0.0
2001-01-01,P4,P4,554.0,89.3,94.75,-5.450000000000003,-3.0644353496679884,-2.3855646503320145,0.0,0.0
2001-02-01,P4,P4,554.0,89.4,94.75,-5.349999999999994,-2.7012653834680833,-2.648734616531911,0.0,0.0
2001-03-01,P4,P4,554.0,81.4,94.75,-13.349999999999994,-3.820162940761776,-9.529837059238218,0.0,0.0
2001-04-01,P4,P4,554.0,85.3,94.75,-9.450000000000003,1.6975147663683856,-11.147514766368388,1.0,0.09973614775725596
2001-05-01,P4,P4,554.0,87.5,94.75,-7.25,2.3687306301680167,-9.618730630168017,0.0,0.0
2001-06-01,P4,P4,564.0,96.9,92.75,4.150000000000006,1.5804831764221774,2.5695168235778283,0.0,0.0
2001-07-01,P4,P4,564.0,95.0,92.75,2.25,-0.17265136841821516,2.422651368418215,0.0,0.0
2001-08-01,P4,P4,564.0,95.4,92.75,2.6500000000000057,-0.5957843315693623,3.245784331569368,0.0,0.0
2001-09-01,P4,P4,564.0,96.1,92.75,3.3499999999999943,-1.315326519697578,4.665326519697572,0.0,0.0
2001-10-01,P4,P4,564.0,90.1,92.75,-2.6500000000000057,-0.8581393931142287,-1.791860606885777,0.0,0.0
2001-11-01,P4,P4,564.0,92.3,90.8,1.5,-0.6380762939637776,2.1380762939637776,0.0,0.0
2001-12-01,P4,P4,564.0,89.2,90.8,-1.5999999999999943,-2.555984573518657,0.9559845735186627,0.0,0.0
2002-01-01,P4,P4,572.0,88.3,89.75,-1.4500000000000028,-4.546323728480857,3.0963237284808542,0.0,0.0
2002-02-01,P4,P4,572.0,90.7,89.75,0.9500000000000028,-5.6573526136563,6.607352613656303,0.0,0.0
2002-03-01,P4,P4,572.0,84.9,90.4,-5.5,-4.393059226213012,-1.106940773786988,0.0,0.0
2002-04-01,P4,P4,572.0,86.1,90.4,-4.300000000000011,0.7703493231306169,-5.070349323130628,0.0,0.0
2002-05-01,P4,P4,572.0,89.2,90.4,-1.2000000000000028,-0.7768727333234011,-0.4231272666766017,0.0,0.0
2002-06-01,P4,P4,576.0,96.7,90.4,6.299999999999997,0.9667573681492172,5.33324263185078,0.0,0.0
2002-07-01,P4,P4,576.0,94.7,90.4,4.299999999999997,1.3169303578891345,2.9830696421108627,0.0,0.0
2002-08-01,P4,P4,576.0,98.1,90.4,7.699999999999989,0.7392639298290078,6.960736070170981,0.0,0.0
2002-09-01,P4,P4,576.0,96.6,90.4,6.199999999999989,-1.7691111596484461,7.969111159648435,0.0,0.0
2002-10-01,P4,P4,576.0,93.0,90.4,2.5999999999999943,-4.26052260476817,6.860522604768164,0.0,0.0
2002-11-01,P4,P4,576.0,91.2,91.5,-0.29999999999999716,1.6770098462183256,-1.9770098462183228,0.0,0.0
2002-12-01,P4,P4,576.0,89.4,90.95,-1.5499999999999972,0.19261463663748657,-1.7426146366374837,0.0,0.0
2003-01-01,P4,P4,578.0,91.3,90.95,0.3499999999999943,-4.113476375551556,4.463476375551551,0.0,0.0
2003-02-01,P4,P4,578.0,91.0,91.25,-0.25,-3.870703275127312,3.620703275127312,0.0,0.0
2003-03-01,P4,P4,578.0,88.0,91.25,-3.25,-0.7931596878333096,-2.4568403121666904,0.0,0.0
2003-04-01,P4,P4,578.0,81.9,91.25,-9.349999999999994,2.7897278211229803,-12.139727821122975,1.0,0.10246575342465747
2003-05-01,P4,P4,578.0,79.0,91.25,-12.25,4.458536037029361,-16.70853603702936,1.0,0.13424657534246576
2003-06-01,P4,P4,578.0,97.3,91.25,6.049999999999997,2.777877088907914,3.272122911092083,0.0,0.0
2003-07-01,P4,P4,578.0,97.2,91.25,5.950000000000003,2.166651867986019,3.783348132013984,0.0,0.0
2003-08-01,P4,P4,578.0,98.1,91.25,6.849999999999994,3.135830277348333,3.7141697226516612,0.0,0.0
2003-09-01,P4,P4,578.0,97.7,91.25,6.450000000000003,1.2278352928725695,5.222164707127433,0.0,0.0
2003-10-01,P4,P4,578.0,93.8,91.25,2.549999999999997,-0.41247731072367344,2.9624773107236706,0.0,0.0
2003-11-01,P4,P4,578.0,94.0,91.25,2.75,0.7756705278242038,1.9743294721757962,0.0,0.0
2003-12-01,P4,P4,578.0,93.0,92.55,0.45000000000000284,-0.3491401958442708,0.7991401958442736,0.0,0.0
2004-01-01,P4,P4,581.0,89.2,93.4,-4.200000000000003,-4.283296713830225,0.0832967138302223,0.0,0.0
2004-02-01,P4,P4,582.0,86.9,93.4,-6.5,-4.517934377811358,-1.9820656221886424,0.0,0.0
2004-03-01,P4,P4,582.0,93.3,93.4,-0.10000000000000853,-4.848882836175505,4.748882836175497,0.0,0.0
2004-04-01,P4,P4,582.0,86.7,93.55,-6.849999999999994,-0.8758278859428543,-5.97417211405714,0.0,0.0
2004-05-01,P4,P4,582.0,101.9,93.55,8.350000000000009,2.5745665941418565,5.775433405858152,0.0,0.0
2004-06-01,P4,P4,582.0,98.6,93.9,4.699999999999989,4.447916025792722,0.2520839742072667,0.0,0.0
2004-07-01,P4,P4,582.0,101.1,93.9,7.199999999999989,3.722665323454109,3.4773346765458797,0.0,0.0
2004-08-01,P4,P4,582.0,100.6,93.9,6.699999999999989,4.0857156606357705,2.614284339364218,0.0,0.0
2004-09-01,P4,P4,582.0,99.9,93.9,6.0,-2.8994719240276368,8.899471924027637,0.0,0.0
2004-10-01,P4,P4,582.0,98.2,93.9,4.299999999999997,-2.5775261384736297,6.877526138473627,0.0,0.0
2004-11-01,P4,P4,582.0,95.4,96.1,-0.6999999999999886,1.5843099232387772,-2.284309923238766,0.0,0.0
2004-12-01,P4,P4,582.0,96.2,96.80000000000001,-0.6000000000000085,2.2788512022400766,-2.878851202240085,0.0,0.0
2005-01-01,P4,P4,588.0,93.2,97.2,-4.0,-2.099562119439639,-1.9004378805603608,0.0,0.0
2005-02-01,P4,P4,588.0,91.5,97.2,-5.700000000000003,-2.829120922335477,-2.870879077664526,0.0,0.0
2005-03-01,P4,P4,588.0,90.9,97.2,-6.299999999999997,-2.6538391705106648,-3.6461608294893324,0.0,0.0
2005-04-01,P4,P4,588.0,91.4,97.2,-5.799999999999997,-0.5947233373289578,-5.205276662671039,0.0,0.0
2005-05-01,P4,P4,588.0,99.1,97.2,1.8999999999999915,0.6756566743952845,1.224343325604707,0.0,0.0
2005-06-01,P4,P4,588.0,98.4,97.2,1.2000000000000028,3.5453758380225366,-2.345375838022534,0.0,0.0
2005-07-01,P4,P4,592.0,99.1,97.2,1.8999999999999915,0.6632089553397549,1.2367910446602366,0.0,0.0
2005-08-01,P4,P4,592.0,99.6,97.2,2.3999999999999915,-0.8184605836884344,3.218460583688426,0.0,0.0
2005-09-01,P4,P4,592.0,98.9,97.2,1.7000000000000028,-9.191544312469802,10.891544312469804,0.0,0.0
2005-10-01,P4,P4,588.0,98.7,97.2,1.5,-11.425540310542715,12.925540310542715,0.0,0.0
2005-11-01,P4,P4,588.0,92.2,97.30000000000001,-5.1000000000000085,-3.4685824005281916,-1.631417599471817,0.0,0.0
2005-12-01,P4,P4,588.0,92.7,97.30000000000001,-4.6000000000000085,-2.602369599393299,-1.9976304006067096,0.0,0.0
2006-01-01,P4,P4,596.0,96.0,95.80000000000001,0.19999999999998863,-4.032381491042884,4.232381491042872,0.0,0.0
2006-02-01,P4,P4,596.0,86.3,97.2,-10.900000000000006,-4.163386425933595,-6.736613574066411,0.0,0.0
2006-03-01,P4,P4,596.0,80.6,97.2,-16.60000000000001,-4.318823069770787,-12.281176930229222,1.0,0.1707818930041153
2006-04-01,P4,P4,596.0,92.5,97.2,-4.700000000000003,-1.3219531943121012,-3.3780468056879016,0.0,0.0
2006-05-01,P4,P4,596.0,97.2,97.2,0.0,2.561641153328324,-2.561641153328324,0.0,0.0
2006-06-01,P4,P4,596.0,98.1,96.6,1.5,4.360732637429294,-2.860732637429294,0.0,0.0
2006-07-01,P4,P4,596.0,99.1,96.6,2.5,3.8796418653251976,-1.3796418653251976,0.0,0.0
2006-08-01,P4,P4,596.0,98.8,96.6,2.200000000000003,4.543213417098897,-2.3432134170988945,0.0,0.0
2006-09-01,P4,P4,596.0,96.0,96.6,-0.5999999999999943,4.368383683835546,-4.96838368383554,0.0,0.0
2006-10-01,P4,P4,596.0,90.7,96.0,-5.299999999999997,-1.4531368267017086,-3.8468631732982885,0.0,0.0
2006-11-01,P4,P4,596.0,97.4,94.35,3.0500000000000114,-1.32102372975325,4.3710237297532615,0.0,0.0
2006-12-01,P4,P4,596.0,89.0,96.0,-7.0,1.8926155541108614,-8.892615554110861,0.0,0.0
2007-01-01,P4,P4,598.0,91.2,96.0,-4.799999999999997,-1.1324950463783523,-3.667504953621645,0.0,0.0
2007-02-01,P4,P4,598.0,92.7,94.25,-1.5499999999999972,-4.700177756296782,3.1501777562967845,0.0,0.0
2007-03-01,P4,P4,598.0,90.0,94.35,-4.349999999999994,-2.3389510437717007,-2.0110489562282936,0.0,0.0
2007-04-01,P4,P4,598.0,87.4,94.35,-6.949999999999989,-1.2509888769617277,-5.699011123038261,0.0,0.0
2007-05-01,P4,P4,598.0,86.6,94.35,-7.75,0.2772066799283124,-8.027206679928312,0.0,0.0
2007-06-01,P4,P4,598.0,96.4,91.95,4.450000000000003,-0.4593958528907933,4.909395852890796,0.0,0.0
2007-07-01,P4,P4,598.0,99.1,91.95,7.1499999999999915,2.8845539680305166,4.265446031969475,0.0,0.0
2007-08-01,P4,P4,598.0,93.3,91.95,1.3499999999999943,2.504082086230028,-1.1540820862300336,0.0,0.0
2007-09-01,P4,P4,598.0,90.9,91.95,-1.0499999999999972,0.5873269681074049,-1.637326968107402,0.0,0.0
2007-10-01,P4,P4,598.0,87.6,91.05000000000001,-3.450000000000017,-0.9131257799010939,-2.536874220098923,0.0,0.0
2007-11-01,P4,P4,598.0,90.8,91.05000000000001,-0.2500000000000142,0.5421610560207455,-0.7921610560207597,0.0,0.0
2007-12-01,P4,P4,598.0,89.8,90.85,-1.0499999999999972,0.03356179609686194,-1.083561796096859,0.0,0.0
2008-01-01,P4,P4,603.0,89.1,90.85,-1.75,-2.828478713726554,1.078478713726554,0.0,0.0
2008-02-01,P4,P4,603.0,89.7,90.4,-0.7000000000000028,-3.6312241238328653,2.9312241238328625,0.0,0.0
2008-03-01,P4,P4,603.0,87.7,89.9,-2.200000000000003,-5.376867277359821,3.1768672773598183,0.0,0.0
2008-04-01,P4,P4,603.0,90.2,89.75,0.45000000000000284,-2.4340888995959347,2.8840888995959375,0.0,0.0
2008-05-01,P4,P4,603.0,93.7,90.0,3.700000000000003,0.1955366025770644,3.5044633974229384,0.0,0.0
2008-06-01,P4,P4,603.0,89.9,90.5,-0.5999999999999943,0.9692006301790173,-1.5692006301790116,0.0,0.0
2008-07-01,P4,P4,603.0,86.2,90.05000000000001,-3.8500000000000085,0.09097925409621155,-3.94097925409622,0.0,0.0
2008-08-01,P4,P4,603.0,90.3,89.85,0.45000000000000284,-1.6088503881525185,2.0588503881525213,0.0,0.0
2008-09-01,P4,P4,603.0,90.6,89.85,0.75,-13.41859555204428,14.16859555204428,0.0,0.0
2008-10-01,P4,P4,608.0,89.3,89.85,-0.5499999999999972,-1.9275309062004595,1.3775309062004624,0.0,0.0
2008-11-01,P4,P4,608.0,89.7,89.85,-0.14999999999999147,-0.8558150817393084,0.705815081739317,0.0,0.0
2008-12-01,P4,P4,608.0,85.9,89.75,-3.8499999999999943,-2.0270559503843373,-1.822944049615657,0.0,0.0
2009-01-01,P4,P4,622.0,87.5,89.7,-2.200000000000003,-3.4817919654750824,1.2817919654750796,0.0,0.0
2009-02-01,P4,P4,622.0,89.9,89.7,0.20000000000000284,-4.013498795716018,4.213498795716021,0.0,0.0
2009-03-01,P4,P4,622.0,83.1,89.80000000000001,-6.700000000000017,-4.060969370636798,-2.6390306293632193,0.0,0.0
2009-04-01,P4,P4,622.0,81.0,89.80000000000001,-8.800000000000011,-2.858830393724176,-5.941169606275835,0.0,0.0
2009-05-01,P4,P4,622.0,89.9,89.5,0.4000000000000057,-0.6518880889116616,1.0518880889116673,0.0,0.0
2009-06-01,P4,P4,622.0,92.8,89.5,3.299999999999997,2.025930193064113,1.2740698069358842,0.0,0.0
2009-07-01,P4,P4,622.0,92.0,89.5,2.5,0.271491705667799,2.228508294332201,0.0,0.0
2009-08-01,P4,P4,622.0,92.2,89.80000000000001,2.3999999999999915,0.14533368293153615,2.2546663170684553,0.0,0.0
2009-09-01,P4,P4,622.0,90.6,89.80000000000001,0.799999999999983,0.992129678633134,-0.192129678633151,0.0,0.0
2009-10-01,P4,P4,622.0,86.8,89.80000000000001,-3.000000000000014,-2.5393707048585696,-0.4606292951414446,0.0,0.0
2009-11-01,P4,P4,622.0,88.2,89.80000000000001,-1.6000000000000085,-2.905678369743484,1.3056783697434753,0.0,0.0
2009-12-01,P4,P4,622.0,77.2,89.05000000000001,-11.850000000000009,-2.045260143167795,-9.804739856832214,0.0,0.0
2010-01-01,P4,P4,623.0,84.1,89.05000000000001,-4.950000000000017,-2.544076315350978,-2.4059236846490393,0.0,0.0
2010-02-01,P4,P4,623.0,84.2,89.05000000000001,-4.8500000000000085,-0.9728210957448766,-3.877178904255132,0.0,0.0
2010-03-01,P4,P4,623.0,78.5,87.5,-9.0,1.1390421221211682,-10.139042122121168,1.0,0.10285714285714286
2010-04-01,P4,P4,623.0,86.7,87.5,-0.7999999999999972,5.683231258784531,-6.483231258784528,0.0,0.0
2010-05-01,P4,P4,623.0,84.6,87.5,-2.9000000000000057,4.576182251267923,-7.476182251267929,0.0,0.0
2010-06-01,P4,P4,623.0,92.0,86.75,5.25,7.009532553880007,-1.7595325538800068,0.0,0.0
2010-07-01,P4,P4,623.0,91.9,86.75,5.150000000000006,7.5007543973214155,-2.35075439732141,0.0,0.0
2010-08-01,P4,P4,623.0,87.3,86.75,0.5499999999999972,5.4621446439964245,-4.912144643996427,0.0,0.0
2010-09-01,P4,P4,623.0,95.8,86.75,9.049999999999997,2.37174084871468,6.678259151285317,0.0,0.0
2010-10-01,P4,P4,623.0,86.2,86.75,-0.5499999999999972,-2.2929008124657884,1.7429008124657912,0.0,0.0
2010-11-01,P4,P4,623.0,88.1,86.45,1.6499999999999915,1.690177690500903,-0.04017769050091147,0.0,0.0
2010-12-01,P4,P4,623.0,85.0,86.45,-1.4500000000000028,1.9094557576161009,-3.3594557576161037,0.0,0.0
2011-01-01,P4,P4,624.0,84.4,86.45,-2.049999999999997,-2.5848725498490808,0.5348725498490836,0.0,0.0
2011-02-01,P4,P4,624.0,88.9,86.45,2.450000000000003,-7.327799764146874,9.777799764146877,0.0,0.0
2011-03-01,P4,P4,624.0,85.9,87.0,-1.0999999999999943,-3.0169636588303064,1.916963658830312,0.0,0.0
2011-04-01,P4,P4,624.0,79.3,87.0,-7.700000000000003,-4.413265175434006,-3.286734824565997,0.0,0.0
2011-05-01,P4,P4,624.0,90.1,86.75,3.3499999999999943,-1.2003964333927684,4.550396433392763,0.0,0.0
2011-06-01,P4,P4,624.0,92.9,87.69999999999999,5.200000000000017,3.0888931177295547,2.1111068822704624,0.0,0.0
2011-07-01,P4,P4,624.0,88.0,87.69999999999999,0.30000000000001137,4.34010809207696,-4.040108092076949,0.0,0.0
2011-08-01,P4,P4,624.0,88.8,87.65,1.1499999999999915,4.380295271419584,-3.2302952714195925,0.0,0.0
2011-09-01,P4,P4,624.0,81.1,88.05,-6.950000000000003,2.8607993025409684,-9.810799302540971,0.0,0.0
2011-10-01,P4,P4,624.0,89.5,87.1,2.4000000000000057,-1.0681303923017822,3.468130392301788,0.0,0.0
2011-11-01,P4,P4,624.0,90.9,88.05,2.8500000000000085,1.0873891858996387,1.7626108141003698,0.0,0.0
2011-12-01,P4,P4,624.0,90.5,88.4,2.0999999999999943,0.33269005987654054,1.7673099401234538,0.0,0.0
2012-01-01,P4,P4,623.0,91.7,88.85,2.8500000000000085,-0.32916998781435325,3.1791699878143618,0.0,0.0
2012-02-01,P4,P4,623.0,93.4,89.2,4.200000000000003,0.4897695021130488,3.710230497886954,0.0,0.0
2012-03-01,P4,P4,624.0,92.0,89.8,2.200000000000003,-0.9341682733947749,3.1341682733947778,0.0,0.0
2012-04-01,P4,P4,624.0,84.6,90.3,-5.700000000000003,0.04029340754989619,-5.740293407549899,0.0,0.0
2012-05-01,P4,P4,624.0,86.5,90.3,-3.799999999999997,4.113698504641732,-7.913698504641729,0.0,0.0
2012-06-01,P4,P4,624.0,98.2,90.0,8.200000000000003,5.767586512812088,2.4324134871879153,0.0,0.0
2012-07-01,P4,P4,624.0,97.4,90.0,7.400000000000006,5.701832934961772,1.6981670650382341,0.0,0.0
2012-08-01,P4,P4,624.0,96.4,90.7,5.700000000000003,4.320197952974922,1.3798020470250805,0.0,0.0
2012-09-01,P4,P4,624.0,90.4,91.30000000000001,-0.9000000000000057,0.8633927334268634,-1.763392733426869,0.0,0.0
2012-10-01,P4,P4,624.0,84.3,91.30000000000001,-7.000000000000014,0.31574655403017005,-7.315746554030184,0.0,0.0
2012-11-01,P4,P4,625.0,91.4,91.30000000000001,0.09999999999999432,1.4911961597054813,-1.391196159705487,0.0,0.0
2012-12-01,P4,P4,625.0,96.6,91.55000000000001,5.049999999999983,2.993988010554702,2.056011989445281,0.0,0.0
2013-01-01,P4,P4,630.0,92.1,91.85,0.25,-4.301054150965342,4.551054150965342,0.0,0.0
2013-02-01,P4,P4,630.0,91.3,92.05,-0.75,-6.435909400926093,5.685909400926093,0.0,0.0
2013-03-01,P4,P4,630.0,91.7,91.7,0.0,-4.391741892225056,4.391741892225056,0.0,0.0
2013-04-01,P4,P4,630.0,89.2,91.55000000000001,-2.3500000000000085,-2.2841748101547807,-0.06582518984522778,0.0,0.0
2013-05-01,P4,P4,630.0,86.0,91.55000000000001,-5.550000000000011,0.12441794500229264,-5.674417945002304,0.0,0.0
2013-06-01,P4,P4,630.0,91.8,91.55000000000001,0.2499999999999858,3.653008314087657,-3.4030083140876712,0.0,0.0
2013-07-01,P4,P4,630.0,93.2,91.55000000000001,1.6499999999999915,4.572732235947299,-2.922732235947308,0.0,0.0
2013-08-01,P4,P4,630.0,98.8,91.55000000000001,7.249999999999986,3.508927600248697,3.741072399751289,0.0,0.0
2013-09-01,P4,P4,630.0,93.5,91.55000000000001,1.9499999999999886,2.7535011131555365,-0.8035011131555478,0.0,0.0
2013-10-01,P4,P4,630.0,91.6,91.75,-0.15000000000000568,-1.5120132825487076,1.362013282548702,0.0,0.0
2013-11-01,P4,P4,630.0,95.4,91.75,3.6500000000000057,2.1516567511213367,1.498343248878669,0.0,0.0
2013-12-01,P4,P4,630.0,90.2,91.94999999999999,-1.7499999999999858,2.60640406237944,-4.356404062379426,0.0,0.0
2014-01-01,P4,P4,631.0,89.9,91.75,-1.8499999999999943,-2.0476621917683104,0.19766219176831612,0.0,0.0
2014-02-01,P4,P4,631.0,80.5,91.65,-11.150000000000006,-2.792859112442187,-8.357140887557819,0.0,0.0
2014-03-01,P4,P4,637.0,88.2,91.65,-3.450000000000003,-3.53877556429201,0.08877556429200695,0.0,0.0
2014-04-01,P4,P4,637.0,87.8,90.9,-3.1000000000000085,1.2502238171200304,-4.350223817120039,0.0,0.0
2014-05-01,P4,P4,637.0,92.8,90.9,1.8999999999999915,-0.36476077640813287,2.2647607764081243,0.0,0.0
2014-06-01,P4,P4,637.0,87.5,91.69999999999999,-4.199999999999989,-0.31324120252595833,-3.8867587974740303,0.0,0.0
2014-07-01,P4,P4,647.0,88.2,90.9,-2.700000000000003,4.252851151976785,-6.9528511519767875,0.0,0.0
2014-08-01,P4,P4,647.0,99.0,90.05000000000001,8.949999999999989,3.28449501831453,5.665504981685459,0.0,0.0
2014-09-01,P4,P4,647.0,96.7,90.05000000000001,6.6499999999999915,1.3394176467065506,5.310582353293441,0.0,0.0
2014-10-01,P4,P4,647.0,86.5,90.05000000000001,-3.5500000000000114,-2.6601266553334426,-0.8898733446665688,0.0,0.0
2014-11-01,P4,P4,647.0,94.5,89.05000000000001,5.449999999999989,1.4840699777208641,3.9659300222791245,0.0,0.0
2014-12-01,P4,P4,647.0,93.7,89.05000000000001,4.6499999999999915,3.620533449613191,1.0294665503868003,0.0,0.0
2015-01-01,P4,P4,647.0,88.8,89.05000000000001,-0.2500000000000142,-2.6911980800303894,2.441198080030375,0.0,0.0
2015-02-01,P4,P4,647.0,95.2,88.5,6.700000000000003,-3.3310176178191284,10.031017617819131,0.0,0.0
2015-03-01,P4,P4,647.0,86.6,90.8,-4.200000000000003,-1.9847004794193026,-2.2152995205807002,0.0,0.0
2015-04-01,P4,P4,647.0,92.4,90.8,1.6000000000000085,1.5410739863350216,0.058926013664986954,0.0,0.0
2015-05-01,P4,P4,647.0,92.2,92.6,-0.3999999999999915,1.4759285671822795,-1.875928567182271,0.0,0.0
2015-06-01,P4,P4,647.0,94.1,92.30000000000001,1.799999999999983,1.9511171025490341,-0.1511171025490512,0.0,0.0
2015-07-01,P4,P4,651.0,95.1,93.05000000000001,2.049999999999983,3.0557377333776543,-1.0057377333776714,0.0,0.0
2015-08-01,P4,P4,651.0,93.8,93.9,-0.10000000000000853,1.8056859359291053,-1.9056859359291138,0.0,0.0
2015-09-01,P4,P4,651.0,91.9,93.75,-1.8499999999999943,-1.3664700471523759,-0.48352995284761846,0.0,0.0
2015-10-01,P4,P4,651.0,92.4,93.05000000000001,-0.6500000000000057,-5.391860194227817,4.741860194227812,0.0,0.0
2015-11-01,P4,P4,651.0,92.4,93.05000000000001,-0.6500000000000057,-0.17437136473932924,-0.47562863526067645,0.0,0.0
2015-12-01,P4,P4,651.0,92.0,92.4,-0.4000000000000057,0.7643563390498116,-1.1643563390498173,0.0,0.0
2016-01-01,P4,P4,679.0,84.4,92.4,-8.0,-2.8886621436113273,-5.111337856388673,0.0,0.0
2016-02-01,P4,P4,679.0,85.0,92.4,-7.400000000000006,-3.5245577597056865,-3.875442240294319,0.0,0.0
2016-03-01,P4,P4,679.0,85.4,92.30000000000001,-6.900000000000006,-2.9559891412146015,-3.944010858785404,0.0,0.0
2016-04-01,P4,P4,679.0,75.1,92.30000000000001,-17.200000000000017,-3.3241915540100706,-13.875808445989946,1.0,0.1863488624052006
2016-05-01,P4,P4,679.0,83.6,92.1,-8.5,-1.198061517499255,-7.301938482500745,0.0,0.0
2016-06-01,P4,P4,693.0,93.6,91.95,1.6499999999999915,0.8974965937010779,0.7525034062989135,0.0,0.0
2016-07-01,P4,P4,693.0,91.1,91.95,-0.8500000000000085,1.9364538985348076,-2.786453898534816,0.0,0.0
2016-08-01,P4,P4,693.0,88.1,91.5,-3.4000000000000057,1.845090582742472,-5.245090582742478,0.0,0.0
2016-09-01,P4,P4,693.0,92.7,89.6,3.1000000000000085,0.15866812564314614,2.9413318743568624,0.0,0.0
2016-10-01,P4,P4,693.0,84.1,89.6,-5.5,-4.723091402132766,-0.7769085978672337,0.0,0.0
2016-11-01,P4,P4,693.0,90.1,86.75,3.3499999999999943,-0.7153253582996655,4.06532535829966,0.0,0.0
2016-12-01,P4,P4,693.0,86.8,86.75,0.04999999999999716,1.564604565051667,-1.5146045650516697,0.0,0.0
2017-01-01,P4,P4,692.0,88.6,86.1,2.5,-1.2909573956955285,3.7909573956955285,0.0,0.0
2017-02-01,P4,P4,692.0,85.4,87.44999999999999,-2.049999999999983,-4.720935372813216,2.670935372813233,0.0,0.0
2017-03-01,P4,P4,692.0,87.4,87.44999999999999,-0.04999999999998295,-1.5336044617988591,1.4836044617988762,0.0,0.0
2017-04-01,P4,P4,692.0,92.9,87.75,5.150000000000006,3.0628079979218796,2.087192002078126,0.0,0.0
2017-05-01,P4,P4,692.0,88.4,88.35,0.05000000000001137,4.190061117009321,-4.14006111700931,0.0,0.0
2017-06-01,P4,P4,692.0,87.8,88.5,-0.7000000000000028,3.60813550230921,-4.308135502309213,0.0,0.0
2017-07-01,P4,P4,692.0,93.9,88.25,5.650000000000006,4.277367966874067,1.3726320331259387,0.0,0.0
2017-08-01,P4,P4,693.0,94.4,88.25,6.150000000000006,2.0007160996122764,4.149283900387729,0.0,0.0
2017-09-01,P4,P4,693.0,96.6,88.5,8.099999999999994,-5.504625985158484,13.604625985158478,0.0,0.0
2017-10-01,P4,P4,693.0,89.8,88.5,1.2999999999999972,-2.034401815848369,3.3344018158483664,0.0,0.0
2017-11-01,P4,P4,693.0,83.9,89.19999999999999,-5.299999999999983,2.161157463158389,-7.461157463158372,0.0,0.0
2017-12-01,P4,P4,693.0,85.3,88.5,-3.200000000000003,2.7932826214476307,-5.993282621447634,0.0,0.0
2018-01-01,P4,P4,683.0,91.9,88.5,3.4000000000000057,-1.6846375482906666,5.084637548290672,0.0,0.0
2018-02-01,P4,P4,683.0,95.2,89.1,6.1000000000000085,-4.691675561087038,10.791675561087047,0.0,0.0
2018-03-01,P4,P4,683.0,89.8,90.85,-1.0499999999999972,-1.543237473017797,0.49323747301779974,0.0,0.0
2018-04-01,P4,P4,683.0,83.5,90.85,-7.349999999999994,-0.7025847497531146,-6.64741525024688,0.0,0.0
2018-05-01,P4,P4,683.0,85.5,89.8,-4.299999999999997,0.9766870479464131,-5.27668704794641,0.0,0.0
2018-06-01,P4,P4,683.0,94.4,89.8,4.6000000000000085,4.756702102519242,-0.15670210251923322,0.0,0.0
2018-07-01,P4,P4,683.0,93.6,90.85,2.75,2.8454057962662205,-0.09540579626622048,0.0,0.0
2018-08-01,P4,P4,683.0,88.6,90.85,-2.25,4.369430611523725,-6.619430611523725,0.0,0.0
2018-09-01,P4,P4,683.0,96.1,89.8,6.299999999999997,1.1854342670446414,5.114565732955356,0.0,0.0
2018-10-01,P4,P4,683.0,92.7,89.8,2.9000000000000057,-2.9346981317058862,5.834698131705892,0.0,0.0
2018-11-01,P4,P4,683.0,85.0,90.85,-5.849999999999994,1.18699612759319,-7.036996127593184,0.0,0.0
2018-12-01,P4,P4,683.0,89.9,90.85,-0.9499999999999886,2.084207320149261,-3.0342073201492497,0.0,0.0
2019-01-01,P4,P4,687.0,92.3,90.9,1.3999999999999915,-2.350021763275919,3.7500217632759103,0.0,0.0
2019-02-01,P4,P4,687.0,88.3,91.1,-2.799999999999997,-7.418829249053999,4.618829249054002,0.0,0.0
2019-03-01,P4,P4,687.0,88.5,89.85,-1.3499999999999943,-6.546741418759993,5.1967414187599985,0.0,0.0
2019-04-01,P4,P4,687.0,82.9,89.25,-6.349999999999994,-4.573494568847721,-1.7765054311522732,0.0,0.0
2019-05-01,P4,P4,687.0,96.0,89.25,6.75,-2.696488880081702,9.446488880081702,0.0,0.0
2019-06-01,P4,P4,687.0,98.8,91.1,7.700000000000003,1.8820585207223672,5.817941479277636,0.0,0.0
2019-07-01,P4,P4,687.0,100.3,91.1,9.200000000000003,1.8091466168465615,7.390853383153441,0.0,0.0
2019-08-01,P4,P4,687.0,101.1,91.1,10.0,2.6151703288993104,7.3848296711006896,0.0,0.0
2019-09-01,P4,P4,687.0,93.3,92.5,0.7999999999999972,-3.2529140987683007,4.052914098768298,0.0,0.0
2019-10-01,P4,P4,687.0,79.4,92.5,-13.099999999999994,-5.054577595831773,-8.045422404168221,0.0,0.0
2019-11-01,P4,P4,687.0,86.1,91.1,-5.0,-0.19841831038331748,-4.8015816896166825,0.0,0.0
2019-12-01,P4,P4,687.0,94.2,91.1,3.1000000000000085,1.874360678398645,1.2256393216013635,0.0,0.0
2020-01-01,P4,P4,698.0,89.3,92.8,-3.5,-1.7601471672117555,-1.7398528327882445,0.0,0.0
2020-02-01,P4,P4,698.0,89.3,91.3,-2.0,-2.795048236131521,0.795048236131521,0.0,0.0
2020-03-01,P4,P4,698.0,79.0,91.3,-12.299999999999997,-6.728479939335571,-5.571520060664426,0.0,0.0
2020-04-01,P4,P4,698.0,63.8,91.3,-27.5,-19.608449374411464,-7.891550625588536,0.0,0.0
2020-05-01,P4,P4,698.0,70.1,91.3,-21.200000000000003,-17.749593955618465,-3.4504060443815376,0.0,0.0
2020-06-01,P4,P4,698.0,82.7,89.3,-6.599999999999994,-12.53865358825172,5.938653588251725,0.0,0.0
2020-07-01,P4,P4,698.0,87.7,87.69999999999999,1.4210854715202004e-14,-8.311379576650793,8.311379576650808,0.0,0.0
2020-08-01,P4,P4,698.0,85.5,86.9,-1.4000000000000057,-7.452153046431349,6.052153046431343,0.0,0.0
2020-09-01,P4,P4,650.0,90.3,85.8,4.5,-7.516117990010656,12.016117990010656,0.0,0.0
2020-10-01,P4,P4,650.0,81.9,85.8,-3.8999999999999915,-6.021330173764042,2.1213301737640506,0.0,0.0
2020-11-01,P4,P4,650.0,85.4,85.8,-0.3999999999999915,0.03481843981231236,-0.43481843981230384,0.0,0.0
2020-12-01,P4,P4,650.0,84.6,85.45,-0.8500000000000085,-0.026487466012298455,-0.8235125339877101,0.0,0.0
2021-01-01,P4,P4,657.0,85.3,85.0,0.29999999999999716,3.6241423510696364,-3.3241423510696393,0.0,0.0
2021-02-01,P4,P4,657.0,88.3,84.94999999999999,3.3500000000000085,-8.370016179461572,11.720016179461581,0.0,0.0
2021-03-01,P4,P4,657.0,85.2,84.94999999999999,0.2500000000000142,3.9445651413525127,-3.6945651413524985,0.0,0.0
2021-04-01,P4,P4,657.0,80.9,85.25,-4.349999999999994,8.349970844921373,-12.699970844921367,1.0,0.05102639296187677
2021-05-01,P4,P4,657.0,81.3,85.25,-3.950000000000003,9.985723243562333,-13.935723243562336,1.0,0.046334310850439916
2021-06-01,P4,P4,657.0,84.5,85.25,-0.75,13.169392024765273,-13.919392024765273,1.0,0.008797653958944282
2021-07-01,P4,P4,657.0,92.0,85.25,6.75,11.447102849337057,-4.697102849337057,0.0,0.0
2021-08-01,P4,P4,657.0,91.3,85.25,6.049999999999997,9.763881663206135,-3.7138816632061378,0.0,0.0
2021-09-01,P4,P4,657.0,92.4,85.25,7.150000000000006,4.949066531351733,2.200933468648273,0.0,0.0
2021-10-01,P4,P4,657.0,82.9,85.25,-2.3499999999999943,1.6196768040674954,-3.9696768040674897,0.0,0.0
2021-11-01,P4,P4,657.0,87.8,85.25,2.549999999999997,2.9547550627955985,-0.40475506279560136,0.0,0.0
2021-12-01,P4,P4,657.0,89.2,85.25,3.950000000000003,4.509675954944001,-0.559675954943998,0.0,0.0
2022-01-01,P4,P4,663.0,89.2,86.55,2.6500000000000057,0.9717961709332457,1.67820382906676,0.0,0.0
2022-02-01,P4,P4,663.0,86.5,88.05,-1.5499999999999972,-0.11785924044673379,-1.4321407595532634,0.0,0.0
2022-03-01,P4,P4,663.0,85.1,87.15,-2.0500000000000114,2.498611347788568,-4.5486113477885795,0.0,0.0
2022-04-01,P4,P4,663.0,83.0,87.15,-4.150000000000006,0.8188208344334242,-4.96882083443343,0.0,0.0
2022-05-01,P4,P4,663.0,71.1,87.15,-16.05000000000001,3.8075718798753257,-19.857571879875337,1.0,0.18416523235800356
2022-06-01,P4,P4,663.0,91.3,87.15,4.1499999999999915,5.296824045034697,-1.1468240450347054,0.0,0.0
2022-07-01,P4,P4,663.0,94.0,88.5,5.5,3.908843017409808,1.5911569825901921,0.0,0.0
2022-08-01,P4,P4,663.0,93.0,88.5,4.5,4.021646537124667,0.478353462875333,0.0,0.0
2022-09-01,P4,P4,663.0,90.6,88.5,2.0999999999999943,1.9168325150909453,0.183167484909049,0.0,0.0
2022-10-01,P4,P4,663.0,90.1,88.5,1.5999999999999943,-1.0836130062756126,2.683613006275607,0.0,0.0
2022-11-01,P4,P4,650.0,88.3,89.2,-0.9000000000000057,2.722868854267446,-3.622868854267452,0.0,0.0
2022-12-01,P4,P4,650.0,84.5,89.2,-4.700000000000003,-4.00716268388129,-0.6928373161187125,0.0,0.0
2023-01-01,P4,P4,650.0,72.0,88.75,-16.75,-5.506346336437403,-11.243653663562597,1.0,0.18873239436619718
2023-02-01,P4,P4,650.0,79.8,87.4,-7.6000000000000085,-5.361521367716023,-2.238478632283986,0.0,0.0
2023-03-01,P4,P4,650.0,82.9,86.69999999999999,-3.799999999999983,-4.281691673182095,0.48169167318211237,0.0,0.0
2023-04-01,P4,P4,650.0,79.1,86.4,-7.300000000000011,-1.2957978870469589,-6.0042021129530525,0.0,0.0
2023-05-01,P4,P4,650.0,80.6,86.4,-5.800000000000011,0.33844951306251403,-6.138449513062525,0.0,0.0
2023-06-01,P4,P4,650.0,92.8,86.4,6.3999999999999915,2.105373768355207,4.294626231644784,0.0,0.0
2023-07-01,P4,P4,650.0,94.5,86.4,8.099999999999994,2.770969788885907,5.3290302111140875,0.0,0.0
2023-08-01,P4,P4,650.0,95.6,86.4,9.199999999999989,3.135188265243187,6.064811734756802,0.0,0.0
2023-09-01,P4,P4,650.0,97.0,86.4,10.599999999999994,0.4625470655934407,10.137452934406554,0.0,0.0
2023-10-01,P4,P4,650.0,98.7,86.4,12.299999999999997,-4.20253740778314,16.502537407783137,0.0,0.0
2023-11-01,P4,P4,650.0,94.5,86.4,8.099999999999994,-0.9121479936960668,9.012147993696061,0.0,0.0
2023-12-01,P4,P4,650.0,88.5,88.65,-0.15000000000000568,3.094770982061121,-3.2447709820611266,0.0,0.0
2024-01-01,P4,P4,652.0,87.9,90.65,-2.75,-4.678007099547997,1.9280070995479974,0.0,0.0
2024-02-01,P4,P4,652.0,82.8,90.65,-7.8500000000000085,-8.066926209595309,0.21692620959530018,0.0,0.0
2024-03-01,P4,P4,652.0,84.2,90.65,-6.450000000000003,-2.0663207301703608,-4.383679269829642,0.0,0.0
2024-04-01,P4,P4,652.0,88.0,90.65,-2.6500000000000057,-1.3156876806178701,-1.3343123193821356,0.0,0.0
2024-05-01,P4,P4,652.0,94.5,90.65,3.8499999999999943,2.846553657251718,1.0034463427482763,0.0,0.0
2024-06-01,P4,P4,652.0,99.4,93.65,5.75,3.5301973770254733,2.2198026229745267,0.0,0.0
2024-07-01,P4,P4,652.0,95.8,94.5,1.2999999999999972,1.7560659344293583,-0.45606593442936116,0.0,0.0
2024-08-01,P4,P4,652.0,101.5,94.5,7.0,3.3213672706715016,3.6786327293284984,0.0,0.0
2024-09-01,P4,P4,652.0,93.5,94.5,-1.0,-0.22300687713322986,-0.7769931228667701,0.0,0.0
2024-10-01,P4,P4,652.0,93.4,94.0,-0.5999999999999943,-0.48206324847386384,-0.11793675152613048,0.0,0.0
2024-11-01,P4,P4,652.0,94.1,93.45,0.6499999999999915,1.411020230486443,-0.7610202304864515,0.0,0.0
2024-12-01,P4,P4,652.0,87.6,93.45,-5.8500000000000085,2.0055192230598777,-7.855519223059886,0.0,0.0
2025-01-01,P4,P4,644.0,89.2,93.45,-4.25,-3.864208728785343,-0.38579127121465717,0.0,0.0
2025-02-01,P4,P4,644.0,88.9,93.45,-4.549999999999997,-5.788562832128818,1.238562832128821,0.0,0.0
2025-03-01,P4,P4,644.0,90.7,93.45,-2.75,-1.5488315282628662,-1.2011684717371338,0.0,0.0
2025-04-01,P4,P4,644.0,90.0,93.45,-3.450000000000003,-0.1902169145301542,-3.2597830854698486,0.0,0.0
2025-05-01,P4,P4,644.0,94.0,93.45,0.5499999999999972,3.116587780895756,-2.566587780895759,0.0,0.0
2025-06-01,P4,P4,644.0,95.0,93.45,1.5499999999999972,4.399165832765135,-2.849165832765138,0.0,0.0
2025-07-01,P4,P4,644.0,99.1,93.45,5.6499999999999915,4.556888425133408,1.0931115748665832,0.0,0.0
2025-08-01,P4,P4,644.0,99.2,93.45,5.75,4.182845145578327,1.5671548544216733,0.0,0.0
2025-09-01,P4,P4,644.0,99.3,93.45,5.849999999999994,1.9734256330037283,3.876574366996266,0.0,0.0
2025-10-01,P4,P4,644.0,95.4,93.7,1.7000000000000028,-4.165038185158082,5.865038185158085,0.0,0.0
2025-11-01,P4,P4,644.0,96.7,94.05,2.6500000000000057,1.1476831666894185,1.5023168333105872,0.0,0.0
2025-12-01,P4,P4,644.0,94.8,94.5,0.29999999999999716,2.674922367080086,-2.3749223670800887,0.0,0.0
2026-01-01,P4,P4,653.0,94.1,94.9,-0.8000000000000114,-1.8881275518184708,1.0881275518184594,0.0,0.0
2026-02-01,P4,P4,653.0,96.5,94.9,1.5999999999999943,-4.347140876342209,5.947140876342203,0.0,0.0
2026-03-01,P4,P4,653.0,90.9,95.2,-4.299999999999997,-1.6661842624423713,-2.633815737557626,0.0,0.0
2026-04-01,P4,P4,653.0,71.5,95.2,-23.700000000000003,-3.2261287531445646,-20.47387124685544,1.0,0.2489495798319328
2026-05-01,P4,P4,653.0,87.9,95.2,-7.299999999999997,0.6417257502912719,-7.941725750291269,0.0,0.0
2026-06-01,P4,P4,653.0,100.8,95.2,5.599999999999994,3.1450487282120463,2.454951271787948,0.0,0.0
2026-07-01,P4,P4,653.0,100.7,95.95,4.75,3.2509939174965723,1.4990060825034277,0.0,0.0
1981-01-01,P5,P5,,,,,,,,0.0
1981-02-01,P5,P5,,,,,,,,0.0
1981-03-01,P5,P5,,,,,,,,0.0
1981-04-01,P5,P5,,,,,,,,0.0
1981-05-01,P5,P5,,,,,,,,0.0
1981-06-01,P5,P5,,,,,,,,0.0
1981-07-01,P5,P5,,,,,,,,0.0
1981-08-01,P5,P5,,,,,,,,0.0
1981-09-01,P5,P5,,,,,,,,0.0
1981-10-01,P5,P5,,,,,,,,0.0
1981-11-01,P5,P5,,,,,,,,0.0
1981-12-01,P5,P5,,,,,,,,0.0
1982-01-01,P5,P5,,,,,,,,0.0
1982-02-01,P5,P5,,,,,,,,0.0
1982-03-01,P5,P5,,,,,,,,0.0
1982-04-01,P5,P5,,,,,,,,0.0
1982-05-01,P5,P5,,,,,,,,0.0
1982-06-01,P5,P5,,,,,,,,0.0
1982-07-01,P5,P5,,,,,,,,0.0
1982-08-01,P5,P5,,,,,,,,0.0
1982-09-01,P5,P5,,,,,,,,0.0
1982-10-01,P5,P5,,,,,,,,0.0
1982-11-01,P5,P5,,,,,,,,0.0
1982-12-01,P5,P5,,,,,,,,0.0
1983-01-01,P5,P5,,,,,,,,0.0
1983-02-01,P5,P5,,,,,,,,0.0
1983-03-01,P5,P5,,,,,,,,0.0
1983-04-01,P5,P5,,,,,,,,0.0
1983-05-01,P5,P5,,,,,,,,0.0
1983-06-01,P5,P5,,,,,,,,0.0
1983-07-01,P5,P5,,,,,,,,0.0
1983-08-01,P5,P5,,,,,,,,0.0
1983-09-01,P5,P5,,,,,,,,0.0
1983-10-01,P5,P5,,,,,,,,0.0
1983-11-01,P5,P5,,,,,,,,0.0
1983-12-01,P5,P5,,,,,,,,0.0
1984-01-01,P5,P5,,,,,,,,0.0
1984-02-01,P5,P5,,,,,,,,0.0
1984-03-01,P5,P5,,,,,,,,0.0
1984-04-01,P5,P5,,,,,,,,0.0
1984-05-01,P5,P5,,,,,,,,0.0
1984-06-01,P5,P5,,,,,,,,0.0
1984-07-01,P5,P5,,,,,,,,0.0
1984-08-01,P5,P5,,,,,,,,0.0
1984-09-01,P5,P5,,,,,,,,0.0
1984-10-01,P5,P5,,,,,,,,0.0
1984-11-01,P5,P5,,,,,,,,0.0
1984-12-01,P5,P5,,,,,,,,0.0
1985-01-01,P5,P5,2995.0,72.2,,,,,,0.0
1985-02-01,P5,P5,2989.0,70.2,,,,,,0.0
1985-03-01,P5,P5,2992.0,73.9,,,,,,0.0
1985-04-01,P5,P5,2992.0,76.8,,,,,,0.0
1985-05-01,P5,P5,2992.0,75.8,,,,,,0.0
1985-06-01,P5,P5,2992.0,78.4,,,,,,0.0
1985-07-01,P5,P5,2992.0,80.4,,,,,,0.0
1985-08-01,P5,P5,3025.0,74.2,,,,,,0.0
1985-09-01,P5,P5,3025.0,76.5,,,,,,0.0
1985-10-01,P5,P5,3045.0,75.7,,,,,,0.0
1985-11-01,P5,P5,3045.0,75.6,,,,,,0.0
1985-12-01,P5,P5,3035.0,76.8,,,,,,0.0
1986-01-01,P5,P5,3069.0,78.1,75.75,2.3499999999999943,3.3794184225918826,-1.0294184225918883,0.0,0.0
1986-02-01,P5,P5,3079.0,73.7,76.15,-2.450000000000003,-0.5297312694749365,-1.9202687305250663,0.0,0.0
1986-03-01,P5,P5,3079.0,76.2,76.15,0.04999999999999716,-2.532202086595561,2.582202086595558,0.0,0.0
1986-04-01,P5,P5,3079.0,78.1,76.35,1.75,3.0102177084676924,-1.2602177084676924,0.0,0.0
1986-05-01,P5,P5,3079.0,79.5,76.35,3.1500000000000057,7.057715632446346,-3.9077156324463402,0.0,0.0
1986-06-01,P5,P5,3079.0,80.0,76.65,3.3499999999999943,6.515430974419743,-3.165430974419749,0.0,0.0
1986-07-01,P5,P5,3053.0,79.7,76.65,3.049999999999997,3.5399241831872246,-0.4899241831872274,0.0,0.0
1986-08-01,P5,P5,3053.0,80.9,76.65,4.25,6.077403834738362,-1.8274038347383623,0.0,0.0
1986-09-01,P5,P5,3053.0,80.6,77.44999999999999,3.1500000000000057,4.1589583429821175,-1.0089583429821118,0.0,0.0
1986-10-01,P5,P5,3053.0,79.0,78.1,0.9000000000000057,1.4049025435373892,-0.5049025435373835,0.0,0.0
1986-11-01,P5,P5,3053.0,78.2,78.55,-0.3499999999999943,1.79466009831512,-2.1446600983151143,0.0,0.0
1986-12-01,P5,P5,3053.0,75.0,78.6,-3.5999999999999943,0.4101450931230204,-4.010145093123015,0.0,0.0
1987-01-01,P5,P5,3213.0,75.8,78.6,-2.799999999999997,-2.064585173255125,-0.7354148267448721,0.0,0.0
1987-02-01,P5,P5,3195.0,78.3,78.6,-0.29999999999999716,-3.913662311452697,3.6136623114527,0.0,0.0
1987-03-01,P5,P5,3207.0,75.2,78.65,-3.450000000000003,-5.172055282045164,1.7220552820451616,0.0,0.0
1987-04-01,P5,P5,3204.0,81.8,78.65,3.1499999999999915,-2.6330799574459434,5.783079957445935,0.0,0.0
1987-05-01,P5,P5,3204.0,81.7,79.25,2.450000000000003,-1.2674924967919878,3.7174924967919907,0.0,0.0
1987-06-01,P5,P5,3204.0,78.9,79.35,-0.44999999999998863,2.1091823788544275,-2.559182378854416,0.0,0.0
1987-07-01,P5,P5,3204.0,82.3,78.95,3.3499999999999943,3.4699698314957175,-0.11996983149572316,0.0,0.0
1987-08-01,P5,P5,3208.0,81.5,78.95,2.549999999999997,3.4847209843049995,-0.9347209843050024,0.0,0.0
1987-09-01,P5,P5,3198.0,82.3,78.95,3.3499999999999943,2.225835224158331,1.1241647758416633,0.0,0.0
1987-10-01,P5,P5,3198.0,75.5,78.95,-3.450000000000003,-0.5397043148731768,-2.910295685126826,0.0,0.0
1987-11-01,P5,P5,3198.0,75.5,78.6,-3.0999999999999943,-0.9557356888449817,-2.1442643111550126,0.0,0.0
1987-12-01,P5,P5,3186.0,80.8,78.6,2.200000000000003,1.2892766318278603,0.9107233681721425,0.0,0.0
1988-01-01,P5,P5,3174.0,82.2,79.85,2.3500000000000085,0.15671516336347224,2.1932848366365363,0.0,0.0
1988-02-01,P5,P5,3180.0,78.9,81.15,-2.25,-1.8875332356537342,-0.3624667643462658,0.0,0.0
1988-03-01,P5,P5,3176.0,82.5,81.15,1.3499999999999943,0.5893341572292883,0.760665842770706,0.0,0.0
1988-04-01,P5,P5,3176.0,86.1,81.6,4.5,0.9483000846020104,3.5516999153979896,0.0,0.0
1988-05-01,P5,P5,3176.0,85.0,81.6,3.4000000000000057,2.103784141442702,1.2962158585573036,0.0,0.0
1988-06-01,P5,P5,3176.0,85.8,81.85,3.950000000000003,2.093638832375845,1.8563611676241578,0.0,0.0
1988-07-01,P5,P5,3176.0,85.8,82.25,3.549999999999997,2.5434321048283692,1.006567895171628,0.0,0.0
1988-08-01,P5,P5,3176.0,85.4,82.25,3.1500000000000057,3.4706222289040767,-0.320622228904071,0.0,0.0
1988-09-01,P5,P5,3176.0,85.8,82.4,3.3999999999999915,-0.31863037031827446,3.718630370318266,0.0,0.0
1988-10-01,P5,P5,3171.0,82.0,83.75,-1.75,-0.35992451597084596,-1.390075484029154,0.0,0.0
1988-11-01,P5,P5,3171.0,84.6,83.75,0.8499999999999943,0.16059517060720907,0.6894048293927852,0.0,0.0
1988-12-01,P5,P5,3181.0,86.5,84.8,1.7000000000000028,1.2065172554753048,0.4934827445246981,0.0,0.0
1989-01-01,P5,P5,3047.0,88.3,85.2,3.0999999999999943,2.269736984831198,0.8302630151687964,0.0,0.0
1989-02-01,P5,P5,3046.0,81.6,85.6,-4.0,-1.7612451867868089,-2.238754813213191,0.0,0.0
1989-03-01,P5,P5,3046.0,84.1,85.6,-1.5,-0.7554049041973059,-0.7445950958026941,0.0,0.0
1989-04-01,P5,P5,3046.0,87.6,85.6,2.0,-0.9020813561787691,2.902081356178769,0.0,0.0
1989-05-01,P5,P5,3051.0,91.5,85.6,5.900000000000006,1.9151160375523801,3.9848839624476255,0.0,0.0
1989-06-01,P5,P5,3056.0,92.1,85.8,6.299999999999997,5.085430950566874,1.2145690494331234,0.0,0.0
1989-07-01,P5,P5,3056.0,91.4,85.8,5.6000000000000085,4.378163434643298,1.2218365653567105,0.0,0.0
1989-08-01,P5,P5,3056.0,91.2,86.15,5.049999999999997,4.757523564335017,0.29247643566498027,0.0,0.0
1989-09-01,P5,P5,3056.0,89.3,87.05,2.25,3.881265936515888,-1.631265936515888,0.0,0.0
1989-10-01,P5,P5,3056.0,89.7,87.94999999999999,1.7500000000000142,0.3897879640323083,1.360212035967706,0.0,0.0
1989-11-01,P5,P5,3066.0,87.4,88.8,-1.3999999999999915,-0.03257487330654385,-1.3674251266934476,0.0,0.0
1989-12-01,P5,P5,3066.0,86.4,88.8,-2.3999999999999915,-2.1720284790656734,-0.22797152093431805,0.0,0.0
1990-01-01,P5,P5,3072.0,91.1,88.8,2.299999999999997,1.581614951387479,0.7183850486125181,0.0,0.0
1990-02-01,P5,P5,3078.0,89.4,89.5,-0.09999999999999432,1.6187697258800853,-1.7187697258800796,0.0,0.0
1990-03-01,P5,P5,3088.0,90.7,89.55000000000001,1.1499999999999915,-3.1699083007276982,4.31990830072769,0.0,0.0
1990-04-01,P5,P5,3088.0,87.2,90.2,-3.0,-2.0899185689859365,-0.9100814310140635,0.0,0.0
1990-05-01,P5,P5,3088.0,83.3,90.2,-6.900000000000006,0.004042411632724452,-6.90404241163273,0.0,0.0
1990-06-01,P5,P5,3088.0,82.5,89.55000000000001,-7.050000000000011,1.6272695346844301,-8.677269534684442,0.0,0.0
1990-07-01,P5,P5,3088.0,88.4,89.35,-0.9499999999999886,4.972662091583999,-5.922662091583987,0.0,0.0
1990-08-01,P5,P5,3102.0,93.1,88.85,4.25,3.2019299169562743,1.0480700830437257,0.0,0.0
1990-09-01,P5,P5,3103.0,92.8,88.85,3.950000000000003,3.6303504011071652,0.3196495988928376,0.0,0.0
1990-10-01,P5,P5,3103.0,84.3,88.9,-4.6000000000000085,-3.965306122660323,-0.6346938773396857,0.0,0.0
1990-11-01,P5,P5,3103.0,86.6,87.9,-1.3000000000000114,-3.255431864665809,1.9554318646657975,0.0,0.0
1990-12-01,P5,P5,3093.0,85.8,87.80000000000001,-2.000000000000014,-4.639762070911615,2.639762070911601,0.0,0.0
1991-01-01,P5,P5,3094.0,84.9,87.80000000000001,-2.9000000000000057,-4.929044213542824,2.029044213542818,0.0,0.0
1991-02-01,P5,P5,3096.0,86.2,86.9,-0.7000000000000028,-1.670854802289611,0.9708548022896082,0.0,0.0
1991-03-01,P5,P5,3110.0,80.4,86.4,-6.0,-1.4981016708613737,-4.501898329138626,0.0,0.0
1991-04-01,P5,P5,3110.0,88.6,86.0,2.5999999999999943,-0.09798619526898733,2.6979861952689816,0.0,0.0
1991-05-01,P5,P5,3110.0,90.3,86.0,4.299999999999997,3.015339191201548,1.2846608087984492,0.0,0.0
1991-06-01,P5,P5,3110.0,93.3,86.4,6.8999999999999915,5.324292424798159,1.5757075752018324,0.0,0.0
1991-07-01,P5,P5,3078.0,88.9,87.5,1.4000000000000057,4.323740470846204,-2.923740470846198,0.0,0.0
1991-08-01,P5,P5,3078.0,89.6,87.6,2.0,4.5434308869711515,-2.5434308869711515,0.0,0.0
1991-09-01,P5,P5,3078.0,89.5,87.6,1.9000000000000057,3.7865978186086835,-1.8865978186086778,0.0,0.0
1991-10-01,P5,P5,3078.0,82.7,87.6,-4.8999999999999915,-1.0379432453344037,-3.8620567546655877,0.0,0.0
1991-11-01,P5,P5,3078.0,85.1,87.6,-2.5,-0.813569755956479,-1.686430244043521,0.0,0.0
1991-12-01,P5,P5,3078.0,86.3,87.4,-1.1000000000000085,2.07150678476323,-3.1715067847632383,0.0,0.0
1992-01-01,P5,P5,3001.0,87.4,87.44999999999999,-0.04999999999998295,-2.153875126985895,2.103875126985912,0.0,0.0
1992-02-01,P5,P5,3001.0,84.6,88.0,-3.4000000000000057,-4.27925124782071,0.8792512478207044,0.0,0.0
1992-03-01,P5,P5,2959.0,87.2,88.0,-0.7999999999999972,-0.5145356386749427,-0.2854643613250545,0.0,0.0
1992-04-01,P5,P5,2959.0,88.6,88.0,0.5999999999999943,-0.37576609886409074,0.975766098864085,0.0,0.0
1992-05-01,P5,P5,2959.0,89.7,88.0,1.7000000000000028,3.377657885260575,-1.6776578852605724,0.0,0.0
1992-06-01,P5,P5,2959.0,93.2,88.0,5.200000000000003,6.395017998760622,-1.195017998760619,0.0,0.0
1992-07-01,P5,P5,2959.0,93.6,88.0,5.599999999999994,5.860552572240266,-0.26055257224027173,0.0,0.0
1992-08-01,P5,P5,2851.0,95.2,88.0,7.200000000000003,3.056884578210486,4.143115421789517,0.0,0.0
1992-09-01,P5,P5,2851.0,93.7,88.0,5.700000000000003,4.69142788791298,1.0085721120870232,0.0,0.0
1992-10-01,P5,P5,2811.0,92.1,88.0,4.099999999999994,3.306484611184459,0.7935153888155355,0.0,0.0
1992-11-01,P5,P5,2828.0,93.9,89.15,4.75,2.324635598731234,2.425364401268766,0.0,0.0
1992-12-01,P5,P5,2834.0,89.1,90.9,-1.8000000000000114,-1.661169596942031,-0.13883040305798033,0.0,0.0
1993-01-01,P5,P5,2896.0,80.7,90.9,-10.200000000000003,-2.4201088664155748,-7.779891133584428,0.0,0.0
1993-02-01,P5,P5,2902.0,82.4,90.9,-8.5,-2.6271779867038134,-5.872822013296187,0.0,0.0
1993-03-01,P5,P5,2902.0,89.4,90.9,-1.5,0.07597628938157186,-1.5759762893815719,0.0,0.0
1993-04-01,P5,P5,2902.0,90.4,90.9,-0.5,1.988341524542264,-2.488341524542264,0.0,0.0
1993-05-01,P5,P5,2902.0,92.0,91.25,0.75,3.456248221341866,-2.706248221341866,0.0,0.0
1993-06-01,P5,P5,2917.0,91.0,92.05,-1.0499999999999972,5.336087915725983,-6.38608791572598,0.0,0.0
1993-07-01,P5,P5,2917.0,92.3,91.5,0.7999999999999972,5.387771200507956,-4.587771200507959,0.0,0.0
1993-08-01,P5,P5,2917.0,90.7,91.5,-0.7999999999999972,3.001034727403649,-3.8010347274036462,0.0,0.0
1993-09-01,P5,P5,2917.0,91.0,90.85,0.15000000000000568,2.32488638671191,-2.174886386711904,0.0,0.0
1993-10-01,P5,P5,2932.0,87.4,90.85,-3.4499999999999886,1.1250374272366486,-4.575037427236637,0.0,0.0
1993-11-01,P5,P5,2932.0,86.6,90.55000000000001,-3.950000000000017,0.3829993806863712,-4.332999380686388,0.0,0.0
1993-12-01,P5,P5,2932.0,87.4,89.9,-2.5,-0.7266277160969423,-1.7733722839030577,0.0,0.0
1994-01-01,P5,P5,2899.0,87.7,89.9,-2.200000000000003,-2.084868289382996,-0.11513171061700689,0.0,0.0
1994-02-01,P5,P5,2899.0,80.3,89.9,-9.600000000000009,-3.1551670390244055,-6.444832960975603,0.0,0.0
1994-03-01,P5,P5,2899.0,84.1,89.9,-5.800000000000011,-4.334127715050755,-1.4658722849492563,0.0,0.0
1994-04-01,P5,P5,2881.0,86.5,89.05000000000001,-2.5500000000000114,0.512353824148903,-3.0623538241489143,0.0,0.0
1994-05-01,P5,P5,2881.0,89.8,87.55000000000001,2.249999999999986,3.242904960896226,-0.9929049608962401,0.0,0.0
1994-06-01,P5,P5,2881.0,91.4,87.55000000000001,3.8499999999999943,3.5961068338765045,0.2538931661234898,0.0,0.0
1994-07-01,P5,P5,2881.0,93.2,87.55000000000001,5.6499999999999915,3.3148506156177717,2.3351493843822198,0.0,0.0
1994-08-01,P5,P5,2883.0,93.5,87.55000000000001,5.949999999999989,4.230169349963404,1.7198306500365845,0.0,0.0
1994-09-01,P5,P5,2883.0,89.1,87.55000000000001,1.549999999999983,2.246250296830695,-0.696250296830712,0.0,0.0
1994-10-01,P5,P5,2883.0,90.0,87.55000000000001,2.4499999999999886,-2.3911517399596676,4.841151739959656,0.0,0.0
1994-11-01,P5,P5,2883.0,90.3,88.4,1.8999999999999915,0.4760509032583684,1.423949096741623,0.0,0.0
1994-12-01,P5,P5,2883.0,90.8,89.44999999999999,1.3500000000000085,0.11830492387221625,1.2316950761277923,0.0,0.0
1995-01-01,P5,P5,2897.0,85.7,89.9,-4.200000000000003,-3.0366052355474267,-1.1633947644525762,0.0,0.0
1995-02-01,P5,P5,2898.0,84.4,89.9,-5.5,-3.6401625225276604,-1.8598374774723396,0.0,0.0
1995-03-01,P5,P5,2898.0,83.6,89.9,-6.300000000000011,-5.966108615572182,-0.3338913844278295,0.0,0.0
1995-04-01,P5,P5,2898.0,85.9,89.9,-4.0,-2.143383403474516,-1.856616596525484,0.0,0.0
1995-05-01,P5,P5,2908.0,94.5,89.9,4.599999999999994,1.337832812647278,3.2621671873527163,0.0,0.0
1995-06-01,P5,P5,2908.0,90.7,90.15,0.5499999999999972,2.986864399804432,-2.436864399804435,0.0,0.0
1995-07-01,P5,P5,2908.0,90.9,90.15,0.75,1.4068195312713954,-0.6568195312713954,0.0,0.0
1995-08-01,P5,P5,2908.0,92.5,90.15,2.3499999999999943,1.3668641553639418,0.9831358446360525,0.0,0.0
1995-09-01,P5,P5,2869.0,90.3,90.15,0.14999999999999147,2.910940476229996,-2.7609404762300045,0.0,0.0
1995-10-01,P5,P5,2869.0,88.3,90.3,-2.0,-2.14870368864176,0.14870368864175987,0.0,0.0
1995-11-01,P5,P5,2869.0,85.9,90.3,-4.3999999999999915,-0.5103164611690261,-3.8896835388309654,0.0,0.0
1995-12-01,P5,P5,2869.0,90.7,89.3,1.4000000000000057,0.9444343468755392,0.4555656531244665,0.0,0.0
1996-01-01,P5,P5,2893.0,89.2,89.3,-0.09999999999999432,-2.1068500425796515,2.006850042579657,0.0,0.0
1996-02-01,P5,P5,2893.0,89.9,89.75,0.15000000000000568,-2.538001441794165,2.688001441794171,0.0,0.0
1996-03-01,P5,P5,2893.0,90.5,90.1,0.4000000000000057,-0.919995983909871,1.3199959839098767,0.0,0.0
1996-04-01,P5,P5,2893.0,89.0,90.4,-1.4000000000000057,2.3007520242550044,-3.70075202425501,0.0,0.0
1996-05-01,P5,P5,2889.0,89.4,90.4,-1.0,2.1062332145862115,-3.1062332145862115,0.0,0.0
1996-06-01,P5,P5,2912.0,89.8,90.1,-0.29999999999999716,2.738233913643228,-3.038233913643225,0.0,0.0
1996-07-01,P5,P5,2912.0,87.1,89.85,-2.75,1.270060345612464,-4.020060345612464,0.0,0.0
1996-08-01,P5,P5,2912.0,87.5,89.6,-2.0999999999999943,1.2979568587820438,-3.397956858782038,0.0,0.0
1996-09-01,P5,P5,2921.0,91.6,89.30000000000001,2.299999999999983,1.7753173567198246,0.5246826432801583,0.0,0.0
1996-10-01,P5,P5,2921.0,91.6,89.30000000000001,2.299999999999983,0.5071915375848306,1.7928084624151523,0.0,0.0
1996-11-01,P5,P5,2921.0,87.6,89.6,-2.0,-0.5715760114305652,-1.4284239885694348,0.0,0.0
1996-12-01,P5,P5,2921.0,88.1,89.6,-1.5,-0.4851802054017327,-1.0148197945982673,0.0,0.0
1997-01-01,P5,P5,2932.0,81.4,89.30000000000001,-7.900000000000006,-5.683388405386182,-2.2166115946138234,0.0,0.0
1997-02-01,P5,P5,2932.0,80.2,89.2,-9.0,-6.789044631117491,-2.2109553688825088,0.0,0.0
1997-03-01,P5,P5,2932.0,87.6,88.55,-0.9500000000000028,-4.24393150998111,3.293931509981107,0.0,0.0
1997-04-01,P5,P5,2932.0,91.6,87.85,3.75,-2.158671024711296,5.908671024711296,0.0,0.0
1997-05-01,P5,P5,2932.0,92.5,87.85,4.650000000000006,3.0551252185479143,1.5948747814520914,0.0,0.0
1997-06-01,P5,P5,2937.0,90.4,87.85,2.5500000000000114,3.3535833514723095,-0.8035833514722981,0.0,0.0
1997-07-01,P5,P5,2938.0,94.4,87.85,6.550000000000011,2.6698974027528237,3.8801025972471876,0.0,0.0
1997-08-01,P5,P5,2940.0,95.5,89.25,6.25,4.4425399972080015,1.8074600027919985,0.0,0.0
1997-09-01,P5,P5,2890.0,94.5,91.0,3.5,5.0840108390008965,-1.5840108390008965,0.0,0.0
1997-10-01,P5,P5,2890.0,92.4,91.0,1.4000000000000057,2.464776125502624,-1.0647761255026182,0.0,0.0
1997-11-01,P5,P5,2890.0,90.5,91.0,-0.5,0.12385636952483026,-0.6238563695248303,0.0,0.0
1997-12-01,P5,P5,2890.0,94.4,91.05,3.3500000000000085,0.8414015916199418,2.5085984083800668,0.0,0.0
1998-01-01,P5,P5,2904.0,90.6,92.0,-1.4000000000000057,-3.731281795628476,2.3312817956284704,0.0,0.0
1998-02-01,P5,P5,2904.0,86.9,92.0,-5.099999999999994,-6.299894666136481,1.1998946661364869,0.0,0.0
1998-03-01,P5,P5,2904.0,93.0,92.0,1.0,-2.3419874799689353,3.3419874799689353,0.0,0.0
1998-04-01,P5,P5,2904.0,93.4,92.45,0.9500000000000028,0.4784273394841847,0.47157266051581814,0.0,0.0
1998-05-01,P5,P5,2904.0,96.0,92.75,3.25,1.275327071587597,1.974672928412403,0.0,0.0
1998-06-01,P5,P5,2904.0,93.9,93.2,0.7000000000000028,1.86417421357676,-1.1641742135767572,0.0,0.0
1998-07-01,P5,P5,2904.0,94.0,93.65,0.3499999999999943,2.0503267549477755,-1.7003267549477812,0.0,0.0
1998-08-01,P5,P5,2904.0,95.5,93.65,1.8499999999999943,2.4106758104711616,-0.5606758104711673,0.0,0.0
1998-09-01,P5,P5,2904.0,97.1,93.65,3.4499999999999886,-2.320993909662789,5.770993909662778,0.0,0.0
1998-10-01,P5,P5,2930.0,92.2,93.65,-1.4500000000000028,-7.484719759987229,6.034719759987226,0.0,0.0
1998-11-01,P5,P5,2995.0,90.2,93.65,-3.450000000000003,-1.6915600643901456,-1.7584399356098572,0.0,0.0
1998-12-01,P5,P5,2995.0,89.5,93.65,-4.150000000000006,-1.0364722287333876,-3.113527771266618,0.0,0.0
1999-01-01,P5,P5,3013.0,87.3,93.2,-5.900000000000006,-4.670101921727351,-1.2298980782726545,0.0,0.0
1999-02-01,P5,P5,3009.0,82.9,93.2,-10.299999999999997,-5.041981842262189,-5.2580181577378085,0.0,0.0
1999-03-01,P5,P5,3013.0,86.7,93.2,-6.5,-4.116618887777307,-2.3833811122226933,0.0,0.0
1999-04-01,P5,P5,3015.0,88.1,92.80000000000001,-4.700000000000017,-0.41492010748530106,-4.285079892514716,0.0,0.0
1999-05-01,P5,P5,3015.0,83.1,91.2,-8.100000000000009,-0.9984638941545256,-7.101536105845483,0.0,0.0
1999-06-01,P5,P5,3020.0,83.6,89.85,-6.25,-1.2518633292066141,-4.998136670793386,0.0,0.0
1999-07-01,P5,P5,3031.0,90.6,88.8,1.7999999999999972,0.5955037160234724,1.2044962839765248,0.0,0.0
1999-08-01,P5,P5,3031.0,91.0,88.8,2.200000000000003,1.271357105021508,0.9286428949784948,0.0,0.0
1999-09-01,P5,P5,3061.0,87.9,88.8,-0.8999999999999915,-0.1559792907974895,-0.744020709202502,0.0,0.0
1999-10-01,P5,P5,3061.0,85.7,88.0,-2.299999999999997,-2.947474704746597,0.6474747047465996,0.0,0.0
1999-11-01,P5,P5,3061.0,89.3,87.6,1.7000000000000028,-1.9919799124272686,3.6919799124272714,0.0,0.0
1999-12-01,P5,P5,3061.0,88.2,87.6,0.6000000000000085,-3.320918038398162,3.9209180383981703,0.0,0.0
2000-01-01,P5,P5,3095.0,83.8,87.6,-3.799999999999997,-7.0134854895324,3.2134854895324025,0.0,0.0
2000-02-01,P5,P5,3095.0,80.1,87.30000000000001,-7.200000000000017,-6.361114860534315,-0.8388851394657024,0.0,0.0
2000-03-01,P5,P5,3095.0,84.7,87.30000000000001,-2.6000000000000085,-3.0279289394099322,0.4279289394099237,0.0,0.0
2000-04-01,P5,P5,3095.0,88.4,86.80000000000001,1.5999999999999943,-0.16935984750953992,1.7693598475095342,0.0,0.0
2000-05-01,P5,P5,3095.0,89.8,86.80000000000001,2.999999999999986,2.370287800078998,0.6297121999209878,0.0,0.0
2000-06-01,P5,P5,3095.0,91.2,88.05000000000001,3.1499999999999915,3.8827664780195335,-0.732766478019542,0.0,0.0
2000-07-01,P5,P5,3095.0,92.3,88.30000000000001,3.999999999999986,4.526598689936847,-0.5265986899368613,0.0,0.0
2000-08-01,P5,P5,3104.0,91.3,88.30000000000001,2.999999999999986,3.5311147292024287,-0.531114729202443,0.0,0.0
2000-09-01,P5,P5,3104.0,89.0,88.30000000000001,0.6999999999999886,1.863294372590488,-1.1632943725904994,0.0,0.0
2000-10-01,P5,P5,3104.0,85.5,88.7,-3.200000000000003,-0.09116159454174522,-3.1088384054582576,0.0,0.0
2000-11-01,P5,P5,3104.0,84.3,88.7,-4.400000000000006,0.15813356118280808,-4.558133561182814,0.0,0.0
2000-12-01,P5,P5,3104.0,88.8,88.30000000000001,0.4999999999999858,1.3237253486224034,-0.8237253486224176,0.0,0.0
2001-01-01,P5,P5,3119.0,78.9,88.6,-9.699999999999989,-3.0644353496679884,-6.635564650332,0.0,0.0
2001-02-01,P5,P5,3119.0,85.4,88.6,-3.1999999999999886,-2.7012653834680833,-0.4987346165319053,0.0,0.0
2001-03-01,P5,P5,3119.0,89.2,88.6,0.6000000000000085,-3.820162940761776,4.420162940761784,0.0,0.0
2001-04-01,P5,P5,3128.0,87.0,88.9,-1.9000000000000057,1.6975147663683856,-3.5975147663683913,0.0,0.0
2001-05-01,P5,P5,3128.0,91.3,88.9,2.3999999999999915,2.3687306301680167,0.031269369831974814,0.0,0.0
2001-06-01,P5,P5,3128.0,93.5,88.9,4.599999999999994,1.5804831764221774,3.019516823577817,0.0,0.0
2001-07-01,P5,P5,3128.0,94.2,88.9,5.299999999999997,-0.17265136841821516,5.472651368418212,0.0,0.0
2001-08-01,P5,P5,3128.0,92.3,88.9,3.3999999999999915,-0.5957843315693623,3.9957843315693538,0.0,0.0
2001-09-01,P5,P5,3129.0,88.9,88.9,0.0,-1.315326519697578,1.315326519697578,0.0,0.0
2001-10-01,P5,P5,3129.0,90.0,88.85,1.1500000000000057,-0.8581393931142287,2.0081393931142344,0.0,0.0
2001-11-01,P5,P5,3131.0,91.0,89.05000000000001,1.9499999999999886,-0.6380762939637776,2.5880762939637663,0.0,0.0
2001-12-01,P5,P5,3131.0,86.6,89.6,-3.0,-2.555984573518657,-0.44401542648134296,0.0,0.0
2002-01-01,P5,P5,3128.0,83.5,89.6,-6.099999999999994,-4.546323728480857,-1.5536762715191372,0.0,0.0
2002-02-01,P5,P5,3128.0,78.7,89.6,-10.899999999999991,-5.6573526136563,-5.242647386343691,0.0,0.0
2002-03-01,P5,P5,3128.0,89.1,89.6,-0.5,-4.393059226213012,3.893059226213012,0.0,0.0
2002-04-01,P5,P5,3128.0,93.0,89.55,3.450000000000003,0.7703493231306169,2.679650676869386,0.0,0.0
2002-05-01,P5,P5,3128.0,89.6,90.5,-0.9000000000000057,-0.7768727333234011,-0.12312726667660456,0.0,0.0
2002-06-01,P5,P5,3131.0,91.1,89.8,1.2999999999999972,0.9667573681492172,0.33324263185077996,0.0,0.0
2002-07-01,P5,P5,3131.0,94.4,89.8,4.6000000000000085,1.3169303578891345,3.283069642110874,0.0,0.0
2002-08-01,P5,P5,3131.0,94.9,89.8,5.1000000000000085,0.7392639298290078,4.360736070171001,0.0,0.0
2002-09-01,P5,P5,3131.0,94.5,89.8,4.700000000000003,-1.7691111596484461,6.469111159648449,0.0,0.0
2002-10-01,P5,P5,3131.0,92.0,90.5,1.5,-4.26052260476817,5.76052260476817,0.0,0.0
2002-11-01,P5,P5,3131.0,89.7,91.05,-1.3499999999999943,1.6770098462183256,-3.02700984621832,0.0,0.0
2002-12-01,P5,P5,3131.0,88.8,90.4,-1.6000000000000085,0.19261463663748657,-1.792614636637495,0.0,0.0
2003-01-01,P5,P5,3145.0,86.3,90.4,-4.1000000000000085,-4.113476375551556,0.013476375551547903,0.0,0.0
2003-02-01,P5,P5,3145.0,83.6,90.4,-6.800000000000011,-3.870703275127312,-2.9292967248726995,0.0,0.0
2003-03-01,P5,P5,3145.0,87.3,90.4,-3.1000000000000085,-0.7931596878333096,-2.306840312166699,0.0,0.0
2003-04-01,P5,P5,3145.0,92.5,90.4,2.0999999999999943,2.7897278211229803,-0.689727821122986,0.0,0.0
2003-05-01,P5,P5,3145.0,92.0,90.4,1.5999999999999943,4.458536037029361,-2.858536037029367,0.0,0.0
2003-06-01,P5,P5,3145.0,92.9,91.55,1.3500000000000085,2.777877088907914,-1.4278770889079055,0.0,0.0
2003-07-01,P5,P5,3145.0,93.7,92.0,1.7000000000000028,2.166651867986019,-0.4666518679860161,0.0,0.0
2003-08-01,P5,P5,3145.0,94.9,92.0,2.9000000000000057,3.135830277348333,-0.2358302773483274,0.0,0.0
2003-09-01,P5,P5,3145.0,91.9,92.0,-0.09999999999999432,1.2278352928725695,-1.3278352928725639,0.0,0.0
2003-10-01,P5,P5,3145.0,94.0,91.95,2.049999999999997,-0.41247731072367344,2.4624773107236706,0.0,0.0
2003-11-01,P5,P5,3145.0,93.7,91.95,1.75,0.7756705278242038,0.9743294721757962,0.0,0.0
2003-12-01,P5,P5,3145.0,92.7,92.25,0.45000000000000284,-0.3491401958442708,0.7991401958442736,0.0,0.0
2004-01-01,P5,P5,3163.0,88.9,92.6,-3.6999999999999886,-4.283296713830225,0.5832967138302365,0.0,0.0
2004-02-01,P5,P5,3163.0,89.3,92.6,-3.299999999999997,-4.517934377811358,1.2179343778113605,0.0,0.0
2004-03-01,P5,P5,3163.0,88.1,92.6,-4.5,-4.848882836175505,0.3488828361755054,0.0,0.0
2004-04-01,P5,P5,3163.0,91.7,92.6,-0.8999999999999915,-0.8758278859428543,-0.02417211405713715,0.0,0.0
2004-05-01,P5,P5,3163.0,88.1,92.35,-4.25,2.5745665941418565,-6.8245665941418565,0.0,0.0
2004-06-01,P5,P5,3163.0,93.1,92.30000000000001,0.799999999999983,4.447916025792722,-3.647916025792739,0.0,0.0
2004-07-01,P5,P5,3164.0,93.8,92.30000000000001,1.4999999999999858,3.722665323454109,-2.222665323454123,0.0,0.0
2004-08-01,P5,P5,3164.0,94.3,92.30000000000001,1.9999999999999858,4.0857156606357705,-2.0857156606357847,0.0,0.0
2004-09-01,P5,P5,3164.0,90.5,92.30000000000001,-1.8000000000000114,-2.8994719240276368,1.0994719240276254,0.0,0.0
2004-10-01,P5,P5,3164.0,85.2,92.2,-7.0,-2.5775261384736297,-4.42247386152637,0.0,0.0
2004-11-01,P5,P5,3164.0,91.2,91.1,0.10000000000000853,1.5843099232387772,-1.4843099232387686,0.0,0.0
2004-12-01,P5,P5,3164.0,90.9,90.85,0.05000000000001137,2.2788512022400766,-2.2288512022400653,0.0,0.0
2005-01-01,P5,P5,3166.0,90.5,90.7,-0.20000000000000284,-2.099562119439639,1.8995621194396364,0.0,0.0
2005-02-01,P5,P5,3165.0,85.6,90.7,-5.1000000000000085,-2.829120922335477,-2.2708790776645316,0.0,0.0
2005-03-01,P5,P5,3165.0,89.9,90.7,-0.7999999999999972,-2.6538391705106648,1.8538391705106676,0.0,0.0
2005-04-01,P5,P5,3165.0,90.5,90.7,-0.20000000000000284,-0.5947233373289578,0.3947233373289549,0.0,0.0
2005-05-01,P5,P5,3165.0,88.1,90.5,-2.4000000000000057,0.6756566743952845,-3.0756566743952902,0.0,0.0
2005-06-01,P5,P5,3165.0,96.1,90.5,5.599999999999994,3.5453758380225366,2.0546241619774577,0.0,0.0
2005-07-01,P5,P5,3165.0,92.7,90.5,2.200000000000003,0.6632089553397549,1.536791044660248,0.0,0.0
2005-08-01,P5,P5,3156.0,91.3,90.5,0.7999999999999972,-0.8184605836884344,1.6184605836884316,0.0,0.0
2005-09-01,P5,P5,3156.0,94.4,90.5,3.9000000000000057,-9.191544312469802,13.091544312469807,0.0,0.0
2005-10-01,P5,P5,3156.0,89.7,90.7,-1.0,-11.425540310542715,10.425540310542715,0.0,0.0
2005-11-01,P5,P5,3156.0,96.0,90.7,5.299999999999997,-3.4685824005281916,8.768582400528189,0.0,0.0
2005-12-01,P5,P5,3156.0,95.3,90.7,4.599999999999994,-2.602369599393299,7.202369599393293,0.0,0.0
2006-01-01,P5,P5,3173.0,90.8,90.9,-0.10000000000000853,-4.032381491042884,3.932381491042875,0.0,0.0
2006-02-01,P5,P5,3173.0,88.4,91.05,-2.6499999999999915,-4.163386425933595,1.5133864259336036,0.0,0.0
2006-03-01,P5,P5,3173.0,88.8,91.05,-2.25,-4.318823069770787,2.0688230697707866,0.0,0.0
2006-04-01,P5,P5,3173.0,90.8,91.05,-0.25,-1.3219531943121012,1.0719531943121012,0.0,0.0
2006-05-01,P5,P5,3173.0,92.2,91.05,1.1500000000000057,2.561641153328324,-1.4116411533283184,0.0,0.0
2006-06-01,P5,P5,3173.0,94.7,91.75,2.950000000000003,4.360732637429294,-1.410732637429291,0.0,0.0
2006-07-01,P5,P5,3173.0,93.9,91.75,2.1500000000000057,3.8796418653251976,-1.729641865325192,0.0,0.0
2006-08-01,P5,P5,3173.0,92.6,91.75,0.8499999999999943,4.543213417098897,-3.693213417098903,0.0,0.0
2006-09-01,P5,P5,3173.0,92.7,92.4,0.29999999999999716,4.368383683835546,-4.068383683835549,0.0,0.0
2006-10-01,P5,P5,3180.0,87.1,92.4,-5.300000000000011,-1.4531368267017086,-3.8468631732983027,0.0,0.0
2006-11-01,P5,P5,3180.0,83.5,92.4,-8.900000000000006,-1.32102372975325,-7.578976270246756,0.0,0.0
2006-12-01,P5,P5,3180.0,90.7,91.5,-0.7999999999999972,1.8926155541108614,-2.6926155541108585,0.0,0.0
2007-01-01,P5,P5,3186.0,86.2,90.8,-4.599999999999994,-1.1324950463783523,-3.467504953621642,0.0,0.0
2007-02-01,P5,P5,3186.0,80.1,90.75,-10.650000000000006,-4.700177756296782,-5.949822243703224,0.0,0.0
2007-03-01,P5,P5,3186.0,79.0,90.75,-11.75,-2.3389510437717007,-9.4110489562283,0.0,0.0
2007-04-01,P5,P5,3186.0,87.7,90.75,-3.049999999999997,-1.2509888769617277,-1.7990111230382695,0.0,0.0
2007-05-01,P5,P5,3186.0,91.0,89.2,1.7999999999999972,0.2772066799283124,1.5227933200716848,0.0,0.0
2007-06-01,P5,P5,3186.0,86.6,89.2,-2.6000000000000085,-0.4593958528907933,-2.140604147109215,0.0,0.0
2007-07-01,P5,P5,3186.0,89.9,87.4,2.5,2.8845539680305166,-0.38455396803051656,0.0,0.0
2007-08-01,P5,P5,3186.0,92.4,87.4,5.0,2.504082086230028,2.495917913769972,0.0,0.0
2007-09-01,P5,P5,3190.0,89.7,87.4,2.299999999999997,0.5873269681074049,1.7126730318925922,0.0,0.0
2007-10-01,P5,P5,3190.0,85.8,87.4,-1.6000000000000085,-0.9131257799010939,-0.6868742200989146,0.0,0.0
2007-11-01,P5,P5,3190.0,91.0,87.15,3.8499999999999943,0.5421610560207455,3.307838943979249,0.0,0.0
2007-12-01,P5,P5,3190.0,90.9,88.7,2.200000000000003,0.03356179609686194,2.166438203903141,0.0,0.0
2008-01-01,P5,P5,3195.0,87.1,88.7,-1.6000000000000085,-2.828478713726554,1.2284787137265454,0.0,0.0
2008-02-01,P5,P5,3195.0,86.5,88.7,-2.200000000000003,-3.6312241238328653,1.4312241238328625,0.0,0.0
2008-03-01,P5,P5,3195.0,87.8,88.7,-0.9000000000000057,-5.376867277359821,4.4768672773598155,0.0,0.0
2008-04-01,P5,P5,3195.0,83.6,88.75,-5.150000000000006,-2.4340888995959347,-2.715911100404071,0.0,0.0
2008-05-01,P5,P5,3195.0,85.8,88.75,-2.950000000000003,0.1955366025770644,-3.1455366025770672,0.0,0.0
2008-06-01,P5,P5,3195.0,91.2,87.44999999999999,3.750000000000014,0.9692006301790173,2.780799369820997,0.0,0.0
2008-07-01,P5,P5,3195.0,90.2,88.75,1.4500000000000028,0.09097925409621155,1.3590207459037913,0.0,0.0
2008-08-01,P5,P5,3195.0,90.5,88.75,1.75,-1.6088503881525185,3.3588503881525185,0.0,0.0
2008-09-01,P5,P5,3195.0,91.0,88.75,2.25,-13.41859555204428,15.66859555204428,0.0,0.0
2008-10-01,P5,P5,3195.0,89.6,89.0,0.5999999999999943,-1.9275309062004595,2.527530906200454,0.0,0.0
2008-11-01,P5,P5,3195.0,89.3,89.9,-0.6000000000000085,-0.8558150817393084,0.2558150817392999,0.0,0.0
2008-12-01,P5,P5,3195.0,84.4,89.44999999999999,-5.049999999999983,-2.0270559503843373,-3.0229440496156457,0.0,0.0
2009-01-01,P5,P5,3216.0,80.1,88.55,-8.450000000000003,-3.4817919654750824,-4.96820803452492,0.0,0.0
2009-02-01,P5,P5,3216.0,82.1,88.55,-6.450000000000003,-4.013498795716018,-2.436501204283985,0.0,0.0
2009-03-01,P5,P5,3216.0,80.7,88.55,-7.849999999999994,-4.060969370636798,-3.7890306293631966,0.0,0.0
2009-04-01,P5,P5,3216.0,79.3,87.55,-8.25,-2.858830393724176,-5.391169606275824,0.0,0.0
2009-05-01,P5,P5,3216.0,81.7,87.55,-5.849999999999994,-0.6518880889116616,-5.198111911088333,0.0,0.0
2009-06-01,P5,P5,3216.0,84.0,86.85,-2.8499999999999943,2.025930193064113,-4.875930193064107,0.0,0.0
2009-07-01,P5,P5,3225.0,79.1,84.2,-5.1000000000000085,0.271491705667799,-5.3714917056678075,0.0,0.0
2009-08-01,P5,P5,3225.0,75.5,83.05,-7.549999999999997,0.14533368293153615,-7.695333682931533,0.0,0.0
2009-09-01,P5,P5,3225.0,82.2,81.9,0.29999999999999716,0.992129678633134,-0.6921296786331368,0.0,0.0
2009-10-01,P5,P5,3232.0,78.4,81.9,-3.5,-2.5393707048585696,-0.9606292951414304,0.0,0.0
2009-11-01,P5,P5,3232.0,77.3,81.2,-3.9000000000000057,-2.905678369743484,-0.9943216302565219,0.0,0.0
2009-12-01,P5,P5,3232.0,81.4,80.4,1.0,-2.045260143167795,3.045260143167795,0.0,0.0
2010-01-01,P5,P5,3232.0,76.9,80.4,-3.5,-2.544076315350978,-0.9559236846490222,0.0,0.0
2010-02-01,P5,P5,3219.0,78.2,80.0,-1.7999999999999972,-0.9728210957448766,-0.8271789042551205,0.0,0.0
2010-03-01,P5,P5,3219.0,79.9,79.19999999999999,0.700000000000017,1.1390421221211682,-0.4390421221211511,0.0,0.0
2010-04-01,P5,P5,3219.0,82.0,79.19999999999999,2.8000000000000114,5.683231258784531,-2.8832312587845195,0.0,0.0
2010-05-01,P5,P5,3219.0,76.1,79.5,-3.4000000000000057,4.576182251267923,-7.976182251267929,0.0,0.0
2010-06-01,P5,P5,3153.0,84.3,78.75,5.549999999999997,7.009532553880007,-1.4595325538800097,0.0,0.0
2010-07-01,P5,P5,3219.0,83.3,78.75,4.549999999999997,7.5007543973214155,-2.9507543973214183,0.0,0.0
2010-08-01,P5,P5,3219.0,79.6,79.15,0.44999999999998863,5.4621446439964245,-5.012144643996436,0.0,0.0
2010-09-01,P5,P5,3219.0,80.4,79.75,0.6500000000000057,2.37174084871468,-1.7217408487146741,0.0,0.0
2010-10-01,P5,P5,3153.0,81.1,79.75,1.3499999999999943,-2.2929008124657884,3.6429008124657827,0.0,0.0
2010-11-01,P5,P5,3153.0,84.0,80.15,3.8499999999999943,1.690177690500903,2.1598223094990914,0.0,0.0
2010-12-01,P5,P5,3219.0,81.8,80.75,1.0499999999999972,1.9094557576161009,-0.8594557576161037,0.0,0.0
2011-01-01,P5,P5,3128.0,76.4,80.75,-4.349999999999994,-2.5848725498490808,-1.7651274501509135,0.0,0.0
2011-02-01,P5,P5,3128.0,78.3,80.75,-2.450000000000003,-7.327799764146874,4.8777997641468716,0.0,0.0
2011-03-01,P5,P5,3128.0,84.0,80.75,3.25,-3.0169636588303064,6.266963658830306,0.0,0.0
2011-04-01,P5,P5,3128.0,81.0,81.44999999999999,-0.44999999999998863,-4.413265175434006,3.9632651754340174,0.0,0.0
2011-05-01,P5,P5,3128.0,78.1,81.05,-2.950000000000003,-1.2003964333927684,-1.7496035666072345,0.0,0.0
2011-06-01,P5,P5,3128.0,85.0,81.05,3.950000000000003,3.0888931177295547,0.8611068822704482,0.0,0.0
2011-07-01,P5,P5,3128.0,89.1,81.05,8.049999999999997,4.34010809207696,3.709891907923037,0.0,0.0
2011-08-01,P5,P5,3128.0,87.5,81.05,6.450000000000003,4.380295271419584,2.069704728580419,0.0,0.0
2011-09-01,P5,P5,3128.0,87.5,81.44999999999999,6.050000000000011,2.8607993025409684,3.189200697459043,0.0,0.0
2011-10-01,P5,P5,3128.0,76.4,82.9,-6.5,-1.0681303923017822,-5.431869607698218,0.0,0.0
2011-11-01,P5,P5,3128.0,77.6,82.9,-5.300000000000011,1.0873891858996387,-6.38738918589965,0.0,0.0
2011-12-01,P5,P5,3128.0,81.4,81.4,0.0,0.33269005987654054,-0.33269005987654054,0.0,0.0
2012-01-01,P5,P5,3121.0,81.0,81.2,-0.20000000000000284,-0.32916998781435325,0.1291699878143504,0.0,0.0
2012-02-01,P5,P5,3121.0,79.2,81.2,-2.0,0.4897695021130488,-2.489769502113049,0.0,0.0
2012-03-01,P5,P5,3028.0,76.9,81.2,-4.299999999999997,-0.9341682733947749,-3.3658317266052222,0.0,0.0
2012-04-01,P5,P5,3028.0,77.5,81.0,-3.5,0.04029340754989619,-3.540293407549896,0.0,0.0
2012-05-01,P5,P5,3028.0,84.6,80.1,4.5,4.113698504641732,0.38630149535826774,0.0,0.0
2012-06-01,P5,P5,3028.0,91.0,81.2,9.799999999999997,5.767586512812088,4.03241348718791,0.0,0.0
2012-07-01,P5,P5,3028.0,90.5,81.2,9.299999999999997,5.701832934961772,3.5981670650382256,0.0,0.0
2012-08-01,P5,P5,3028.0,86.6,81.2,5.3999999999999915,4.320197952974922,1.079802047025069,0.0,0.0
2012-09-01,P5,P5,3032.0,85.3,81.2,4.099999999999994,0.8633927334268634,3.236607266573131,0.0,0.0
2012-10-01,P5,P5,3032.0,81.9,81.2,0.7000000000000028,0.31574655403017005,0.3842534459698328,0.0,0.0
2012-11-01,P5,P5,3032.0,80.7,81.65,-0.9500000000000028,1.4911961597054813,-2.441196159705484,0.0,0.0
2012-12-01,P5,P5,3032.0,79.5,81.65,-2.1500000000000057,2.993988010554702,-5.143988010554708,0.0,0.0
2013-01-01,P5,P5,3029.0,78.3,81.45,-3.1500000000000057,-4.301054150965342,1.1510541509653365,0.0,0.0
2013-02-01,P5,P5,3029.0,81.3,81.30000000000001,-1.4210854715202004e-14,-6.435909400926093,6.435909400926079,0.0,0.0
2013-03-01,P5,P5,3029.0,79.0,81.6,-2.5999999999999943,-4.391741892225056,1.7917418922250619,0.0,0.0
2013-04-01,P5,P5,3029.0,78.8,81.6,-2.799999999999997,-2.2841748101547807,-0.5158251898452164,0.0,0.0
2013-05-01,P5,P5,3029.0,82.3,81.6,0.7000000000000028,0.12441794500229264,0.5755820549977102,0.0,0.0
2013-06-01,P5,P5,3029.0,87.1,81.6,5.5,3.653008314087657,1.846991685912343,0.0,0.0
2013-07-01,P5,P5,3029.0,83.6,81.6,2.0,4.572732235947299,-2.5727322359472993,0.0,0.0
2013-08-01,P5,P5,3029.0,86.1,81.6,4.5,3.508927600248697,0.9910723997513031,0.0,0.0
2013-09-01,P5,P5,3029.0,87.3,81.6,5.700000000000003,2.7535011131555365,2.9464988868444664,0.0,0.0
2013-10-01,P5,P5,3029.0,86.4,81.6,4.800000000000011,-1.5120132825487076,6.312013282548719,0.0,0.0
2013-11-01,P5,P5,3029.0,85.5,81.8,3.700000000000003,2.1516567511213367,1.5483432488786661,0.0,0.0
2013-12-01,P5,P5,3029.0,87.9,82.94999999999999,4.950000000000017,2.60640406237944,2.3435959376205773,0.0,0.0
2014-01-01,P5,P5,3034.0,85.1,84.55,0.5499999999999972,-2.0476621917683104,2.5976621917683076,0.0,0.0
2014-02-01,P5,P5,3034.0,84.6,85.3,-0.7000000000000028,-2.792859112442187,2.0928591124421843,0.0,0.0
2014-03-01,P5,P5,3034.0,85.5,85.3,0.20000000000000284,-3.53877556429201,3.7387755642920126,0.0,0.0
2014-04-01,P5,P5,3034.0,86.7,85.5,1.2000000000000028,1.2502238171200304,-0.05022381712002755,0.0,0.0
2014-05-01,P5,P5,3034.0,83.4,85.8,-2.3999999999999915,-0.36476077640813287,-2.0352392235918586,0.0,0.0
2014-06-01,P5,P5,2907.0,84.8,85.8,-1.0,-0.31324120252595833,-0.6867587974740417,0.0,0.0
2014-07-01,P5,P5,2907.0,90.9,85.5,5.400000000000006,4.252851151976785,1.147148848023221,0.0,0.0
2014-08-01,P5,P5,2907.0,89.2,85.8,3.4000000000000057,3.28449501831453,0.11550498168547563,0.0,0.0
2014-09-01,P5,P5,2907.0,87.0,85.95,1.0499999999999972,1.3394176467065506,-0.28941764670655346,0.0,0.0
2014-10-01,P5,P5,2907.0,87.2,85.95,1.25,-2.6601266553334426,3.9101266553334426,0.0,0.0
2014-11-01,P5,P5,2907.0,88.6,86.1,2.5,1.4840699777208641,1.0159300222791359,0.0,0.0
2014-12-01,P5,P5,2907.0,90.9,86.85,4.050000000000011,3.620533449613191,0.42946655038682024,0.0,0.0
2015-01-01,P5,P5,2933.0,85.5,86.85,-1.3499999999999943,-2.6911980800303894,1.341198080030395,0.0,0.0
2015-02-01,P5,P5,2933.0,82.2,86.85,-4.6499999999999915,-3.3310176178191284,-1.318982382180863,0.0,0.0
2015-03-01,P5,P5,2933.0,83.9,86.85,-2.9499999999999886,-1.9847004794193026,-0.965299520580686,0.0,0.0
2015-04-01,P5,P5,2933.0,82.7,86.85,-4.1499999999999915,1.5410739863350216,-5.691073986335013,0.0,0.0
2015-05-01,P5,P5,2933.0,83.0,86.25,-3.25,1.4759285671822795,-4.7259285671822795,0.0,0.0
2015-06-01,P5,P5,2933.0,86.2,86.25,-0.04999999999999716,1.9511171025490341,-2.0011171025490313,0.0,0.0
2015-07-01,P5,P5,2933.0,90.6,86.6,4.0,3.0557377333776543,0.9442622666223457,0.0,0.0
2015-08-01,P5,P5,2933.0,91.4,86.6,4.800000000000011,1.8056859359291053,2.994314064070906,0.0,0.0
2015-09-01,P5,P5,2933.0,91.1,86.6,4.5,-1.3664700471523759,5.866470047152376,0.0,0.0
2015-10-01,P5,P5,2933.0,87.1,86.7,0.3999999999999915,-5.391860194227817,5.791860194227809,0.0,0.0
2015-11-01,P5,P5,2933.0,87.5,86.65,0.8499999999999943,-0.17437136473932924,1.0243713647393236,0.0,0.0
2015-12-01,P5,P5,2933.0,85.0,86.65,-1.6500000000000057,0.7643563390498116,-2.4143563390498173,0.0,0.0
2016-01-01,P5,P5,2924.0,87.1,85.85,1.25,-2.8886621436113273,4.138662143611327,0.0,0.0
2016-02-01,P5,P5,2924.0,83.9,86.65,-2.75,-3.5245577597056865,0.7745577597056865,0.0,0.0
2016-03-01,P5,P5,2924.0,87.1,86.65,0.44999999999998863,-2.9559891412146015,3.40598914121459,0.0,0.0
2016-04-01,P5,P5,2924.0,88.9,87.1,1.8000000000000114,-3.3241915540100706,5.124191554010082,0.0,0.0
2016-05-01,P5,P5,2924.0,83.3,87.1,-3.799999999999997,-1.198061517499255,-2.601938482500742,0.0,0.0
2016-06-01,P5,P5,2924.0,87.2,87.1,0.10000000000000853,0.8974965937010779,-0.7974965937010694,0.0,0.0
2016-07-01,P5,P5,2924.0,91.2,87.15,4.049999999999997,1.9364538985348076,2.1135461014651895,0.0,0.0
2016-08-01,P5,P5,2924.0,93.0,87.15,5.849999999999994,1.845090582742472,4.004909417257522,0.0,0.0
2016-09-01,P5,P5,2924.0,90.1,87.15,2.9499999999999886,0.15866812564314614,2.7913318743568425,0.0,0.0
2016-10-01,P5,P5,2924.0,77.4,87.15,-9.75,-4.723091402132766,-5.026908597867234,0.0,0.0
2016-11-01,P5,P5,2924.0,80.4,87.15,-6.75,-0.7153253582996655,-6.0346746417003345,0.0,0.0
2016-12-01,P5,P5,2924.0,83.5,87.1,-3.5999999999999943,1.564604565051667,-5.164604565051661,0.0,0.0
2017-01-01,P5,P5,2933.0,86.4,87.1,-0.6999999999999886,-1.2909573956955285,0.5909573956955398,0.0,0.0
2017-02-01,P5,P5,2933.0,80.7,86.75,-6.049999999999997,-4.720935372813216,-1.3290646271867814,0.0,0.0
2017-03-01,P5,P5,2933.0,86.0,86.75,-0.75,-1.5336044617988591,0.7836044617988591,0.0,0.0
2017-04-01,P5,P5,2933.0,91.3,86.2,5.099999999999994,3.0628079979218796,2.0371920020781147,0.0,0.0
2017-05-01,P5,P5,2933.0,86.0,86.2,-0.20000000000000284,4.190061117009321,-4.390061117009324,0.0,0.0
2017-06-01,P5,P5,2933.0,86.4,86.2,0.20000000000000284,3.60813550230921,-3.4081355023092073,0.0,0.0
2017-07-01,P5,P5,2933.0,90.0,86.2,3.799999999999997,4.277367966874067,-0.4773679668740698,0.0,0.0
2017-08-01,P5,P5,2933.0,93.2,86.2,7.0,2.0007160996122764,4.999283900387724,0.0,0.0
2017-09-01,P5,P5,2848.0,94.8,86.2,8.599999999999994,-5.504625985158484,14.104625985158478,0.0,0.0
2017-10-01,P5,P5,2848.0,85.7,86.2,-0.5,-2.034401815848369,1.5344018158483692,0.0,0.0
2017-11-01,P5,P5,2848.0,90.6,86.2,4.3999999999999915,2.161157463158389,2.2388425368416023,0.0,0.0
2017-12-01,P5,P5,2848.0,94.4,86.4,8.0,2.7932826214476307,5.206717378552369,0.0,0.0
2018-01-01,P5,P5,2838.0,90.1,88.2,1.8999999999999915,-1.6846375482906666,3.584637548290658,0.0,0.0
2018-02-01,P5,P5,2838.0,90.9,90.05,0.8500000000000085,-4.691675561087038,5.541675561087047,0.0,0.0
2018-03-01,P5,P5,2838.0,95.7,90.35,5.3500000000000085,-1.543237473017797,6.893237473017805,0.0,0.0
2018-04-01,P5,P5,2838.0,87.3,90.75,-3.450000000000003,-0.7025847497531146,-2.7474152502468883,0.0,0.0
2018-05-01,P5,P5,2838.0,87.5,90.35,-2.8499999999999943,0.9766870479464131,-3.8266870479464075,0.0,0.0
2018-06-01,P5,P5,2838.0,98.4,90.35,8.050000000000011,4.756702102519242,3.2932978974807696,0.0,0.0
2018-07-01,P5,P5,2838.0,97.2,90.75,6.450000000000003,2.8454057962662205,3.6045942037337824,0.0,0.0
2018-08-01,P5,P5,2838.0,98.3,92.05000000000001,6.249999999999986,4.369430611523725,1.8805693884762604,0.0,0.0
2018-09-01,P5,P5,2838.0,96.9,92.65,4.25,1.1854342670446414,3.0645657329553586,0.0,0.0
2018-10-01,P5,P5,2838.0,91.2,92.65,-1.4500000000000028,-2.9346981317058862,1.4846981317058834,0.0,0.0
2018-11-01,P5,P5,2838.0,94.3,92.80000000000001,1.4999999999999858,1.18699612759319,0.31300387240679584,0.0,0.0
2018-12-01,P5,P5,2838.0,92.0,94.35,-2.3499999999999943,2.084207320149261,-4.434207320149255,0.0,0.0
2019-01-01,P5,P5,2875.0,88.8,93.15,-4.3500000000000085,-2.350021763275919,-1.9999782367240897,0.0,0.0
2019-02-01,P5,P5,2875.0,87.4,93.15,-5.75,-7.418829249053999,1.6688292490539993,0.0,0.0
2019-03-01,P5,P5,2875.0,87.6,93.15,-5.550000000000011,-6.546741418759993,0.9967414187599815,0.0,0.0
2019-04-01,P5,P5,2875.0,82.3,91.6,-9.299999999999997,-4.573494568847721,-4.726505431152276,0.0,0.0
2019-05-01,P5,P5,2875.0,87.3,91.6,-4.299999999999997,-2.696488880081702,-1.603511119918295,0.0,0.0
2019-06-01,P5,P5,2875.0,92.0,91.6,0.4000000000000057,1.8820585207223672,-1.4820585207223615,0.0,0.0
2019-07-01,P5,P5,2875.0,93.0,91.6,1.4000000000000057,1.8091466168465615,-0.40914661684655584,0.0,0.0
2019-08-01,P5,P5,2875.0,94.3,91.6,2.700000000000003,2.6151703288993104,0.0848296711006924,0.0,0.0
2019-09-01,P5,P5,2875.0,83.0,91.6,-8.599999999999994,-3.2529140987683007,-5.347085901231694,0.0,0.0
2019-10-01,P5,P5,2875.0,89.1,90.0,-0.9000000000000057,-5.054577595831773,4.154577595831768,0.0,0.0
2019-11-01,P5,P5,2875.0,90.4,88.94999999999999,1.450000000000017,-0.19841831038331748,1.6484183103833345,0.0,0.0
2019-12-01,P5,P5,2875.0,90.0,88.94999999999999,1.0500000000000114,1.874360678398645,-0.8243606783986337,0.0,0.0
2020-01-01,P5,P5,2875.0,86.3,88.94999999999999,-2.6499999999999915,-1.7601471672117555,-0.889852832788236,0.0,0.0
2020-02-01,P5,P5,2875.0,88.2,88.35,-0.14999999999999147,-2.795048236131521,2.6450482361315295,0.0,0.0
2020-03-01,P5,P5,2875.0,79.3,88.65,-9.350000000000009,-6.728479939335571,-2.6215200606644373,0.0,0.0
2020-04-01,P5,P5,2875.0,63.3,88.65,-25.35000000000001,-19.608449374411464,-5.741550625588545,0.0,0.0
2020-05-01,P5,P5,2875.0,62.5,88.65,-26.150000000000006,-17.749593955618465,-8.40040604438154,0.0,0.0
2020-06-01,P5,P5,2875.0,66.5,88.65,-22.150000000000006,-12.53865358825172,-9.611346411748286,0.0,0.0
2020-07-01,P5,P5,2875.0,68.9,87.25,-18.349999999999994,-8.311379576650793,-10.038620423349201,1.0,0.21031518624641826
2020-08-01,P5,P5,2875.0,71.5,84.65,-13.150000000000006,-7.452153046431349,-5.697846953568657,0.0,0.0
2020-09-01,P5,P5,2714.0,78.1,81.15,-3.0500000000000114,-7.516117990010656,4.466117990010645,0.0,0.0
2020-10-01,P5,P5,2714.0,75.4,78.69999999999999,-3.299999999999983,-6.021330173764042,2.721330173764059,0.0,0.0
2020-11-01,P5,P5,2714.0,75.3,76.75,-1.4500000000000028,0.03481843981231236,-1.4848184398123152,0.0,0.0
2020-12-01,P5,P5,2714.0,73.0,75.35,-2.3499999999999943,-0.026487466012298455,-2.323512533987696,0.0,0.0
2021-01-01,P5,P5,2714.0,73.3,74.15,-0.8500000000000085,3.6241423510696364,-4.474142351069645,0.0,0.0
2021-02-01,P5,P5,2714.0,74.4,73.15,1.25,-8.370016179461572,9.620016179461572,0.0,0.0
2021-03-01,P5,P5,2714.0,81.3,73.15,8.149999999999991,3.9445651413525127,4.205434858647479,0.0,0.0
2021-04-01,P5,P5,2714.0,82.6,73.15,9.449999999999989,8.349970844921373,1.1000291550786159,0.0,0.0
2021-05-01,P5,P5,2714.0,84.2,73.85,10.350000000000009,9.985723243562333,0.36427675643767543,0.0,0.0
2021-06-01,P5,P5,2714.0,88.3,74.85,13.450000000000003,13.169392024765273,0.28060797523473013,0.0,0.0
2021-07-01,P5,P5,2714.0,85.9,75.35,10.550000000000011,11.447102849337057,-0.8971028493370454,0.0,0.0
2021-08-01,P5,P5,2714.0,88.0,76.75,11.25,9.763881663206135,1.486118336793865,0.0,0.0
2021-09-01,P5,P5,2714.0,88.7,79.69999999999999,9.000000000000014,4.949066531351733,4.050933468648282,0.0,0.0
2021-10-01,P5,P5,2715.0,84.2,81.94999999999999,2.250000000000014,1.6196768040674954,0.6303231959325188,0.0,0.0
2021-11-01,P5,P5,2715.0,83.0,83.4,-0.4000000000000057,2.9547550627955985,-3.354755062795604,0.0,0.0
2021-12-01,P5,P5,2715.0,83.2,83.6,-0.3999999999999915,4.509675954944001,-4.909675954943992,0.0,0.0
2022-01-01,P5,P5,2650.0,81.7,83.7,-2.0,0.9717961709332457,-2.9717961709332457,0.0,0.0
2022-02-01,P5,P5,2650.0,84.7,83.7,1.0,-0.11785924044673379,1.1178592404467338,0.0,0.0
2022-03-01,P5,P5,2650.0,90.6,84.2,6.3999999999999915,2.498611347788568,3.9013886522114234,0.0,0.0
2022-04-01,P5,P5,2650.0,83.8,84.45,-0.6500000000000057,0.8188208344334242,-1.46882083443343,0.0,0.0
2022-05-01,P5,P5,2650.0,87.1,84.45,2.6499999999999915,3.8075718798753257,-1.1575718798753343,0.0,0.0
2022-06-01,P5,P5,2650.0,88.3,85.30000000000001,2.999999999999986,5.296824045034697,-2.296824045034711,0.0,0.0
2022-07-01,P5,P5,2650.0,84.5,85.30000000000001,-0.8000000000000114,3.908843017409808,-4.708843017409819,0.0,0.0
2022-08-01,P5,P5,2650.0,88.0,84.6,3.4000000000000057,4.021646537124667,-0.6216465371246613,0.0,0.0
2022-09-01,P5,P5,2651.0,86.4,84.6,1.8000000000000114,1.9168325150909453,-0.11683251509093395,0.0,0.0
2022-10-01,P5,P5,2651.0,85.1,84.6,0.5,-1.0836130062756126,1.5836130062756126,0.0,0.0
2022-11-01,P5,P5,2651.0,91.2,84.9,6.299999999999997,2.722868854267446,3.577131145732551,0.0,0.0
2022-12-01,P5,P5,2651.0,89.4,85.75,3.6500000000000057,-4.00716268388129,7.657162683881296,0.0,0.0
2023-01-01,P5,P5,2650.0,82.4,86.75,-4.349999999999994,-5.506346336437403,1.1563463364374087,0.0,0.0
2023-02-01,P5,P5,2620.0,84.8,86.75,-1.9500000000000028,-5.361521367716023,3.41152136771602,0.0,0.0
2023-03-01,P5,P5,2620.0,89.2,86.75,2.450000000000003,-4.281691673182095,6.731691673182098,0.0,0.0
2023-04-01,P5,P5,2620.0,87.0,86.75,0.25,-1.2957978870469589,1.5457978870469589,0.0,0.0
2023-05-01,P5,P5,2620.0,89.1,87.05,2.049999999999997,0.33844951306251403,1.7115504869374831,0.0,0.0
2023-06-01,P5,P5,2620.0,95.5,87.5,8.0,2.105373768355207,5.894626231644793,0.0,0.0
2023-07-01,P5,P5,2620.0,93.3,87.5,5.799999999999997,2.770969788885907,3.0290302111140903,0.0,0.0
2023-08-01,P5,P5,2620.0,92.6,88.55,4.049999999999997,3.135188265243187,0.9148117347568103,0.0,0.0
2023-09-01,P5,P5,2620.0,94.9,89.15,5.75,0.4625470655934407,5.287452934406559,0.0,0.0
2023-10-01,P5,P5,2620.0,86.2,89.30000000000001,-3.1000000000000085,-4.20253740778314,1.1025374077831316,0.0,0.0
2023-11-01,P5,P5,2620.0,86.1,89.30000000000001,-3.200000000000017,-0.9121479936960668,-2.2878520063039502,0.0,0.0
2023-12-01,P5,P5,2620.0,90.7,89.15,1.5499999999999972,3.094770982061121,-1.5447709820611237,0.0,0.0
2024-01-01,P5,P5,2590.0,86.4,89.15,-2.75,-4.678007099547997,1.9280070995479974,0.0,0.0
2024-02-01,P5,P5,2590.0,84.2,89.15,-4.950000000000003,-8.066926209595309,3.116926209595306,0.0,0.0
2024-03-01,P5,P5,2531.0,88.2,89.15,-0.9500000000000028,-2.0663207301703608,1.116320730170358,0.0,0.0
2024-04-01,P5,P5,2531.0,88.8,88.65,0.14999999999999147,-1.3156876806178701,1.4656876806178616,0.0,0.0
2024-05-01,P5,P5,2531.0,90.4,88.94999999999999,1.450000000000017,2.846553657251718,-1.396553657251701,0.0,0.0
2024-06-01,P5,P5,2542.0,93.9,89.6,4.300000000000011,3.5301973770254733,0.769802622974538,0.0,0.0
2024-07-01,P5,P5,2542.0,94.9,89.6,5.300000000000011,1.7560659344293583,3.543934065570653,0.0,0.0
2024-08-01,P5,P5,2542.0,95.7,89.6,6.1000000000000085,3.3213672706715016,2.778632729328507,0.0,0.0
2024-09-01,P5,P5,2542.0,92.8,89.6,3.200000000000003,-0.22300687713322986,3.4230068771332327,0.0,0.0
2024-10-01,P5,P5,2542.0,89.0,89.6,-0.5999999999999943,-0.48206324847386384,-0.11793675152613048,0.0,0.0
2024-11-01,P5,P5,2542.0,91.7,89.7,2.0,1.411020230486443,0.588979769513557,0.0,0.0
2024-12-01,P5,P5,2542.0,90.8,90.55000000000001,0.2499999999999858,2.0055192230598777,-1.755519223059892,0.0,0.0
2025-01-01,P5,P5,2558.0,90.2,90.6,-0.3999999999999915,-3.864208728785343,3.4642087287853514,0.0,0.0
2025-02-01,P5,P5,2558.0,88.7,90.6,-1.8999999999999915,-5.788562832128818,3.8885628321288266,0.0,0.0
2025-03-01,P5,P5,2558.0,86.1,90.6,-4.5,-1.5488315282628662,-2.951168471737134,0.0,0.0
2025-04-01,P5,P5,2558.0,79.5,90.6,-11.099999999999994,-0.1902169145301542,-10.90978308546984,1.0,0.12251655629139067
2025-05-01,P5,P5,2558.0,85.0,90.6,-5.599999999999994,3.116587780895756,-8.71658778089575,0.0,0.0
2025-06-01,P5,P5,2558.0,92.3,90.5,1.7999999999999972,4.399165832765135,-2.599165832765138,0.0,0.0
2025-07-01,P5,P5,2558.0,91.8,90.5,1.2999999999999972,4.556888425133408,-3.256888425133411,0.0,0.0
2025-08-01,P5,P5,2558.0,94.2,90.5,3.700000000000003,4.182845145578327,-0.4828451455783238,0.0,0.0
2025-09-01,P5,P5,2559.0,90.3,90.5,-0.20000000000000284,1.9734256330037283,-2.173425633003731,0.0,0.0
2025-10-01,P5,P5,2559.0,82.2,90.25,-8.049999999999997,-4.165038185158082,-3.8849618148419154,0.0,0.0
2025-11-01,P5,P5,2420.0,83.2,90.25,-7.049999999999997,1.1476831666894185,-8.197683166689416,0.0,0.0
2025-12-01,P5,P5,2420.0,88.5,89.45,-0.9500000000000028,2.674922367080086,-3.6249223670800887,0.0,0.0
2026-01-01,P5,P5,2420.0,88.1,88.6,-0.5,-1.8881275518184708,1.3881275518184708,0.0,0.0
2026-02-01,P5,P5,2420.0,83.7,88.3,-4.599999999999994,-4.347140876342209,-0.2528591236577853,0.0,0.0
2026-03-01,P5,P5,2275.0,89.7,87.1,2.6000000000000085,-1.6661842624423713,4.26618426244238,0.0,0.0
2026-04-01,P5,P5,2275.0,86.5,88.3,-1.7999999999999972,-3.2261287531445646,1.4261287531445674,0.0,0.0
2026-05-01,P5,P5,2275.0,86.5,88.3,-1.7999999999999972,0.6417257502912719,-2.441725750291269,0.0,0.0
2026-06-01,P5,P5,2275.0,94.3,88.3,6.0,3.1450487282120463,2.8549512717879537,0.0,0.0
2026-07-01,P5,P5,2277.0,91.3,88.3,3.0,3.2509939174965723,-0.2509939174965723,0.0,0.0
